1789076361.574499056,2184, 11.15, 0
1789076363.609039945,2184, 23.76, 0
1789076365.664043953,2184, 25.09, 86
1789076367.709513460,2184, 24.79, 89
1789076369.754729622,2184, 25.95, 91
1789076371.795857874,2184, 24.92, 80
1789076373.838372856,2184, 25.26, 91
1789076375.885675309,2184, 24.90, 90
1789076377.927310992,2184, 24.14, 90
1789076379.973202997,2184, 22.13, 91
1789076382.011772125,2184, 22.22, 87
1789076384.057486845,2184, 22.45, 88
1789076386.100317171,2184, 22.55, 91
1789076388.140652430,2184, 22.48, 91
1789076390.185603529,2184, 22.53, 90
1789076392.228016040,2184, 22.61, 89
1789076394.269590936,2184, 22.49, 91
1789076396.305828708,2184, 22.74, 89
1789076398.356084307,2184, 22.95, 88
1789076400.399809252,2184, 22.98, 91
1789076402.452467382,2177, 25.23, 83
1789076404.495467346,2184, 23.09, 90
1789076406.526753406,2184, 22.45, 90
1789076408.572546476,2184, 23.72, 89
1789076410.640652340,2184, 23.90, 94
1789076412.686534571,2177, 23.90, 96
1789076414.720784642,2177, 24.65, 85
1789076416.800312767,2177, 24.29, 96
1789076418.846862714,2177, 24.92, 96
1789076420.885631097,2177, 25.06, 96
1789076422.924218053,2184, 23.90, 80
1789076424.966735665,2177, 23.86, 79
1789076426.995322371,2177, 23.73, 93
1789076429.040021810,2177, 27.24, 80
1789076431.097609480,2177, 27.76, 77
1789076433.133536969,2177, 27.99, 92
1789076435.188662783,2177, 27.04, 88
1789076437.233940317,2177, 27.44, 80
1789076439.290776935,2177, 24.44, 80
1789076441.348071979,2177, 25.72, 81
1789076443.405063692,2177, 27.08, 91
1789076445.472936123,2177, 27.84, 91
1789076447.529875092,2177, 28.04, 95
1789076449.586320427,2177, 28.16, 96
1789076451.641220083,2177, 24.90, 96
1789076453.681011809,2177, 24.95, 92
1789076455.731957515,2177, 26.35, 96
1789076457.782163539,2177, 27.65, 96
1789076459.825495915,2177, 24.38, 96
1789076461.876128873,2177, 24.07, 96
1789076463.929649579,2177, 23.93, 81
1789076465.976485515,2177, 24.70, 81
1789076468.026983356,2177, 24.09, 84
1789076470.073328421,2177, 24.06, 93
1789076472.105501104,2177, 23.98, 93
1789076474.149573334,2177, 23.71, 92
1789076476.189326914,2177, 24.05, 93
1789076478.226060963,2184, 12.61, 0
1789076480.264842712,2184, 14.65, 96
1789076482.283492337,2184, 14.52, 96
1789076484.315296848,2184, 14.56, 96
1789076486.347518105,2177, 23.36, 96
1789076488.382317749,2184, 21.89, 96
1789076490.420763267,2177, 24.24, 96
1789076492.456691906,2177, 24.29, 96
1789076494.485424319,2177, 22.48, 96
1789076496.523313103,2177, 26.89, 96
1789076498.566096492,2184, 14.61, 0
1789076500.599084094,2177, 27.34, 96
1789076502.645521446,2177, 29.80, 96
1789076504.672187390,2184, 12.70, 0
1789076506.701123819,2184, 26.61, 96
1789076508.765882274,2177, 28.99, 96
1789076510.835461046,2177, 28.30, 96
1789076512.878471244,2184, 17.68, 96
1789076514.923396712,2177, 33.71, 96
1789076516.955053058,2177, 27.71, 96
1789076518.982502913,2184, 13.16, 0
1789076532.011172603,2184, 14.29, 96
1789076534.040477264,2184, 14.23, 96
1789076536.073059750,2184, 16.77, 96
1789076538.115005534,2184, 26.31, 96
1789076540.145062430,2184, 19.36, 96
1789076542.171948961,2184, 21.38, 96
1789076544.203964575,2184, 24.80, 96
1789076546.241420154,2177, 24.96, 96
1789076548.279933275,2184, 25.01, 96
1789076550.316544459,2184, 15.78, 0
1789076552.343348718,2184, 13.19, 0
1789076554.376225627,2184, 24.49, 96
1789076556.410713501,2184, 26.54, 96
1789076558.451058810,2184, 26.30, 96
1789076560.492197806,2184, 22.59, 92
1789076562.535830293,2184, 22.54, 93
1789076564.581252721,2184, 23.09, 93
1789076566.624516461,2184, 22.29, 94
1789076568.661408417,2184, 22.73, 94
1789076570.702372437,2184, 22.98, 93
1789076572.743085043,2184, 22.59, 81
1789076574.819326943,2184, 23.38, 90
1789076576.866045073,2184, 22.59, 90
1789076578.913526041,2184, 22.83, 91
1789076580.961696777,2184, 22.89, 92
1789076583.007097737,2184, 22.83, 93
1789076585.054231182,2184, 22.79, 94
1789076587.095645818,2184, 22.31, 92
1789076589.135434004,2184, 22.57, 94
1789076591.173228139,2184, 22.34, 93
1789076593.208471730,2184, 22.73, 94
1789076595.242553684,2184, 22.26, 93
1789076597.279054729,2184, 22.46, 92
1789076599.319690157,2184, 23.24, 94
1789076601.363818081,2177, 23.03, 90
1789076603.405223220,2177, 24.33, 94
1789076605.446843184,2177, 23.36, 91
1789076607.495541667,2177, 26.19, 90
1789076609.548539380,2177, 27.84, 81
1789076611.603528328,2177, 28.42, 80
1789076613.660945792,2177, 29.69, 91
1789076615.719424126,2177, 27.68, 95
1789076617.777426677,2177, 28.35, 96
1789076619.817688561,2177, 27.08, 96
1789076621.862764025,2177, 26.96, 81
1789076623.919830844,2177, 27.65, 82
1789076625.958770228,2177, 27.78, 93
1789076628.018729617,2177, 27.58, 81
1789076630.077095195,2177, 27.31, 84
1789076632.126748050,2177, 23.80, 90
1789076634.166011451,2177, 24.37, 80
1789076636.205967402,2177, 24.22, 96
1789076638.242722521,2177, 23.92, 96
1789076640.283949029,2177, 23.05, 96
1789076642.324523131,2177, 23.49, 92
1789076644.367001061,2177, 24.01, 94
1789076646.406341326,2177, 24.38, 90
1789076648.452119904,2177, 28.26, 96
1789076650.500632899,2177, 28.33, 84
1789076652.542435567,2177, 28.10, 78
1789076654.606706476,2177, 31.18, 91
1789076656.653802971,2177, 28.61, 89
1789076658.711346873,2177, 28.53, 95
1789076660.753320676,2177, 28.76, 80
1789076662.812309199,2177, 28.12, 92
1789076664.875512247,2177, 28.76, 91
1789076666.924552360,2177, 24.76, 96
1789076668.975310398,2177, 24.62, 94
1789076671.022460355,2177, 26.44, 91
1789076673.072477402,2177, 24.64, 91
1789076675.117833923,2177, 23.61, 92
1789076677.157560784,2177, 22.94, 85
1789076679.199030306,2177, 24.05, 92
1789076681.241290729,2177, 23.47, 93
1789076683.287328814,2177, 23.31, 93
1789076685.330138083,2177, 23.08, 94
1789076687.374751675,2177, 23.01, 84
1789076689.417936158,2177, 23.06, 91
1789076691.462699108,2177, 23.39, 91
1789076693.501852127,2177, 23.44, 92
1789076695.547114643,2177, 26.64, 92
1789076697.597619922,2177, 26.51, 84
1789076699.652498863,2177, 27.08, 94
1789076701.705726519,2177, 26.30, 93
1789076703.753265699,2177, 23.50, 92
1789076705.798464715,2177, 25.88, 88
1789076707.843121980,2177, 26.51, 91
1789076709.897787549,2177, 27.31, 92
1789076711.950036747,2177, 27.01, 93
1789076713.998559945,2177, 25.66, 96
1789076716.049788232,2177, 24.13, 92
1789076718.093521982,2177, 24.76, 93
1789076720.152437770,2177, 28.27, 80
1789076722.212898713,2177, 28.93, 91
1789076724.257925505,2177, 27.46, 79
1789076726.321038088,2177, 26.73, 81
1789076728.362138248,2177, 24.60, 79
1789076730.407503285,2177, 23.84, 81
1789076732.443204286,2177, 24.48, 96
1789076734.486312013,2177, 23.93, 96
1789076736.528834340,2177, 23.92, 84
1789076738.571562466,2177, 23.99, 96
1789076740.614043911,2177, 23.74, 89
1789076742.657469984,2177, 25.31, 89
1789076744.711501225,2177, 24.87, 82
1789076746.758228249,2177, 27.97, 80
1789076748.812713390,2177, 28.18, 93
1789076750.894020878,2177, 28.90, 90
1789076752.937843544,2177, 28.98, 89
1789076754.986368574,2177, 28.62, 85
1789076757.042698218,2177, 28.96, 84
1789076759.084229084,2177, 28.44, 96
1789076761.135813007,2177, 29.66, 96
1789076763.180322680,2177, 28.95, 96
1789076765.245361211,2177, 25.82, 96
1789076767.289345602,2177, 28.92, 92
1789076769.344342583,2177, 28.55, 93
1789076771.395744059,2177, 28.44, 93
1789076773.446443414,2177, 26.90, 94
1789076775.490013703,2177, 23.67, 90
1789076777.530084454,2177, 23.46, 89
1789076779.567774033,2177, 23.03, 91
1789076781.605504145,2177, 23.06, 93
1789076783.647766126,2177, 23.40, 82
1789076785.685939130,2177, 23.33, 94
1789076787.728362850,2177, 26.74, 89
1789076789.778298081,2177, 26.69, 88
1789076791.825373932,2177, 26.45, 90
1789076793.880482732,2177, 26.47, 90
1789076795.933034951,2177, 26.42, 92
1789076797.988161075,2177, 26.61, 81
1789076800.035209654,2177, 26.41, 90
1789076802.085785240,2177, 26.62, 91
1789076804.141468885,2177, 26.86, 93
1789076806.189932471,2177, 26.52, 94
1789076808.247995035,2177, 26.95, 90
1789076810.307106530,2177, 26.64, 78
1789076812.353590026,2177, 26.70, 91
1789076814.403430337,2177, 24.02, 92
1789076816.457563493,2177, 23.87, 92
1789076818.508830788,2177, 25.29, 88
1789076820.564831695,2177, 24.22, 94
1789076822.608787642,2177, 23.86, 92
1789076824.650551518,2177, 23.81, 93
1789076826.691897338,2177, 23.92, 92
1789076828.738382496,2177, 23.84, 94
1789076830.786059337,2177, 23.50, 93
1789076832.826223223,2177, 23.43, 91
1789076834.886844929,2177, 27.33, 92
1789076836.934571931,2177, 26.71, 83
1789076838.988347358,2177, 26.83, 90
1789076841.041640903,2177, 27.17, 94
1789076843.095659461,2177, 26.71, 93
1789076845.148380923,2177, 26.87, 89
1789076847.202104580,2177, 27.40, 93
1789076849.259869803,2177, 26.70, 83
1789076851.312960448,2177, 24.03, 94
1789076853.363232721,2177, 23.62, 93
1789076855.409125296,2177, 24.09, 93
1789076857.445531656,2177, 23.77, 93
1789076859.487805754,2177, 23.94, 93
1789076861.528586755,2177, 24.01, 92
1789076863.572915403,2177, 23.49, 95
1789076865.615029661,2177, 25.95, 93
1789076867.670590648,2177, 27.32, 92
1789076869.704841236,2177, 27.12, 83
1789076871.748141186,2177, 26.83, 80
1789076873.801053587,2177, 23.76, 91
1789076875.845637785,2177, 23.75, 93
1789076877.888246281,2177, 23.36, 93
1789076879.923948492,2177, 23.32, 94
1789076881.967466132,2177, 23.66, 93
1789076884.010652881,2177, 23.63, 94
1789076886.050352395,2177, 23.77, 93
1789076888.087385183,2177, 23.07, 92
1789076890.121757726,2177, 23.06, 93
1789076892.165146911,2177, 23.49, 92
1789076894.204280958,2177, 23.69, 93
1789076896.241051623,2177, 23.38, 84
1789076898.279316545,2177, 23.22, 94
1789076900.320180795,2177, 23.35, 93
1789076902.359641693,2177, 23.25, 93
1789076904.396817081,2177, 23.46, 92
1789076906.441377098,2177, 23.59, 92
1789076908.483483429,2177, 23.74, 92
1789076910.520462927,2177, 23.34, 93
1789076912.558467676,2177, 26.45, 90
1789076914.605826731,2177, 26.74, 90
1789076916.659065059,2177, 26.65, 82
1789076918.706992075,2177, 26.89, 90
1789076920.759647070,2177, 23.67, 93
1789076922.800289021,2177, 23.30, 84
1789076924.842118175,2177, 23.34, 93
1789076926.907967270,2177, 23.19, 95
1789076928.957078898,2177, 23.30, 93
1789076930.994707946,2177, 23.67, 93
1789076933.029935276,2177, 23.24, 91
1789076935.073132914,2177, 26.50, 91
1789076937.133452091,2177, 26.65, 91
1789076939.176213579,2177, 26.39, 94
1789076941.225816947,2177, 26.43, 93
1789076943.279195991,2177, 26.64, 84
1789076945.331207155,2177, 26.10, 93
1789076947.382034053,2177, 26.67, 93
1789076949.435145480,2177, 26.80, 93
1789076951.481235197,2177, 26.92, 93
1789076953.539243135,2177, 26.72, 92
1789076955.593703116,2177, 26.50, 83
1789076957.652609814,2177, 26.96, 94
1789076959.703099508,2177, 26.44, 92
1789076961.757760686,2177, 23.66, 93
1789076963.806653336,2177, 24.06, 83
1789076965.851481230,2177, 23.65, 93
1789076967.895908073,2177, 23.75, 92
1789076969.942590836,2177, 23.28, 83
1789076971.978820215,2177, 23.05, 84
1789076974.024026686,2177, 26.17, 91
1789076976.074109039,2177, 26.56, 90
1789076978.124254805,2177, 26.72, 93
1789076980.173238993,2177, 26.84, 94
1789076982.225506507,2177, 26.57, 91
1789076984.273644657,2177, 26.69, 92
1789076986.328698238,2177, 26.78, 93
1789076988.379702087,2177, 26.54, 79
1789076990.430761955,2177, 26.49, 90
1789076992.476688782,2177, 26.79, 92
1789076994.527495284,2177, 26.65, 93
1789076996.581440728,2177, 26.68, 89
1789076998.630113786,2177, 23.38, 92
1789077000.669137826,2177, 22.78, 93
1789077002.710426010,2177, 23.45, 93
1789077004.751642854,2177, 23.41, 93
1789077006.790452346,2177, 23.22, 93
1789077008.834684265,2177, 26.92, 90
1789077010.888587321,2177, 23.63, 93
1789077012.942547773,2177, 23.54, 91
1789077014.986285592,2177, 23.74, 92
1789077017.031652548,2177, 23.60, 92
1789077019.079131664,2177, 23.52, 93
1789077021.118602431,2177, 23.50, 93
1789077023.156824004,2177, 25.49, 93
1789077025.194391694,2177, 23.56, 93
1789077027.231974156,2177, 23.55, 93
1789077029.274396420,2177, 23.54, 94
1789077031.311294459,2177, 23.60, 92
1789077033.354128187,2177, 25.24, 94
1789077035.404450576,2177, 26.12, 93
1789077037.449191699,2177, 26.59, 91
1789077039.503240057,2177, 26.57, 91
1789077041.553800458,2177, 26.66, 92
1789077043.598126713,2177, 26.35, 90
1789077045.642234077,2177, 23.39, 93
1789077047.681268957,2177, 23.54, 94
1789077049.724980201,2177, 23.39, 93
1789077051.765692798,2177, 23.68, 93
1789077053.808055939,2177, 26.78, 93
1789077055.857484735,2177, 27.07, 93
1789077057.905950417,2177, 26.62, 92
1789077059.952650249,2177, 26.88, 93
1789077062.003176702,2177, 26.59, 93
1789077064.054116102,2177, 27.07, 90
1789077066.113687137,2177, 26.72, 91
1789077068.161486582,2177, 26.25, 89
1789077070.221927111,2177, 26.41, 91
1789077072.270499377,2177, 26.78, 90
1789077074.322711240,2177, 27.00, 90
1789077076.378907772,2177, 26.44, 93
1789077078.431320506,2177, 26.55, 92
1789077080.486317670,2177, 26.67, 90
1789077082.548103946,2177, 26.83, 92
1789077084.609258659,2177, 26.77, 93
1789077086.662004734,2177, 23.99, 92
1789077088.706522059,2177, 23.44, 91
1789077090.752073018,2177, 23.74, 92
1789077092.798702251,2177, 26.79, 91
1789077094.854573550,2177, 26.90, 93
1789077096.909492598,2177, 26.45, 94
1789077098.981459235,2177, 26.27, 84
1789077101.024191672,2177, 26.68, 94
1789077103.066624577,2177, 26.51, 88
1789077105.114017796,2177, 27.12, 91
1789077107.167816143,2177, 26.88, 90
1789077109.217127493,2177, 26.79, 93
1789077111.266227151,2177, 27.10, 93
1789077113.323118430,2177, 27.13, 90
1789077115.376077144,2177, 27.14, 90
1789077117.434741642,2177, 26.87, 93
1789077119.484084833,2177, 26.73, 93
1789077121.536448901,2177, 27.08, 91
1789077123.586452337,2177, 26.90, 91
1789077125.639036619,2177, 26.63, 93
1789077127.686085555,2177, 26.85, 93
1789077129.735978136,2177, 26.94, 90
1789077131.791632967,2177, 26.95, 93
1789077133.843447167,2177, 27.00, 90
1789077135.888714550,2177, 26.86, 93
1789077137.939481111,2177, 26.82, 93
1789077139.986646160,2177, 26.88, 92
1789077142.035841978,2177, 26.09, 83
1789077144.092601833,2177, 26.15, 92
1789077146.139911084,2177, 26.55, 94
1789077148.191353130,2177, 26.71, 91
1789077150.245034104,2177, 26.55, 93
1789077152.296759676,2177, 26.45, 79
1789077154.354040618,2177, 27.45, 93
1789077156.410777931,2177, 26.49, 91
1789077158.460521885,2177, 25.97, 80
1789077160.508765763,2177, 26.56, 93
1789077162.560101383,2177, 26.71, 92
1789077164.620947901,2177, 25.93, 88
1789077166.662726744,2177, 25.60, 87
1789077168.718025677,2177, 26.53, 85
1789077170.773420310,2177, 26.19, 94
1789077172.828429522,2177, 27.12, 86
1789077174.878359322,2177, 26.18, 90
1789077176.917628935,2177, 26.49, 96
1789077178.986896195,2177, 25.73, 89
1789077181.045798916,2177, 26.99, 85
1789077183.098470034,2177, 26.52, 93
1789077185.150188085,2177, 26.81, 93
1789077187.202370011,2177, 26.80, 90
1789077189.249112732,2177, 18.44, 57
1789079223.517015906,2184, 12.39, 0
1789079225.544565373,2184, 24.78, 84
1789079227.592705195,2177, 24.29, 92
1789079229.631351926,2177, 25.64, 92
1789079231.680153955,2177, 24.08, 93
1789079233.721672875,2177, 25.99, 85
1789079235.769592137,2177, 26.04, 88
1789079237.815329691,2177, 25.79, 92
1789079239.860095886,2177, 23.48, 91
1789079241.906998830,2177, 23.13, 90
1789079243.944281947,2177, 23.05, 92
1789079245.983622246,2177, 23.22, 92
1789079248.027928042,2177, 26.70, 92
1789079250.080014322,2177, 25.78, 92
1789079252.131553740,2177, 23.87, 81
1789079254.182712870,2177, 26.02, 91
1789079256.231447380,2177, 25.25, 96
1789079258.274765098,2177, 26.38, 93
1789079260.323144984,2177, 26.72, 79
1789079262.375243345,2177, 25.65, 83
1789079264.421021155,2177, 25.96, 90
1789079266.488328647,2177, 28.27, 92
1789079268.534306345,2177, 28.06, 82
1789079270.569576618,2177, 27.11, 93
1789079272.624117840,2177, 27.84, 82
1789079274.677407048,2177, 27.16, 80
1789079276.733826907,2177, 27.00, 81
1789079278.795456055,2177, 26.34, 80
1789079280.854021320,2177, 27.70, 87
1789079282.922215995,2177, 27.00, 86
1789079284.968458845,2177, 26.89, 96
1789079287.009945493,2177, 25.10, 79
1789079289.055722664,2177, 27.42, 83
1789079291.118293059,2177, 28.32, 79
1789079293.178798849,2177, 27.44, 77
1789079295.225995282,2177, 28.22, 84
1789079297.268832169,2177, 28.11, 81
1789079299.328944280,2177, 27.90, 80
1789079301.384473965,2177, 28.75, 96
1789079303.462643586,2177, 28.42, 82
1789079305.529301704,2177, 27.11, 85
1789079307.565282041,2177, 27.74, 84
1789079309.625536392,2177, 27.66, 80
1789079311.665205619,2177, 28.35, 81
1789079313.707197724,2177, 29.03, 96
1789079315.762144418,2177, 28.73, 93
1789079317.802092094,2177, 28.45, 92
1789079319.851301452,2177, 28.51, 93
1789079321.904504645,2177, 27.69, 93
1789079323.955010386,2177, 27.00, 92
1789079325.994393998,2177, 26.77, 93
1789079328.051735042,2177, 27.25, 93
1789079330.098162836,2177, 26.92, 93
1789079332.147420467,2177, 26.43, 81
1789079334.190533002,2177, 26.07, 80
1789079336.238734875,2177, 26.60, 92
1789079338.284966110,2177, 27.38, 94
1789079340.330293458,2177, 26.15, 93
1789079342.376248502,2177, 27.60, 92
1789079344.425948468,2177, 26.69, 91
1789079346.476361345,2177, 27.07, 89
1789079348.536670017,2177, 26.04, 83
1789079350.571292900,2177, 24.68, 94
1789079352.615495595,2177, 24.11, 83
1789079354.663850091,2177, 27.30, 91
1789079356.713612682,2177, 25.23, 90
1789079358.765687365,2177, 27.68, 82
1789079360.823892968,2177, 28.73, 94
1789079362.879616830,2177, 28.96, 90
1789079364.928803197,2177, 28.81, 80
1789079366.983490789,2177, 27.82, 96
1789079369.041770504,2177, 27.38, 82
1789079371.089291498,2177, 27.82, 90
1789079373.145838207,2177, 27.97, 79
1789079375.206577310,2177, 28.08, 96
1789079377.247830873,2177, 27.69, 81
1789079379.291185553,2177, 27.22, 91
1789079381.335833143,2177, 27.84, 86
1789079383.430991063,2177, 28.70, 96
1789079385.526116134,2177, 29.04, 96
1789079387.582934891,2177, 26.04, 92
1789079389.635065783,2177, 24.93, 83
1789079391.679271950,2177, 26.50, 90
1789079393.732197673,2177, 25.73, 89
1789079395.777481598,2177, 28.96, 96
1789079397.833016597,2177, 28.48, 96
1789079399.899685389,2177, 31.87, 96
1789079401.953990294,2177, 28.47, 96
1789079404.007100496,2177, 28.83, 89
1789079406.065777379,2177, 28.67, 96
1789079408.126386452,2177, 28.28, 93
1789079410.179641582,2177, 28.68, 92
1789079412.231256251,2177, 28.33, 92
1789079414.284658277,2177, 25.32, 96
1789079416.336965522,2177, 25.24, 96
1789079418.384051589,2177, 24.61, 93
1789079420.424765025,2177, 23.24, 93
1789079422.483913620,2177, 26.61, 93
1789079424.532573925,2177, 27.02, 93
1789079426.583377923,2177, 25.58, 81
1789079428.632464004,2177, 25.67, 81
1789079430.683838178,2177, 23.83, 83
1789079432.733421490,2177, 24.84, 90
1789079434.776485691,2177, 26.45, 90
1789079436.835318127,2177, 24.00, 94
1789079438.875898683,2177, 25.59, 92
1789079440.922078416,2177, 25.20, 94
1789079442.975600827,2177, 25.58, 83
1789079445.060420858,2177, 26.39, 89
1789079447.110397338,2177, 27.05, 92
1789079449.159878138,2177, 25.99, 89
1789079451.212383975,2177, 26.07, 94
1789079453.271339562,2177, 28.10, 93
1789079455.335331126,2177, 27.94, 80
1789079457.419087623,2177, 29.30, 90
1789079459.484308642,2177, 28.64, 89
1789079461.534861937,2177, 27.63, 91
1789079463.599304269,2177, 27.82, 89
1789079465.656658274,2177, 27.81, 83
1789079467.706766258,2177, 27.98, 87
1789079469.750303148,2177, 27.84, 80
1789079471.800267228,2177, 27.70, 91
1789079473.840529658,2177, 28.11, 92
1789079475.884548738,2177, 28.01, 96
1789079477.954651926,2177, 28.20, 83
1789079480.011394605,2177, 28.78, 93
1789079482.051747035,2177, 26.10, 96
1789079484.103572217,2177, 25.01, 95
1789079486.140201900,2177, 25.61, 88
1789079488.188360319,2177, 25.84, 96
1789079490.229318668,2177, 26.01, 80
1789079492.276407969,2177, 28.71, 82
1789079494.331877882,2171, 32.19, 96
1789079496.382941865,2177, 29.24, 90
1789079498.437734195,2177, 28.44, 93
1789079500.480314478,2177, 25.83, 92
1789079502.524291399,2177, 25.09, 91
1789079504.577786067,2177, 27.26, 92
1789079506.623587385,2177, 25.13, 94
1789079508.667069971,2177, 25.59, 94
1789079510.720487775,2177, 17.08, 92
1789079512.752338058,2177, 34.29, 96
1789079514.793419383,2177, 36.00, 96
1789079516.832881751,2177, 14.86, 3
1789079518.865286672,2177, 29.35, 96
1789079520.899407544,2184, 16.05, 83
1789079522.927961479,2177, 36.40, 96
1789079524.975499899,2177, 35.63, 96
1789079527.024605005,2184, 14.35, 0
1789079529.056795111,2177, 29.57, 96
1789079531.088698898,2177, 28.26, 96
1789079533.133571642,2184, 21.37, 0
1789079535.164531062,2177, 30.22, 96
1789079537.206987010,2177, 35.30, 96
1789079539.261523405,2184, 17.89, 0
1789079541.298494864,2184, 13.35, 0
1789079550.007538347,2177, 26.14, 96
1789079552.043037968,2184, 16.38, 0
1789079554.080998659,2177, 30.86, 96
1789079556.135269614,2177, 37.66, 96
1789079558.172712385,2184, 14.07, 96
1789079560.214053103,2177, 27.77, 96
1789079562.246775897,2177, 28.78, 96
1789079564.277314469,2184, 12.47, 0
1789079566.309766512,2177, 30.16, 96
1789079568.354769016,2184, 28.30, 96
1789079570.391035005,2184, 16.90, 0
1789079572.418366047,2177, 35.99, 96
1789079574.469100159,2177, 29.33, 96
1789079576.523631786,2184, 13.32, 0
1789079578.549849838,2177, 35.77, 96
1789079580.597200467,2177, 28.05, 96
1789079582.635383877,2184, 14.03, 0
1789079584.664688820,2184, 29.10, 96
1789079586.695030786,2177, 29.22, 96
1789079588.735119473,2184, 29.59, 96
1789079590.774528098,2184, 13.90, 0
1789079592.803762673,2177, 36.84, 96
1789079594.858356221,2177, 29.33, 96
1789079596.891320839,2184, 24.10, 96
1789079598.948375887,2177, 37.42, 96
1789079600.991663386,2177, 34.61, 96
1789079603.029759837,2184, 18.82, 0
1789079605.069611981,2177, 28.67, 96
1789079607.100453114,2184, 27.82, 96
1789079609.143554838,2177, 27.12, 0
1789079611.172393990,2184, 23.47, 96
1789079613.225498291,2184, 23.08, 96
1789079615.253927460,2184, 14.56, 96
1789079617.283204419,2184, 14.46, 96
1789079619.315509214,2184, 14.47, 96
1789079621.343771727,2184, 14.40, 96
1789079623.376197050,2184, 14.42, 96
1789079625.441695351,2184, 26.48, 96
1789079627.470606070,2184, 28.23, 96
1789079629.506217165,2184, 13.25, 0
1789079631.539453911,2177, 31.50, 96
1789079633.587919275,2184, 24.72, 96
1789079635.626004542,2184, 24.30, 96
1789079637.662849331,2184, 24.41, 96
1789079639.704365330,2184, 13.56, 0
1789079641.736639117,2184, 25.39, 96
1789079643.783512196,2184, 27.41, 96
1789079645.813337059,2177, 25.86, 96
1789079647.846142318,2184, 23.84, 96
1789079649.881868308,2184, 16.07, 96
1789079651.911387092,2184, 35.91, 96
1789079653.965926832,2177, 39.52, 96
1789079656.024053383,2177, 14.48, 96
1789079658.060605805,2184, 35.59, 96
1789079660.117211334,2177, 38.91, 96
1789079662.167120393,2184, 13.28, 94
1789079664.199837332,2177, 37.63, 96
1789079666.248718920,2177, 39.37, 96
1789079668.291450645,2184, 13.68, 96
1789079670.324633231,2177, 38.40, 96
1789079672.374216451,2177, 39.84, 96
1789079674.411879079,2184, 14.06, 96
1789079676.444994578,2184, 28.37, 96
1789079678.481292152,2177, 25.96, 96
1789079680.518241709,2171, 40.71, 96
1789079682.568792191,2184, 13.95, 24
1789079684.597038929,2177, 38.33, 96
1789079686.643627048,2171, 40.34, 96
1789079688.695380265,2184, 13.93, 0
1789079690.723600010,2177, 37.56, 96
1789079692.779202326,2171, 40.06, 96
1789079694.837558013,2184, 15.15, 96
1789079696.875065249,2177, 38.99, 96
1789079698.929863086,2177, 24.73, 96
1789079700.969344464,2184, 24.44, 96
1789079702.997345154,2184, 22.20, 96
1789079705.023734246,2184, 25.40, 94
1789079707.075996566,2184, 23.30, 91
1789079709.128050918,2184, 22.80, 90
1789079711.171116419,2184, 22.98, 90
1789079713.213381873,2184, 23.11, 93
1789079715.254275377,2184, 22.84, 83
1789079717.302314327,2184, 23.25, 91
1789079719.344644789,2184, 23.09, 88
1789079721.391311549,2184, 22.98, 84
1789079723.482052664,2184, 23.74, 90
1789079725.519812876,2184, 23.23, 93
1789079727.562231770,2184, 23.00, 90
1789079729.603448394,2184, 23.08, 83
1789079731.642204541,2184, 23.04, 92
1789079733.684195468,2184, 23.11, 94
1789079735.729089030,2184, 23.32, 92
1789079737.775546431,2184, 23.29, 84
1789079739.826555105,2184, 24.15, 81
1789079741.877540803,2184, 26.34, 85
1789079743.924194619,2177, 25.99, 91
1789079745.976271340,2177, 26.46, 84
1789079748.029981690,2177, 26.17, 91
1789079750.091660381,2177, 26.37, 93
1789079752.148930167,2177, 26.23, 90
1789079754.196724382,2177, 26.15, 93
1789079756.250310076,2177, 26.14, 79
1789079758.294567688,2177, 26.11, 91
1789079760.345602170,2177, 26.19, 81
1789079762.393394257,2177, 26.23, 94
1789079764.445819297,2177, 25.82, 94
1789079766.491640891,2177, 26.32, 88
1789079768.543600796,2177, 26.09, 92
1789079770.600020679,2177, 26.21, 92
1789079772.647773533,2177, 24.25, 91
1789079774.695794484,2177, 23.53, 91
1789079776.741363102,2177, 23.33, 92
1789079778.788520998,2177, 23.47, 93
1789079780.834303456,2177, 23.71, 92
1789079782.884993603,2184, 23.29, 91
1789079784.930753708,2177, 25.78, 92
1789079786.986176489,2177, 25.69, 78
1789079789.032551090,2177, 26.10, 80
1789079791.087431903,2177, 26.39, 79
1789079793.132011466,2177, 26.42, 90
1789079795.183138941,2177, 26.61, 90
1789079797.234447631,2177, 26.20, 83
1789079799.285844769,2177, 26.40, 91
1789079801.335324166,2177, 26.48, 90
1789079803.381180960,2177, 26.58, 90
1789079805.458497549,2177, 26.83, 93
1789079807.515426952,2177, 26.34, 80
1789079809.565998763,2177, 26.79, 90
1789079811.620644777,2177, 26.71, 88
1789079813.670070670,2177, 26.48, 91
1789079815.720389921,2177, 26.78, 89
1789079817.769792102,2177, 23.69, 94
1789079819.814753730,2177, 23.78, 93
1789079821.853213638,2177, 26.39, 93
1789079823.905120008,2177, 26.89, 93
1789079825.961766578,2177, 26.75, 93
1789079828.011833847,2177, 26.35, 92
1789079830.058360288,2177, 26.03, 82
1789079832.108433172,2177, 26.61, 89
1789079834.164200688,2177, 26.44, 90
1789079836.221248811,2177, 26.34, 92
1789079838.266307110,2177, 26.55, 91
1789079840.317592152,2177, 26.82, 91
1789079842.361743381,2177, 26.63, 91
1789079844.410269643,2177, 26.63, 89
1789079846.458399794,2177, 26.79, 93
1789079848.509875861,2177, 26.31, 93
1789079850.558442555,2177, 26.68, 89
1789079852.614485431,2177, 26.02, 90
1789079854.662501694,2177, 24.26, 93
1789079856.702786384,2177, 23.58, 93
1789079858.750264056,2177, 26.38, 92
1789079860.806751204,2177, 26.68, 89
1789079862.859612948,2177, 26.19, 93
1789079864.911503190,2177, 26.36, 92
1789079866.952700631,2177, 26.89, 93
1789079869.002463292,2177, 26.75, 89
1789079871.055269277,2177, 26.32, 93
1789079873.105381649,2177, 26.70, 91
1789079875.156263044,2177, 26.55, 91
1789079877.205756362,2177, 26.73, 91
1789079879.253746801,2177, 26.59, 92
1789079881.302009288,2177, 26.14, 85
1789079883.345903271,2177, 26.23, 89
1789079885.393954798,2177, 26.44, 93
1789079887.471185709,2177, 26.67, 92
1789079889.524242445,2177, 25.74, 88
1789079891.564551120,2177, 23.33, 94
1789079893.606679951,2177, 23.47, 92
1789079895.648141536,2177, 23.45, 93
1789079897.693815691,2177, 23.65, 84
1789079899.737163289,2177, 26.70, 91
1789079901.788655900,2177, 26.15, 92
1789079903.837571250,2177, 26.20, 82
1789079905.891017970,2177, 26.31, 91
1789079907.944084115,2177, 26.68, 93
1789079909.997958418,2177, 26.94, 89
1789079912.055499372,2177, 26.20, 93
1789079914.108874412,2177, 26.67, 93
1789079916.168102324,2177, 26.88, 93
1789079918.217532938,2177, 26.73, 93
1789079920.263469989,2177, 26.40, 91
1789079922.312109579,2177, 26.72, 93
1789079924.368144584,2177, 26.73, 89
1789079926.412186693,2177, 26.68, 93
1789079928.458256992,2177, 25.88, 92
1789079930.510233458,2177, 26.36, 92
1789079932.559520216,2177, 23.92, 91
1789079934.602833254,2177, 23.56, 93
1789079936.651250030,2177, 24.40, 93
1789079938.704229598,2177, 26.56, 87
1789079940.759480300,2177, 26.33, 88
1789079942.819811187,2177, 26.07, 93
1789079944.870072983,2177, 26.54, 93
1789079946.925522517,2177, 26.56, 94
1789079948.977313687,2177, 26.63, 89
1789079951.033407572,2177, 26.70, 93
1789079953.080781085,2177, 26.84, 91
1789079955.132227568,2177, 26.55, 92
1789079957.184618274,2177, 26.28, 78
1789079959.235355062,2177, 26.68, 92
1789079961.285070763,2177, 26.71, 94
1789079963.339544266,2177, 26.53, 92
1789079965.395733991,2177, 26.19, 84
1789079967.448329720,2177, 26.92, 90
1789079969.532900637,2177, 26.22, 93
1789079971.580434518,2177, 26.85, 93
1789079973.633204919,2177, 26.90, 90
1789079975.682815501,2177, 26.74, 91
1789079977.733456865,2177, 26.43, 79
1789079979.777965262,2177, 26.65, 90
1789079981.830824960,2177, 26.54, 93
1789079983.877603945,2177, 27.02, 93
1789079985.933485783,2177, 26.45, 93
1789079987.981357983,2177, 26.72, 92
1789079990.030471621,2177, 26.94, 94
1789079992.082360584,2177, 26.89, 94
1789079994.132902397,2177, 26.99, 93
1789079996.188344954,2177, 26.47, 93
1789079998.238656239,2177, 26.77, 90
1789080000.293391038,2177, 26.42, 91
1789080002.344409426,2177, 26.48, 83
1789080004.402179677,2177, 26.08, 92
1789080006.443568718,2177, 26.49, 92
1789080008.485821262,2177, 26.43, 91
1789080010.536512099,2177, 25.99, 90
1789080012.593822670,2177, 26.68, 91
1789080014.649130012,2177, 26.14, 79
1789080016.695567575,2177, 25.81, 93
1789080018.745527692,2177, 26.26, 93
1789080020.795474594,2177, 26.73, 92
1789080022.846038791,2177, 26.46, 92
1789080024.901638388,2177, 26.20, 90
1789080026.962008331,2177, 26.35, 93
1789080029.011360930,2177, 26.61, 93
1789080031.059625466,2177, 26.91, 91
1789080033.115924502,2177, 26.48, 94
1789080035.162316753,2177, 23.84, 94
1789080037.206669983,2177, 24.02, 92
1789080039.251825563,2177, 26.72, 92
1789080041.306901898,2177, 26.77, 84
1789080043.358615277,2177, 26.94, 92
1789080045.411522174,2177, 26.61, 92
1789080047.470781079,2177, 26.87, 90
1789080049.542775790,2177, 26.98, 93
1789080051.604060852,2177, 26.98, 92
1789080053.661137487,2177, 26.25, 89
1789080055.716055998,2177, 25.30, 82
1789080057.762218105,2177, 23.15, 93
1789080059.801484046,2177, 24.49, 90
1789080061.844146190,2177, 25.12, 84
1789080063.881925909,2177, 24.87, 94
1789080065.926767618,2177, 24.81, 93
1789080067.967563941,2177, 22.94, 91
1789080070.002688815,2177, 25.62, 84
1789080072.049881913,2177, 25.27, 82
1789080074.101172189,2177, 25.42, 91
1789080076.154623678,2177, 25.73, 92
1789080078.201865592,2177, 26.31, 80
1789080080.249308561,2177, 25.49, 93
1789080082.306758764,2177, 26.10, 84
1789080084.366904788,2177, 25.74, 91
1789080086.416919706,2177, 25.87, 89
1789080088.464321283,2177, 23.16, 91
1789080090.507373123,2177, 25.49, 94
1789080092.561510723,2177, 26.23, 89
1789080094.603818276,2177, 25.37, 90
1789080096.635030148,2177, 27.61, 96
1789082735.342160208,2184, 12.26, 0
1789082737.376235646,2184, 25.75, 90
1789082739.423904816,2184, 26.97, 92
1789082741.473573991,2184, 26.88, 89
1789082743.524479826,2177, 26.52, 84
1789082745.579403554,2177, 26.93, 86
1789082747.632966040,2177, 26.89, 90
1789082749.689740290,2177, 27.29, 92
1789082751.736578018,2177, 27.40, 89
1789082753.789902839,2177, 26.81, 86
1789082755.847837792,2177, 26.52, 88
1789082757.897852015,2177, 27.02, 91
1789082759.948020308,2177, 27.31, 90
1789082761.998540270,2177, 27.02, 90
1789082764.056547548,2177, 27.15, 92
1789082766.113608383,2177, 27.78, 90
1789082768.179436967,2177, 27.49, 91
1789082770.235055574,2177, 26.61, 89
1789082772.286158299,2177, 27.51, 89
1789082774.348780531,2177, 27.33, 91
1789082776.399495523,2177, 28.69, 91
1789082778.451249529,2177, 27.90, 89
1789082780.495729829,2177, 26.01, 90
1789082782.555769476,2177, 26.75, 82
1789082784.610169946,2177, 27.42, 87
1789082786.664206582,2177, 27.83, 89
1789082788.718416408,2177, 29.26, 96
1789082790.791439308,2177, 29.41, 90
1789082792.863657847,2177, 30.08, 96
1789082794.921799321,2177, 28.63, 82
1789082796.980957122,2177, 29.32, 96
1789082799.065035051,2177, 29.48, 96
1789082801.128868910,2177, 28.23, 79
1789082803.195207271,2177, 28.64, 80
1789082805.249189720,2177, 28.44, 83
1789082807.300080672,2177, 28.96, 80
1789082809.366096299,2177, 28.82, 79
1789082811.433470764,2177, 29.09, 96
1789082813.500603779,2177, 28.79, 78
1789082815.538196872,2177, 29.35, 86
1789082817.602941900,2177, 28.85, 90
1789082819.665557943,2177, 28.74, 82
1789082821.717833564,2177, 28.80, 96
1789082823.774042069,2177, 28.20, 82
1789082825.840485683,2177, 28.86, 81
1789082827.907281319,2177, 29.30, 80
1789082829.967052979,2177, 29.47, 96
1789082832.015771689,2177, 28.59, 94
1789082834.069431940,2177, 28.86, 81
1789082836.127637061,2177, 29.08, 82
1789082838.167622050,2177, 29.28, 92
1789082840.231076495,2177, 30.06, 96
1789082842.286354885,2177, 29.41, 96
1789082844.347582495,2177, 30.35, 96
1789082846.400362548,2177, 30.28, 79
1789082848.457854110,2177, 28.12, 90
1789082850.520855037,2177, 29.26, 96
1789082852.586700818,2177, 30.16, 80
1789082854.642156754,2177, 30.16, 76
1789082856.707470133,2177, 30.16, 93
1789082858.779060733,2177, 29.94, 89
1789082860.834788818,2177, 29.91, 96
1789082862.898000715,2177, 28.94, 94
1789082864.955345374,2177, 29.04, 96
1789082867.011515352,2177, 28.71, 91
1789082869.100091502,2177, 28.84, 92
1789082871.161712628,2177, 27.91, 88
1789082873.214209878,2177, 26.99, 90
1789082875.264192271,2177, 27.85, 79
1789082877.322477885,2177, 27.52, 93
1789082879.382237122,2177, 27.88, 82
1789082881.435215825,2177, 27.97, 82
1789082883.501864546,2177, 26.78, 82
1789082885.555623984,2177, 26.83, 90
1789082887.609715909,2177, 27.30, 89
1789082889.662089970,2177, 27.66, 82
1789082891.712309336,2177, 27.52, 93
1789082893.755407033,2177, 27.46, 92
1789082895.812115292,2177, 28.14, 90
1789082897.881099890,2177, 27.33, 91
1789082899.937774500,2177, 27.86, 93
1789082901.981606308,2177, 27.53, 89
1789082904.035535495,2177, 27.53, 83
1789082906.098826926,2177, 29.21, 93
1789082908.151479426,2177, 28.13, 92
1789082910.210950330,2177, 27.82, 91
1789082912.260254544,2177, 28.58, 93
1789082914.307450286,2177, 28.09, 92
1789082916.352729141,2177, 28.50, 94
1789082918.416376284,2177, 30.22, 88
1789082920.463614274,2177, 29.92, 81
1789082922.525837626,2177, 30.00, 83
1789082924.584116524,2177, 28.83, 80
1789082926.646561316,2177, 29.82, 91
1789082928.706456742,2177, 29.66, 79
1789082930.785987622,2177, 28.80, 91
1789082932.833419694,2177, 29.12, 80
1789082934.883827901,2177, 26.96, 82
1789082936.932129749,2177, 28.99, 83
1789082938.993768672,2177, 29.22, 83
1789082941.090016849,2177, 29.44, 96
1789082943.144510576,2177, 29.28, 96
1789082945.197080487,2177, 28.37, 80
1789082947.248760360,2177, 29.22, 83
1789082949.310494493,2177, 29.04, 82
1789082951.384898659,2177, 29.07, 96
1789082953.452835350,2177, 29.13, 79
1789082955.520378513,2177, 29.56, 96
1789082957.560792610,2177, 29.79, 96
1789082959.605243547,2177, 29.63, 84
1789082961.645002527,2177, 28.82, 88
1789082963.691092104,2177, 29.61, 96
1789082965.736457418,2177, 28.60, 96
1789082967.812487013,2177, 29.50, 82
1789082969.880048093,2177, 29.85, 88
1789082971.935517573,2177, 29.25, 81
1789082973.996640770,2177, 29.81, 96
1789082976.037375812,2177, 28.87, 87
1789082978.098013059,2171, 32.22, 96
1789082980.135894681,2177, 29.82, 81
1789082982.215484063,2177, 30.25, 80
1789082984.264127729,2177, 30.17, 96
1789082986.322195222,2177, 29.57, 96
1789082988.390795310,2177, 30.15, 92
1789082990.447577046,2177, 29.64, 96
1789082992.500328313,2177, 29.57, 92
1789082994.549337576,2177, 29.57, 92
1789082996.608406842,2177, 28.42, 91
1789082998.668045957,2177, 27.91, 90
1789083000.728723577,2177, 27.13, 89
1789083002.784375897,2177, 27.72, 92
1789083004.840808097,2177, 28.03, 92
1789083006.898610739,2177, 28.00, 92
1789083008.948005298,2177, 27.92, 93
1789083011.004498391,2177, 27.00, 83
1789083013.067772593,2177, 26.66, 84
1789083015.121446571,2177, 27.32, 90
1789083017.182587929,2177, 27.07, 90
1789083019.242388578,2177, 27.85, 84
1789083021.279962290,2177, 26.94, 91
1789083023.329467348,2177, 27.36, 93
1789083025.388474746,2177, 27.85, 81
1789083027.442259052,2177, 27.43, 93
1789083029.491509083,2177, 25.66, 93
1789083031.553165036,2177, 25.52, 91
1789083033.598101298,2177, 26.02, 91
1789083035.642372945,2177, 25.16, 87
1789083037.697922979,2177, 27.26, 92
1789083039.754587439,2177, 27.57, 90
1789083041.819419662,2177, 28.03, 92
1789083043.873180927,2177, 27.56, 92
1789083045.924464571,2177, 27.75, 92
1789083047.985377627,2177, 29.95, 90
1789083050.028659968,2177, 30.22, 96
1789083052.093021521,2177, 30.30, 96
1789083054.153260894,2177, 29.72, 83
1789083056.200717423,2177, 29.62, 93
1789083058.257873762,2177, 30.18, 96
1789083060.316641839,2177, 28.97, 90
1789083062.368571914,2177, 28.81, 83
1789083064.416693202,2177, 28.90, 95
1789083066.485775926,2177, 29.01, 96
1789083068.550531494,2177, 27.47, 96
1789083070.594270128,2177, 29.66, 95
1789083072.641432081,2177, 29.33, 81
1789083074.710852829,2177, 27.97, 96
1789083076.765633597,2177, 29.27, 89
1789083078.830312193,2177, 29.44, 91
1789083080.904070264,2177, 29.67, 96
1789083082.969143759,2177, 29.10, 89
1789083085.026224999,2177, 29.72, 90
1789083087.117988560,2177, 29.66, 87
1789083089.185199861,2177, 29.94, 96
1789083091.236382191,2177, 28.94, 82
1789083093.297990845,2177, 29.72, 96
1789083095.358669877,2177, 29.76, 96
1789083097.415047259,2177, 29.45, 80
1789083099.471635563,2177, 29.77, 96
1789083101.539882302,2177, 29.98, 79
1789083103.592023798,2177, 30.09, 96
1789083105.653304195,2177, 29.98, 96
1789083107.703015778,2177, 29.43, 95
1789083109.749056943,2177, 31.23, 90
1789083111.799122947,2177, 29.36, 96
1789083113.860103530,2177, 30.01, 79
1789083115.932165587,2177, 30.09, 78
1789083117.990368977,2177, 29.15, 96
1789083120.049600921,2177, 27.94, 96
1789083122.105634478,2177, 28.72, 91
1789083124.159930223,2177, 29.71, 90
1789083126.224055955,2177, 28.28, 96
1789083128.271075376,2177, 29.34, 92
1789083130.336508664,2177, 18.04, 0
1789083132.367798022,2177, 21.32, 96
1789083134.409684615,2177, 35.42, 96
1789083136.457042574,2177, 21.05, 43
1789083138.486049631,2177, 26.52, 96
1789083140.521434949,2177, 17.01, 89
1789083142.550324716,2177, 34.13, 96
1789083144.589126326,2177, 30.82, 96
1789083146.632093080,2177, 19.15, 96
1789083148.669900968,2177, 29.26, 96
1789083150.689880914,2177, 21.83, 96
1789083152.722326877,2177, 31.64, 96
1789083154.758119889,2177, 28.21, 96
1789083156.808813844,2177, 37.35, 96
1789083158.857066724,2184, 14.34, 96
1789083160.890234667,2177, 22.31, 96
1789083163.320899931,2177, 22.76, 96
1789083165.360620962,2177, 19.62, 96
1789083167.395820104,2177, 28.67, 96
1789083169.434560807,2184, 14.30, 96
1789083171.463772025,2171, 30.33, 96
1789083173.500448575,2171, 28.29, 96
1789083175.537647889,2171, 26.68, 96
1789083177.566621461,2184, 25.67, 96
1789083179.613534933,2171, 28.54, 96
1789083181.660947329,2177, 19.95, 0
1789083183.688589016,2184, 26.66, 96
1789083185.734425579,2177, 35.71, 96
1789083187.778368555,2177, 13.16, 0
1789083189.808022579,2177, 31.12, 96
1789083191.850670731,2177, 34.40, 96
1789083193.884889653,2177, 13.52, 0
1789083195.916620798,2177, 31.47, 96
1789083197.949224849,2177, 35.16, 96
1789083199.988919690,2184, 14.09, 0
1789083202.019370214,2177, 35.88, 96
1789083204.068926829,2177, 33.06, 96
1789083206.102360125,2184, 21.32, 96
1789083208.141784708,2177, 33.80, 96
1789083210.190405199,2177, 37.76, 96
1789083212.240320964,2184, 17.40, 0
1789083214.311480995,2184, 20.01, 96
1789083216.345597869,2184, 30.51, 96
1789083218.403416270,2177, 30.48, 96
1789083220.435620737,2177, 22.53, 96
1789083222.464793650,2177, 28.27, 96
1789083224.512008544,2177, 38.46, 96
1789083226.565625731,2184, 14.04, 96
1789083228.592436090,2184, 21.42, 96
1789083230.626228935,2184, 21.97, 96
1789083232.661167374,2184, 22.72, 96
1789083234.690550022,2177, 28.28, 96
1789083236.734293341,2184, 19.90, 96
1789083238.766634154,2184, 20.79, 96
1789083240.799486179,2184, 18.28, 96
1789083242.828627818,2184, 27.08, 96
1789083244.871806834,2177, 38.78, 96
1789083246.914899509,2177, 20.93, 37
1789083248.942334290,2177, 36.30, 96
1789083250.986494140,2177, 39.39, 96
1789083253.029422419,2184, 15.44, 0
1789083255.062719806,2177, 36.11, 96
1789083257.142853179,2171, 41.39, 96
1789083259.180779531,2184, 13.87, 0
1789083261.210218814,2177, 37.54, 96
1789083263.263497879,2177, 40.18, 96
1789083265.307509445,2184, 14.47, 0
1789083267.334331775,2184, 22.22, 96
1789083269.364944129,2184, 23.06, 96
1789083271.412990048,2184, 18.04, 96
1789083273.442368075,2184, 35.40, 96
1789083275.482961561,2177, 15.22, 0
1789083277.514845099,2184, 18.68, 96
1789083279.547234840,2177, 37.03, 96
1789083281.598936672,2171, 39.75, 96
1789083283.654176481,2184, 17.63, 96
1789083285.709215309,2184, 24.81, 96
1789083287.765986549,2177, 41.73, 96
1789083289.812573410,2171, 19.82, 0
1789083291.842482987,2184, 37.07, 96
1789083293.894931899,2177, 41.66, 96
1789083295.946589576,2184, 20.84, 55
1789083297.980088179,2177, 39.08, 96
1789083300.031176729,2171, 42.41, 96
1789083302.074680451,2184, 19.91, 96
1789083304.108919265,2177, 38.70, 96
1789083306.157105247,2171, 44.09, 96
1789083308.197933808,2177, 27.05, 89
1789083310.250874914,2177, 27.39, 91
1789083312.305788015,2177, 27.59, 89
1789083314.360897703,2177, 27.69, 88
1789083316.420325224,2177, 28.00, 93
1789083318.471554541,2177, 27.42, 89
1789083320.519435922,2177, 27.67, 85
1789083322.576428986,2177, 27.87, 92
1789083324.627716996,2177, 27.29, 93
1789083326.685028469,2177, 27.86, 83
1789083328.741146148,2177, 28.11, 91
1789083330.796651616,2177, 27.86, 91
1789083332.836392167,2177, 28.14, 92
1789083334.890849213,2177, 27.71, 91
1789083336.938510709,2177, 27.77, 91
1789083338.997404416,2177, 27.96, 91
1789083341.048700910,2177, 27.70, 87
1789083343.102958406,2177, 27.51, 92
1789083345.191373465,2177, 27.53, 84
1789083347.237806130,2177, 27.55, 91
1789083349.321942546,2177, 28.09, 90
1789083351.377288683,2177, 28.02, 92
1789083353.434419247,2177, 27.53, 92
1789083355.484904614,2177, 28.21, 92
1789083357.535912441,2177, 27.82, 89
1789083359.592182228,2177, 27.77, 93
1789083361.642128514,2177, 27.40, 93
1789083363.706296878,2177, 27.55, 91
1789083365.768805929,2177, 27.93, 93
1789083367.818356109,2177, 28.04, 92
1789083369.872801097,2177, 28.14, 91
1789083371.931107759,2177, 27.99, 90
1789083373.981606104,2177, 27.65, 88
1789083376.026337636,2177, 27.46, 91
1789083378.084878463,2177, 28.19, 87
1789083380.142496232,2177, 28.13, 89
1789083382.208857861,2177, 28.15, 80
1789083384.269603428,2177, 27.74, 84
1789083386.309393989,2177, 28.26, 91
1789083388.368265008,2177, 28.17, 92
1789083390.430731220,2177, 28.51, 83
1789083392.477239589,2177, 26.33, 96
1789083394.515912059,2177, 26.66, 82
1789083396.567631713,2177, 26.58, 94
1789083398.623857167,2177, 27.75, 90
1789083400.678272684,2177, 27.92, 83
1789083402.737732592,2177, 28.18, 92
1789083404.784360047,2177, 28.10, 92
1789083406.833039128,2177, 28.12, 92
1789083408.886795465,2177, 28.33, 91
1789083410.939983512,2177, 28.19, 92
1789083412.994366435,2177, 27.94, 84
1789083415.048371627,2177, 28.29, 92
1789083417.107496698,2177, 27.84, 90
1789083419.165897240,2177, 27.82, 92
1789083421.222749988,2177, 27.76, 90
1789083423.285600583,2177, 28.08, 91
1789083425.338776993,2177, 28.00, 92
1789083427.388510219,2177, 28.14, 91
1789083429.444512492,2177, 27.60, 92
1789083431.503820967,2177, 27.89, 90
1789083433.555927063,2177, 27.11, 91
1789083435.611443232,2177, 27.63, 84
1789083437.664919976,2177, 27.78, 86
1789083439.712254692,2177, 27.65, 90
1789083441.765478647,2177, 27.69, 92
1789083443.819326759,2177, 27.75, 92
1789083445.874492866,2177, 27.24, 93
1789083447.938821121,2177, 27.90, 91
1789083449.997075635,2177, 27.62, 93
1789083452.056706961,2177, 28.06, 93
1789083454.103858250,2177, 27.83, 84
1789083456.165359984,2177, 28.15, 92
1789083458.221302954,2177, 27.97, 89
1789083460.266903116,2177, 28.17, 91
1789083462.317875509,2177, 28.04, 86
1789083464.376513732,2177, 28.44, 93
1789083466.426915625,2177, 27.96, 83
1789083468.491890123,2177, 26.34, 92
1789083470.541589643,2177, 28.00, 93
1789083472.596024004,2177, 28.57, 82
1789083474.651161641,2177, 28.30, 92
1789083476.696253830,2177, 28.52, 91
1789083478.752244149,2177, 28.02, 86
1789083480.809679903,2177, 28.34, 90
1789083482.858973856,2177, 28.09, 85
1789083484.916062902,2177, 28.23, 93
1789083486.973672664,2177, 28.07, 92
1789083489.030105481,2177, 27.93, 83
1789083491.083008684,2177, 28.13, 93
1789083493.136540619,2177, 28.01, 85
1789083495.223303059,2177, 28.30, 93
1789083497.276742606,2177, 28.17, 93
1789083499.321232447,2177, 27.95, 88
1789083501.368312139,2177, 28.29, 92
1789083503.420886927,2177, 28.19, 92
1789083505.474773710,2177, 28.00, 93
1789083507.521231156,2177, 27.58, 87
1789083509.572160065,2177, 27.91, 92
1789083511.623349821,2177, 28.14, 84
1789083513.676860947,2177, 27.71, 93
1789083515.729064184,2177, 27.52, 92
1789083517.784007240,2177, 28.23, 92
1789083519.834263578,2177, 28.38, 90
1789083521.884514762,2177, 28.13, 93
1789083523.939733650,2177, 27.80, 92
1789083525.993128586,2177, 28.14, 92
1789083528.051370826,2177, 28.28, 87
1789083530.109333719,2177, 27.77, 92
1789083532.161997737,2177, 27.91, 92
1789083534.217262325,2177, 28.13, 85
1789083536.268240931,2177, 28.51, 92
1789083538.321141389,2177, 28.49, 92
1789083540.380330590,2177, 28.21, 92
1789083542.441704234,2177, 28.34, 89
1789083544.489828498,2177, 28.48, 92
1789083546.544516369,2177, 28.41, 93
1789083548.605084950,2177, 28.22, 93
1789083550.654090519,2177, 28.42, 92
1789083552.705668386,2177, 28.39, 92
1789083554.757116635,2177, 28.44, 83
1789083556.814938283,2177, 28.81, 89
1789083558.862672756,2177, 28.06, 88
1789083560.918883713,2177, 28.36, 93
1789083562.979091991,2177, 28.22, 92
1789083565.037025614,2177, 27.89, 91
1789083567.084405086,2177, 28.30, 94
1789083569.142563552,2177, 28.13, 84
1789083571.243650735,2177, 28.00, 92
1789083573.296310738,2177, 28.30, 92
1789083575.345450056,2177, 28.25, 90
1789083577.400281541,2177, 27.84, 91
1789083579.454651152,2177, 27.96, 94
1789083581.507435915,2177, 28.00, 93
1789083583.565064622,2177, 28.26, 93
1789083585.619413491,2177, 28.01, 94
1789083587.679605359,2177, 28.41, 94
1789083589.729082421,2177, 28.07, 92
1789083591.788627165,2177, 27.95, 92
1789083593.837967551,2177, 27.56, 90
1789083595.900803776,2177, 27.95, 91
1789083597.955466151,2177, 27.92, 89
1789083599.997852539,2177, 28.22, 93
1789083602.051557904,2177, 28.11, 93
1789083604.116472949,2177, 28.00, 83
1789083606.179896187,2177, 27.71, 91
1789083608.225884226,2177, 27.56, 89
1789083610.273570902,2177, 28.25, 92
1789083612.325109234,2177, 28.66, 91
1789083614.381985751,2177, 28.22, 89
1789083616.432938753,2177, 28.55, 94
1789083618.485852134,2177, 28.22, 82
1789083620.536766012,2177, 28.72, 92
1789083622.597062932,2177, 28.27, 92
1789083624.653316176,2177, 28.64, 91
1789083626.705942301,2177, 27.74, 83
1789083628.755643340,2177, 28.37, 91
1789083630.815378990,2177, 28.38, 92
1789083632.875132397,2177, 28.16, 92
1789083634.926114293,2177, 25.01, 91
1789083636.973931087,2177, 25.22, 93
1789083639.030765260,2177, 27.83, 83
1789083641.077305667,2177, 27.99, 89
1789083643.119190189,2177, 25.66, 92
1789083645.163499476,2177, 28.14, 92
1789083647.270864862,2177, 28.59, 91
1789083649.331316685,2177, 28.69, 93
1789083651.374974254,2177, 27.99, 92
1789083653.425429301,2177, 28.02, 90
1789083655.481878563,2177, 27.74, 84
1789083657.532274727,2177, 25.74, 95
1789083659.594403323,2177, 25.19, 95
1789083661.642088782,2177, 25.23, 91
1789083663.678351437,2177, 25.55, 92
1789083665.732988180,2177, 28.06, 90
1789083667.790552326,2177, 27.99, 92
1789083669.844723354,2177, 27.94, 91
1789083671.897842477,2177, 28.01, 92
1789083673.957330744,2177, 27.83, 91
1789083676.002726657,2177, 27.11, 93
1789083678.057520509,2177, 27.70, 92
1789083680.113495014,2177, 27.16, 93
1789083682.152529713,2177, 25.83, 94
1789083684.197534212,2177, 27.40, 91
1789083686.246716096,2177, 26.19, 93
1789083688.293269325,2177, 27.50, 92
1789083690.351861082,2177, 27.74, 93
1789083692.401921791,2177, 28.05, 84
1789083694.445452043,2177, 28.39, 91
1789083696.506178720,2177, 26.50, 83
1789083698.558140718,2177, 25.24, 96
1789083700.611401353,2177, 24.99, 96
1789083702.660073736,2177, 24.89, 92
1789083704.702163484,2177, 25.16, 92
1789083706.756178481,2177, 25.07, 92
1789083708.805195482,2177, 25.74, 93
1789083710.860037883,2177, 25.50, 93
1789083712.910200959,2177, 25.58, 96
1789083714.959910659,2177, 25.53, 92
1789083717.011435858,2177, 24.46, 92
1789083719.063716543,2177, 24.00, 91
1789083721.105037159,2177, 23.41, 84
1789083723.152074104,2177, 25.12, 92
1789083725.208466059,2177, 25.13, 93
1789083727.276806446,2177, 25.27, 96
1789083729.340833156,2177, 24.68, 92
1789083731.379232808,2177, 24.35, 93
1789083733.425734225,2177, 24.48, 84
1789083735.470036170,2177, 23.68, 82
1789083737.509436392,2177, 23.68, 83
1789083739.547299767,2177, 23.82, 96
1789083741.590386765,2177, 23.97, 83
1789083743.640859081,2177, 24.88, 90
1789083745.689003702,2177, 24.05, 93
1789083747.739343151,2177, 24.05, 83
1789083749.779261123,2177, 24.16, 93
1789083751.817178264,2177, 25.56, 93
1789083753.858215272,2177, 24.39, 93
1789083755.904840783,2177, 24.45, 92
1789083757.944894285,2177, 23.92, 83
1789083759.993404159,2177, 24.07, 82
1789083762.035690391,2177, 24.02, 83
1789083764.076041168,2177, 23.94, 96
1789083766.120007459,2177, 24.04, 81
1789083768.163458949,2177, 24.30, 83
1789083770.209087683,2177, 24.15, 81
1789083772.260216265,2177, 24.52, 83
1789083774.303134279,2177, 24.84, 94
1789083776.352806060,2177, 25.00, 93
1789083778.404231133,2177, 24.96, 93
1789083780.450902371,2177, 29.13, 96
1789084511.997855097,2177, 30.61, 15
1789084772.363394485,2177, 12.67, 0
1789084774.396341723,2177, 24.86, 91
1789084776.446646548,2177, 25.83, 90
1789084778.511036369,2177, 25.55, 86
1789084780.561467338,2177, 26.19, 90
1789084782.613878298,2177, 26.82, 96
1789084784.664833845,2177, 26.10, 90
1789084786.714480891,2177, 25.79, 87
1789084788.762271162,2177, 25.73, 83
1789084790.812185347,2177, 26.14, 87
1789084792.868939717,2177, 26.32, 88
1789084794.935668524,2177, 26.08, 88
1789084796.992771393,2177, 26.73, 96
1789084799.051817757,2177, 26.14, 91
1789084801.096949608,2177, 27.71, 89
1789084803.146117571,2177, 26.36, 90
1789084805.200463474,2177, 27.12, 91
1789084807.244949199,2177, 26.31, 75
1789084809.294877314,2177, 26.24, 92
1789084811.344590261,2177, 27.40, 90
1789084813.393501224,2177, 28.22, 91
1789084815.467042756,2177, 28.10, 91
1789084817.509547812,2177, 25.75, 81
1789084819.551923302,2177, 26.70, 89
1789084821.590675070,2177, 27.07, 80
1789084823.631291824,2177, 27.24, 78
1789084825.693712688,2177, 27.82, 86
1789084827.737580706,2177, 27.19, 96
1789084829.792616894,2177, 27.46, 81
1789084831.847208411,2177, 27.19, 82
1789084833.889844931,2177, 27.06, 81
1789084835.937126781,2177, 27.49, 87
1789084837.995617073,2177, 27.33, 92
1789084840.052945588,2177, 27.62, 89
1789084842.110575899,2177, 27.76, 80
1789084844.164654794,2177, 27.72, 92
1789084846.209605807,2177, 27.64, 90
1789084848.267561874,2177, 27.70, 91
1789084850.320090632,2177, 27.62, 79
1789084852.382408913,2177, 30.12, 79
1789084854.434417901,2177, 27.94, 96
1789084856.483714901,2177, 28.01, 80
1789084858.529061700,2177, 26.97, 91
1789084860.581308446,2177, 28.74, 93
1789084862.642388729,2177, 27.88, 90
1789084864.691560483,2177, 27.70, 94
1789084866.741952214,2177, 27.50, 93
1789084868.791172729,2177, 26.36, 90
1789084870.834905217,2177, 25.71, 91
1789084872.885176931,2177, 26.71, 94
1789084874.936081036,2177, 26.16, 88
1789084877.001771368,2177, 26.78, 83
1789084879.051397768,2177, 25.88, 87
1789084881.098442485,2177, 26.11, 91
1789084883.155464167,2177, 27.11, 84
1789084885.205605865,2177, 24.15, 91
1789084887.257259574,2177, 25.18, 89
1789084889.298283241,2177, 23.64, 94
1789084891.343309646,2177, 24.94, 91
1789084893.387786313,2177, 23.87, 92
1789084895.470326795,2177, 23.42, 93
1789084897.518512397,2177, 26.50, 91
1789084899.565591586,2177, 26.17, 91
1789084901.605804634,2177, 27.07, 81
1789084903.656356231,2177, 26.74, 94
1789084905.707774254,2177, 28.19, 91
1789084907.761296162,2177, 27.57, 93
1789084909.809612430,2177, 29.29, 84
1789084911.856436061,2177, 28.70, 96
1789084913.908885379,2177, 28.08, 96
1789084915.963495559,2177, 27.40, 85
1789084918.013259300,2177, 27.43, 81
1789084920.058483020,2177, 27.55, 80
1789084922.115328252,2177, 27.76, 80
1789084924.160300467,2177, 27.60, 94
1789084926.214623196,2177, 28.23, 92
1789084928.277160420,2177, 27.45, 90
1789084930.327729875,2177, 25.17, 96
1789084932.376309251,2177, 26.77, 92
1789084934.416513414,2177, 26.54, 92
1789084936.471496985,2177, 28.67, 92
1789084938.533758169,2177, 29.17, 92
1789084940.588767405,2177, 29.59, 89
1789084942.648557719,2177, 27.94, 81
1789084944.705384610,2177, 27.17, 89
1789084946.738926422,2177, 28.57, 82
1789084948.797338054,2177, 29.03, 90
1789084950.836022475,2177, 28.34, 96
1789084952.888882958,2177, 29.57, 94
1789084954.936288092,2177, 28.66, 96
1789084956.983037122,2177, 28.55, 93
1789084959.037856247,2177, 27.72, 93
1789084961.088603002,2177, 27.89, 96
1789084963.146050504,2177, 26.97, 92
1789084965.187348165,2177, 27.22, 93
1789084967.244733335,2177, 24.62, 92
1789084969.285117030,2177, 25.49, 96
1789084971.328687863,2177, 24.68, 94
1789084973.372168194,2177, 26.25, 91
1789084975.421432775,2177, 26.18, 92
1789084977.494730882,2177, 26.54, 93
1789084979.545925760,2177, 26.31, 83
1789084981.594120512,2177, 26.75, 92
1789084983.646524966,2177, 27.54, 82
1789084985.694376938,2177, 26.80, 93
1789084987.748212088,2177, 26.61, 91
1789084989.819161067,2177, 26.33, 91
1789084991.867442096,2177, 27.22, 83
1789084993.931832697,2177, 27.15, 80
1789084995.981300199,2177, 26.98, 90
1789084998.033074581,2177, 27.91, 92
1789085000.087934263,2177, 28.32, 93
1789085002.143439733,2177, 29.50, 92
1789085004.215264597,2177, 28.66, 82
1789085006.260611921,2177, 26.09, 96
1789085008.315743168,2177, 24.39, 94
1789085010.366098959,2177, 25.38, 96
1789085012.424387196,2177, 27.67, 93
1789085014.482500852,2177, 27.73, 79
1789085016.535798589,2177, 28.05, 83
1789085018.577111590,2177, 28.58, 91
1789085020.630236198,2177, 28.03, 90
1789085022.688816703,2177, 27.96, 82
1789085024.726783700,2177, 28.88, 93
1789085026.800543048,2177, 28.85, 92
1789085028.858663492,2177, 29.26, 96
1789085030.916728892,2177, 28.67, 93
1789085032.968080754,2177, 29.35, 91
1789085035.022024889,2177, 29.34, 96
1789085037.080238150,2177, 28.49, 83
1789085039.127198919,2177, 32.67, 90
1789085041.180362498,2177, 28.84, 91
1789085043.241016123,2177, 27.31, 84
1789085045.289852422,2177, 26.13, 96
1789085047.337716045,2177, 24.53, 92
1789085049.378062095,2177, 28.26, 93
1789085051.443626599,2177, 28.33, 91
1789085053.507243399,2177, 28.42, 93
1789085055.558557193,2177, 19.59, 96
1789085057.618419931,2177, 36.80, 96
1789085059.674226194,2177, 21.84, 96
1789085061.704312207,2171, 33.21, 96
1789085063.736420654,2177, 22.38, 96
1789085065.785277631,2177, 36.61, 96
1789085067.833933053,2177, 16.42, 0
1789085069.868242363,2177, 36.92, 96
1789085071.907626497,2177, 37.47, 96
1789085073.970126774,2177, 18.10, 96
1789085076.023221685,2177, 37.47, 96
1789085078.081568989,2177, 25.30, 0
1789085080.113094027,2177, 24.38, 96
1789085082.146680717,2177, 25.52, 96
1789085084.212399374,2177, 20.19, 96
1789085086.245423612,2177, 21.04, 96
1789085088.290303408,2177, 23.09, 96
1789085090.321480935,2177, 20.19, 96
1789085092.352274060,2177, 21.55, 96
1789085094.386240886,2177, 23.71, 96
1789085096.415713703,2171, 38.52, 96
1789085098.474123360,2177, 17.38, 96
1789085100.528242639,2177, 40.45, 96
1789085102.571460967,2177, 13.90, 91
1789085104.603669802,2177, 36.35, 96
1789085106.653807630,2177, 32.71, 96
1789085108.700248747,2177, 18.57, 96
1789085110.756319145,2177, 37.18, 96
1789085112.809652177,2177, 20.86, 0
1789085114.840356957,2177, 37.11, 96
1789085116.883311649,2177, 35.53, 96
1789085118.929443945,2184, 14.22, 0
1789085120.965056606,2177, 35.45, 96
1789085123.015192941,2177, 36.11, 96
1789085125.048291725,2177, 25.18, 96
1789085127.093347986,2177, 36.86, 96
1789085129.149774541,2177, 18.93, 96
1789085131.181349337,2177, 36.38, 96
1789085133.237487907,2177, 37.90, 96
1789085135.286735264,2177, 14.31, 0
1789085137.320987826,2177, 37.47, 96
1789085139.387144094,2177, 38.27, 96
1789085141.445023819,2177, 21.17, 96
1789085143.505860686,2177, 37.94, 96
1789085145.572817516,2177, 29.02, 96
1789085147.602946231,2177, 31.14, 96
1789085149.652122598,2171, 40.31, 96
1789085151.688016877,2177, 17.01, 5
1789085153.721198097,2177, 37.29, 96
1789085155.791075286,2177, 41.11, 96
1789085157.828373714,2177, 14.23, 0
1789085159.859276740,2177, 37.78, 96
1789085161.910243370,2177, 39.09, 96
1789085163.966230009,2177, 14.80, 0
1789085165.994489242,2177, 35.41, 96
1789085168.045226402,2177, 39.97, 96
1789085170.114301275,2177, 19.55, 96
1789085172.166516535,2177, 38.73, 96
1789085174.211883066,2177, 35.37, 96
1789085176.262947239,2184, 17.26, 0
1789085178.293612115,2171, 36.44, 96
1789085180.345319460,2177, 40.44, 96
1789085182.395388003,2177, 13.79, 0
1789085184.424466402,2177, 36.28, 96
1789085186.476849048,2177, 41.62, 96
1789085188.529837969,2177, 13.90, 0
1789085190.561714921,2177, 38.88, 96
1789085192.603803476,2177, 41.06, 96
1789085194.652181610,2177, 14.06, 0
1789085196.683329911,2177, 38.90, 96
1789085198.730098719,2177, 40.81, 96
1789085200.787285130,2184, 14.26, 0
1789085202.817648011,2177, 39.46, 96
1789085204.875138490,2177, 41.52, 96
1789085206.935483488,2177, 25.91, 88
1789085208.987145498,2177, 25.87, 87
1789085211.035740017,2177, 25.88, 83
1789085213.090216596,2177, 25.70, 92
1789085215.138185150,2177, 25.59, 83
1789085217.186441676,2177, 25.48, 79
1789085219.242879112,2177, 25.63, 90
1789085221.290326777,2177, 25.06, 93
1789085223.343066197,2177, 25.58, 85
1789085225.387389479,2177, 26.13, 90
1789085227.441490042,2177, 25.98, 92
1789085229.530701444,2177, 25.70, 81
1789085231.589121763,2177, 25.74, 91
1789085233.632280173,2177, 25.74, 91
1789085235.683498087,2177, 25.89, 91
1789085237.724627540,2177, 26.19, 90
1789085239.768327208,2177, 25.82, 91
1789085241.811479518,2177, 25.77, 92
1789085243.856891979,2177, 25.85, 91
1789085245.911353624,2177, 26.17, 93
1789085247.965241032,2177, 25.38, 92
1789085250.016130118,2177, 25.88, 93
1789085252.069790188,2177, 26.19, 81
1789085254.126686105,2177, 26.03, 82
1789085256.176929152,2177, 25.55, 87
1789085258.232983795,2177, 25.60, 92
1789085260.280940749,2177, 25.77, 92
1789085262.330738654,2177, 25.59, 93
1789085264.369218642,2177, 25.77, 90
1789085266.416257079,2177, 26.08, 90
1789085268.471264329,2177, 26.40, 84
1789085270.525993520,2177, 26.34, 92
1789085272.573934992,2177, 26.38, 94
1789085274.624062680,2177, 26.40, 79
1789085276.675862389,2177, 26.72, 90
1789085278.722934928,2177, 26.36, 90
1789085280.767081067,2177, 26.62, 93
1789085282.813189613,2177, 26.57, 92
1789085284.867530846,2177, 26.58, 90
1789085286.924788294,2177, 26.11, 86
1789085288.972778919,2177, 26.06, 90
1789085291.023998944,2177, 26.56, 91
1789085293.080335460,2177, 26.37, 91
1789085295.127649664,2177, 26.33, 93
1789085297.171655052,2177, 26.00, 92
1789085299.212419273,2177, 26.08, 92
1789085301.260421987,2177, 25.64, 93
1789085303.315063642,2177, 26.08, 85
1789085305.361402796,2177, 26.33, 89
1789085307.404774846,2177, 26.44, 81
1789085309.451504841,2177, 26.64, 90
1789085311.532609844,2177, 25.69, 92
1789085313.591798424,2177, 25.52, 93
1789085315.639599106,2177, 26.19, 92
1789085317.685536607,2177, 25.79, 87
1789085319.734176628,2177, 25.68, 92
1789085321.783465695,2177, 26.10, 89
1789085323.827441784,2177, 26.21, 90
1789085325.876061692,2177, 26.32, 92
1789085327.926330439,2177, 26.04, 85
1789085329.975789894,2177, 26.54, 90
1789085332.024232809,2177, 26.02, 88
1789085334.074999283,2177, 26.16, 90
1789085336.124872194,2177, 26.28, 90
1789085338.180095613,2177, 26.56, 91
1789085340.227704371,2177, 26.24, 93
1789085342.274362062,2177, 26.24, 92
1789085344.330239609,2177, 26.27, 94
1789085346.380025922,2177, 25.85, 91
1789085348.432549572,2177, 25.72, 91
1789085350.479346677,2177, 26.36, 93
1789085352.530714256,2177, 26.26, 93
1789085354.581386465,2177, 26.45, 90
1789085356.639729471,2177, 25.79, 94
1789085358.690866843,2177, 25.83, 82
1789085360.744757520,2177, 26.60, 91
1789085362.794487990,2177, 26.08, 79
1789085364.845884724,2177, 26.30, 91
1789085366.899197673,2177, 26.46, 92
1789085368.952067684,2177, 26.09, 91
1789085371.011352588,2177, 26.59, 93
1789085373.057676395,2177, 26.20, 89
1789085375.105621218,2177, 26.43, 91
1789085377.160758743,2177, 26.37, 93
1789085379.217530436,2177, 26.50, 92
1789085381.266482318,2177, 26.35, 88
1789085383.320949957,2177, 26.23, 93
1789085385.380848360,2177, 25.98, 90
1789085387.432428520,2177, 26.64, 90
1789085389.493963096,2177, 26.44, 93
1789085391.554887582,2177, 26.30, 85
1789085393.608033586,2177, 25.65, 94
1789085395.654915126,2177, 26.04, 90
1789085397.700981951,2177, 26.41, 91
1789085399.756285865,2177, 25.82, 90
1789085401.801943247,2177, 26.41, 93
1789085403.846479818,2177, 26.24, 90
1789085405.898683300,2177, 25.81, 90
1789085407.944527949,2177, 26.37, 93
1789085409.991808559,2177, 25.90, 92
1789085412.045106014,2177, 26.24, 92
1789085414.097595043,2177, 26.32, 93
1789085416.149463053,2177, 25.66, 92
1789085418.198554348,2177, 25.83, 94
1789085420.257104891,2177, 25.90, 82
1789085422.308596426,2177, 26.51, 93
1789085424.356567020,2177, 26.19, 90
1789085426.407680776,2177, 26.26, 88
1789085428.454398135,2177, 26.45, 91
1789085430.505901090,2177, 26.22, 92
1789085432.557024371,2177, 26.65, 93
1789085434.608482379,2177, 25.82, 84
1789085436.660341356,2177, 26.02, 92
1789085438.714936517,2177, 26.18, 93
1789085440.771024360,2177, 25.86, 93
1789085442.827161394,2177, 26.23, 89
1789085444.881019312,2177, 25.79, 90
1789085446.934603110,2177, 26.43, 93
1789085448.991216022,2177, 25.91, 90
1789085451.045056266,2177, 26.39, 93
1789085453.092165584,2177, 26.82, 84
1789085455.143449665,2177, 26.61, 90
1789085457.193798904,2177, 26.57, 93
1789085459.249823773,2177, 26.76, 90
1789085461.300567460,2177, 26.52, 94
1789085463.355137813,2177, 25.99, 93
1789085465.405294667,2177, 26.60, 94
1789085467.462512542,2177, 26.79, 93
1789085469.517776888,2177, 26.67, 93
1789085471.566277763,2177, 26.49, 93
1789085473.617015255,2177, 26.28, 93
1789085475.662857599,2177, 26.37, 93
1789085477.717899448,2177, 26.19, 82
1789085479.766213874,2177, 26.27, 92
1789085481.821001225,2177, 25.84, 81
1789085483.869794451,2177, 25.92, 94
1789085485.925495307,2177, 26.21, 93
1789085487.978334761,2177, 26.47, 93
1789085490.037117587,2177, 26.08, 93
1789085492.096681975,2177, 26.43, 90
1789085494.144517816,2177, 26.22, 94
1789085496.195997236,2177, 26.49, 93
1789085498.251996860,2177, 26.45, 92
1789085500.299730982,2177, 26.45, 92
1789085502.350697818,2177, 25.69, 89
1789085504.403321368,2177, 25.88, 94
1789085506.452768332,2177, 26.22, 93
1789085508.503272856,2177, 26.34, 91
1789085510.550932907,2177, 26.31, 93
1789085512.595987012,2177, 25.85, 93
1789085514.641669477,2177, 26.66, 92
1789085516.689525873,2177, 26.68, 93
1789085518.738575143,2177, 26.65, 92
1789085520.792057576,2177, 26.61, 91
1789085522.842044111,2177, 26.73, 90
1789085524.897274851,2177, 26.18, 92
1789085526.947110507,2177, 26.64, 93
1789085528.993865882,2177, 26.58, 92
1789085531.047916566,2177, 26.08, 81
1789085533.093645829,2177, 26.53, 93
1789085535.143208095,2177, 26.24, 89
1789085537.192392946,2177, 26.41, 91
1789085539.247005185,2177, 26.64, 91
1789085541.292019826,2177, 25.85, 93
1789085543.336893724,2177, 26.46, 85
1789085545.384109088,2177, 26.53, 92
1789085547.433792223,2177, 26.25, 89
1789085549.486337561,2177, 25.90, 91
1789085551.564014015,2177, 26.35, 92
1789085553.634729993,2177, 26.16, 91
1789085555.682759290,2177, 25.95, 94
1789085557.730617572,2177, 26.49, 93
1789085559.776790790,2177, 26.39, 93
1789085561.825101459,2177, 26.19, 90
1789085563.877509660,2177, 26.08, 91
1789085565.924675674,2177, 26.44, 93
1789085567.980571543,2177, 26.34, 91
1789085570.036265342,2177, 26.32, 89
1789085572.092129405,2177, 25.78, 93
1789085574.148880887,2177, 26.92, 93
1789085576.196420083,2177, 26.08, 93
1789085578.247618171,2177, 25.25, 93
1789085580.290954678,2177, 26.12, 93
1789085582.342672145,2177, 26.86, 92
1789085584.399951514,2177, 25.91, 92
1789085586.448662997,2177, 25.20, 93
1789085588.501032493,2177, 25.39, 91
1789085590.545833224,2177, 25.84, 94
1789085592.603988663,2177, 25.68, 90
1789085594.655041609,2177, 25.79, 91
1789085596.704341093,2177, 26.00, 77
1789085598.771341493,2177, 26.21, 93
1789085600.814940128,2177, 25.47, 93
1789085602.869292411,2177, 25.90, 93
1789085604.922665503,2177, 26.14, 94
1789085606.990710583,2177, 26.51, 93
1789085609.048127457,2177, 25.97, 94
1789085611.102181074,2177, 23.07, 68
1789086806.347500055,2184, 12.01, 0
1789086808.378648666,2184, 24.48, 92
1789086810.431171840,2184, 25.71, 88
1789086812.481967332,2184, 25.09, 92
1789086814.529434257,2184, 25.92, 93
1789086816.576587282,2184, 26.15, 93
1789086818.631357595,2177, 25.74, 77
1789086820.681407720,2177, 25.44, 91
1789086822.725703759,2177, 25.69, 92
1789086824.771007263,2177, 24.42, 92
1789086826.818198928,2184, 24.29, 92
1789086828.866888999,2177, 26.64, 86
1789086830.916660293,2177, 25.85, 82
1789086832.964483089,2177, 25.97, 90
1789086835.010186315,2177, 26.18, 90
1789086837.056890654,2177, 28.10, 90
1789086839.102194008,2177, 25.63, 83
1789086841.152773436,2177, 26.90, 92
1789086843.208896680,2177, 26.11, 86
1789086845.260473042,2177, 26.56, 93
1789086847.315774192,2177, 28.11, 92
1789086849.372620130,2177, 27.55, 96
1789086851.443789390,2177, 26.80, 82
1789086853.497283699,2177, 28.12, 82
1789086855.550980756,2177, 25.99, 80
1789086857.609424114,2177, 27.12, 95
1789086859.650842834,2177, 27.48, 79
1789086861.702998533,2177, 27.70, 96
1789086863.747088411,2177, 27.54, 96
1789086865.801163962,2177, 24.77, 82
1789086867.886640481,2177, 25.68, 83
1789086869.953662946,2177, 25.02, 81
1789086872.002039645,2177, 24.78, 82
1789086874.045432390,2177, 28.59, 95
1789086876.115914133,2177, 27.36, 92
1789086878.165918169,2177, 26.93, 92
1789086880.222950650,2177, 27.21, 96
1789086882.267842085,2177, 28.10, 83
1789086884.332952583,2177, 28.17, 82
1789086886.390121000,2177, 27.52, 93
1789086888.455585261,2177, 27.18, 82
1789086890.509457609,2177, 28.36, 96
1789086892.566097421,2177, 28.24, 82
1789086894.625667641,2177, 28.02, 82
1789086896.682755503,2177, 28.32, 92
1789086898.734341154,2177, 28.15, 93
1789086900.797354886,2177, 28.29, 93
1789086902.855581234,2177, 27.79, 90
1789086904.908400234,2177, 24.47, 87
1789086906.959054265,2177, 23.43, 90
1789086909.007470256,2177, 27.27, 89
1789086911.057688900,2177, 27.17, 88
1789086913.112063558,2177, 26.87, 92
1789086915.164213231,2177, 25.91, 82
1789086917.212526264,2177, 26.17, 91
1789086919.261910787,2177, 26.51, 89
1789086921.316281782,2177, 26.37, 90
1789086923.368465487,2177, 25.38, 91
1789086925.417192644,2177, 26.36, 93
1789086927.470319814,2177, 27.50, 96
1789086929.515254850,2177, 27.23, 92
1789086931.568748753,2177, 29.28, 96
1789086933.622622883,2177, 26.49, 91
1789086935.672202983,2177, 27.48, 91
1789086937.718256263,2177, 27.02, 83
1789086939.767442555,2177, 26.66, 94
1789086941.810696377,2177, 24.47, 92
1789086943.881836532,2177, 26.59, 96
1789086945.943261073,2177, 25.38, 84
1789086947.987424587,2177, 24.61, 84
1789086950.018844200,2177, 26.20, 91
1789086952.068657148,2177, 24.16, 96
1789086954.102688050,2177, 27.21, 83
1789086956.155039394,2177, 27.32, 82
1789086958.223448551,2177, 28.12, 96
1789086960.278666816,2177, 28.12, 91
1789086962.327408868,2177, 28.72, 91
1789086964.400738045,2177, 26.40, 96
1789086966.455041866,2177, 25.42, 96
1789086968.503851643,2177, 28.52, 96
1789086970.557142823,2177, 28.14, 96
1789086972.601751145,2177, 28.32, 92
1789086974.654287137,2177, 28.06, 92
1789086976.701504523,2177, 27.02, 91
1789086978.752450884,2177, 28.87, 96
1789086980.805419141,2177, 28.17, 92
1789086982.860993770,2177, 28.64, 96
1789086984.899178870,2177, 30.71, 96
1789086986.957749777,2177, 28.86, 81
1789086989.018745137,2177, 28.95, 91
1789086991.073696151,2177, 28.21, 93
1789086993.141621831,2177, 29.56, 92
1789086995.203811739,2177, 28.80, 92
1789086997.247918981,2177, 28.84, 94
1789086999.302659127,2177, 27.53, 89
1789087001.366453865,2177, 24.87, 91
1789087003.416554681,2177, 23.46, 92
1789087005.461940293,2177, 26.18, 90
1789087007.506058921,2177, 27.29, 94
1789087009.560688758,2177, 27.32, 91
1789087011.615833264,2177, 24.16, 94
1789087013.658921246,2177, 25.89, 78
1789087015.699912841,2177, 23.73, 93
1789087017.742400044,2177, 24.14, 94
1789087019.789474902,2177, 26.34, 93
1789087021.838669719,2177, 27.47, 84
1789087023.920211706,2177, 27.58, 92
1789087025.974142339,2177, 27.04, 91
1789087028.015662414,2177, 28.84, 93
1789087030.062481933,2177, 26.52, 89
1789087032.108074995,2177, 26.29, 96
1789087034.157181846,2177, 26.81, 91
1789087036.209989526,2177, 26.85, 91
1789087038.258803466,2177, 25.76, 92
1789087040.303875617,2177, 25.35, 91
1789087042.355067576,2177, 26.21, 92
1789087044.397435356,2177, 28.48, 83
1789087046.465025197,2177, 28.75, 91
1789087048.523287085,2177, 27.45, 82
1789087050.584653453,2177, 27.35, 83
1789087052.640871094,2177, 27.52, 81
1789087054.691822585,2177, 27.52, 83
1789087056.754341679,2177, 28.23, 82
1789087058.806146683,2177, 27.71, 90
1789087060.850733835,2177, 27.85, 84
1789087062.899706129,2177, 28.32, 96
1789087064.945611462,2177, 27.79, 92
1789087066.987786651,2177, 24.66, 91
1789087069.031944245,2177, 25.17, 96
1789087071.090084758,2177, 29.48, 96
1789087073.144622230,2177, 25.63, 90
1789087075.194492060,2177, 25.15, 95
1789087077.232377323,2177, 25.12, 81
1789087079.283322901,2177, 25.78, 96
1789087081.333074979,2177, 26.38, 96
1789087083.381647172,2177, 25.05, 91
1789087085.427024162,2177, 25.52, 96
1789087087.481115985,2177, 29.01, 82
1789087089.543164807,2177, 28.59, 87
1789087091.591520892,2177, 27.90, 90
1789087093.644825093,2177, 28.52, 92
1789087095.693839488,2177, 28.54, 93
1789087097.743492820,2177, 15.82, 67
1789087099.772005785,2177, 32.49, 96
1789087101.812617617,2177, 36.06, 96
1789087103.866359796,2177, 23.84, 0
1789087105.924168001,2177, 28.16, 96
1789087107.964308221,2177, 22.49, 0
1789087110.007902501,2177, 29.31, 96
1789087112.057419996,2177, 26.33, 96
1789087114.100320109,2177, 13.69, 37
1789087116.131879679,2177, 37.07, 96
1789087118.181322056,2177, 36.02, 96
1789087120.214725894,2177, 20.16, 96
1789087122.246082392,2177, 38.02, 96
1789087124.293110621,2177, 22.87, 0
1789087126.332463119,2184, 37.09, 96
1789087128.373179670,2177, 29.83, 96
1789087130.406882055,2171, 27.92, 96
1789087132.447061812,2184, 18.66, 96
1789087134.483605068,2177, 37.54, 96
1789087136.522250436,2184, 26.45, 96
1789087138.550009464,2171, 28.24, 96
1789087140.582649535,2177, 37.26, 96
1789087142.618727328,2184, 13.38, 0
1789087144.651272122,2177, 31.05, 96
1789087146.694667869,2177, 35.77, 96
1789087148.749514933,2184, 14.51, 0
1789087150.782329674,2177, 36.95, 96
1789087152.831018481,2177, 29.04, 96
1789087154.862615101,2177, 30.08, 96
1789087156.913708844,2177, 35.47, 96
1789087158.952461194,2184, 14.74, 96
1789087160.982566167,2177, 31.11, 96
1789087163.016627211,2177, 22.39, 96
1789087165.054262200,2177, 26.60, 96
1789087167.088536364,2184, 20.18, 96
1789087169.136775547,2184, 13.65, 96
1789087171.167503247,2177, 35.00, 96
1789087173.226502736,2177, 38.27, 96
1789087175.285880152,2184, 17.72, 96
1789087177.338433590,2177, 37.21, 96
1789087179.378429266,2177, 29.98, 96
1789087181.408072578,2177, 29.18, 96
1789087183.448818555,2177, 40.15, 96
1789087185.485551676,2184, 16.98, 0
1789087187.516196414,2177, 36.33, 96
1789087189.583751530,2177, 38.41, 96
1789087191.630576198,2184, 13.76, 0
1789087193.657785293,2177, 37.96, 96
1789087195.710754430,2171, 40.36, 96
1789087197.770443834,2184, 15.93, 0
1789087199.818365054,2184, 20.18, 96
1789087201.849898574,2184, 19.97, 96
1789087203.881025671,2177, 30.33, 96
1789087205.929858604,2184, 18.32, 96
1789087207.966180700,2184, 16.63, 96
1789087210.010361442,2177, 19.80, 0
1789087212.037460613,2184, 24.03, 96
1789087214.065119307,2184, 20.91, 96
1789087216.106257905,2177, 29.27, 96
1789087218.148245785,2184, 18.11, 96
1789087220.178604486,2184, 26.44, 96
1789087222.227145343,2177, 15.09, 0
1789087224.262363700,2177, 21.34, 96
1789087226.302722635,2184, 19.06, 96
1789087228.341846411,2184, 32.74, 96
1789087230.379552856,2177, 37.92, 96
1789087232.413763511,2184, 21.55, 96
1789087234.444802089,2184, 22.14, 96
1789087236.477003339,2177, 21.44, 96
1789087238.517786736,2171, 39.32, 96
1789087240.570118140,2184, 22.64, 96
1789087242.600609028,2177, 29.99, 96
1789087244.641210346,2184, 26.28, 96
1789087246.673384229,2184, 21.95, 96
1789087248.712327898,2177, 33.71, 96
1789087250.754696823,2184, 22.95, 96
1789087252.781985267,2184, 14.55, 0
1789087254.825664820,2177, 38.04, 96
1789087256.869572120,2177, 39.44, 96
1789087258.900746178,2184, 14.56, 0
1789087260.928821549,2177, 29.80, 96
1789087262.969896025,2184, 27.42, 96
1789087265.007986277,2184, 25.99, 96
1789087267.069643562,2184, 16.68, 0
1789087269.096773929,2184, 20.89, 96
1789087271.124862968,2184, 18.00, 96
1789087273.156238269,2184, 18.42, 96
1789087275.205248595,2184, 17.95, 96
1789087277.235718452,2184, 16.24, 96
1789087279.265982024,2177, 28.37, 96
1789087281.318373852,2184, 16.23, 96
1789087283.350482161,2184, 21.33, 96
1789087285.379477988,2184, 20.81, 96
1789087287.413393928,2184, 18.87, 96
1789087289.455344706,2184, 22.48, 96
1789087291.484313790,2177, 42.62, 96
1789087293.522169869,2184, 25.39, 88
1789087295.575244614,2184, 25.78, 92
1789087297.627678292,2184, 24.38, 91
1789087299.679938918,2184, 22.83, 80
1789087301.725266213,2184, 22.99, 84
1789087303.767353731,2184, 23.17, 91
1789087305.806961516,2184, 22.73, 83
1789087307.848619856,2184, 22.83, 91
1789087309.894864982,2184, 22.76, 89
1789087311.940912560,2184, 22.73, 90
1789087314.004545419,2184, 22.77, 93
1789087316.048745249,2184, 22.59, 95
1789087318.085809826,2184, 23.08, 93
1789087320.127120614,2184, 23.33, 94
1789087322.174074504,2184, 22.52, 94
1789087324.213521911,2184, 22.78, 94
1789087326.256849209,2184, 23.79, 92
1789087328.296444219,2184, 23.36, 93
1789087330.345677021,2184, 23.15, 91
1789087332.382246493,2184, 23.45, 92
1789087334.423202016,2184, 23.21, 92
1789087336.464273555,2184, 23.37, 93
1789087338.504140540,2184, 23.13, 92
1789087340.552584841,2184, 23.29, 93
1789087342.602984640,2184, 24.92, 90
1789087344.650680210,2184, 23.26, 94
1789087346.699313378,2184, 23.21, 93
1789087348.739464944,2184, 22.78, 91
1789087350.778623684,2184, 23.18, 93
1789087352.823953587,2184, 22.89, 93
1789087354.869248195,2184, 23.11, 94
1789087356.915143298,2184, 22.84, 92
1789087358.957271231,2184, 22.75, 83
1789087360.993098706,2184, 23.10, 93
1789087363.041204060,2184, 22.89, 94
1789087365.086854303,2184, 23.95, 91
1789087367.128376993,2184, 23.54, 93
1789087369.177067354,2184, 23.55, 92
1789087371.217760384,2184, 23.65, 95
1789087373.260169872,2184, 23.47, 93
1789087375.307774399,2184, 23.53, 94
1789087377.352534648,2184, 23.65, 94
1789087379.398450237,2184, 23.59, 92
1789087381.442880023,2184, 23.98, 93
1789087383.484200299,2184, 23.75, 92
1789087385.530666511,2184, 23.91, 92
1789087387.574245132,2184, 23.31, 91
1789087389.621859675,2184, 23.32, 92
1789087391.666544021,2184, 24.03, 93
1789087393.712924888,2184, 23.48, 84
1789087395.755724486,2184, 23.50, 93
1789087397.796224349,2184, 23.49, 93
1789087399.842913006,2184, 23.06, 92
1789087401.886116058,2184, 23.84, 93
1789087403.928962070,2184, 23.40, 93
1789087405.979357770,2184, 23.25, 93
1789087408.062576626,2184, 23.19, 93
1789087410.108534035,2184, 23.24, 93
1789087412.149615651,2184, 23.53, 93
1789087414.194075799,2177, 23.54, 89
1789087416.242119358,2177, 23.43, 92
1789087418.286225282,2177, 26.37, 93
1789087420.333952873,2177, 24.52, 82
1789087422.372538220,2177, 25.62, 91
1789087424.425433792,2177, 26.35, 93
1789087426.480029213,2177, 26.32, 94
1789087428.537629376,2177, 26.73, 94
1789087430.587361306,2177, 25.98, 93
1789087432.641130919,2177, 26.83, 93
1789087434.691864908,2177, 26.44, 90
1789087436.746762418,2177, 26.65, 93
1789087438.800206155,2177, 26.44, 92
1789087440.855232622,2177, 26.54, 90
1789087442.903327781,2177, 26.51, 91
1789087444.951903929,2177, 26.68, 91
1789087447.002867651,2177, 26.65, 89
1789087449.051986546,2177, 26.04, 89
1789087451.106735309,2177, 23.68, 93
1789087453.151078951,2177, 24.00, 94
1789087455.194327091,2177, 24.18, 93
1789087457.240362163,2177, 23.75, 93
1789087459.290139318,2177, 23.81, 92
1789087461.338916346,2177, 23.35, 91
1789087463.375107986,2177, 24.07, 93
1789087465.415408220,2177, 23.40, 93
1789087467.458594778,2177, 23.34, 93
1789087469.509197743,2177, 23.24, 92
1789087471.544874079,2177, 23.54, 93
1789087473.591303771,2177, 23.22, 93
1789087475.641867081,2177, 23.81, 92
1789087477.682700066,2177, 23.38, 91
1789087479.727869562,2177, 23.37, 88
1789087481.772140243,2177, 26.01, 83
1789087483.820406445,2177, 26.90, 92
1789087485.867455992,2177, 26.28, 90
1789087487.923855956,2177, 24.23, 93
1789087489.965957752,2177, 26.48, 90
1789087492.029760968,2177, 26.62, 90
1789087494.083124676,2177, 26.77, 93
1789087496.144344823,2177, 25.89, 93
1789087498.186871101,2177, 25.98, 90
1789087500.239709858,2177, 26.55, 93
1789087502.283278751,2177, 26.61, 93
1789087504.330965613,2177, 26.52, 93
1789087506.380995568,2177, 26.44, 92
1789087508.430686034,2177, 26.46, 88
1789087510.480542847,2177, 26.45, 92
1789087512.534699708,2177, 26.08, 93
1789087514.590631201,2177, 23.98, 93
1789087516.630490657,2177, 24.14, 93
1789087518.672010584,2177, 23.75, 92
1789087520.717197185,2177, 23.80, 93
1789087522.767319192,2177, 23.56, 93
1789087524.815173330,2177, 23.63, 93
1789087526.862199130,2177, 23.40, 93
1789087528.913353267,2177, 23.59, 83
1789087530.960668019,2177, 23.13, 92
1789087533.004920951,2177, 23.62, 93
1789087535.049111528,2177, 23.58, 94
1789087537.093741444,2177, 23.66, 93
1789087539.137479165,2177, 23.46, 93
1789087541.181406947,2177, 23.85, 93
1789087543.218775190,2177, 23.76, 94
1789087545.264607261,2177, 26.17, 93
1789087547.318465753,2177, 25.90, 93
1789087549.367290272,2177, 26.58, 94
1789087551.416845631,2177, 26.84, 93
1789087553.474268597,2177, 26.86, 90
1789087555.523080942,2177, 26.14, 93
1789087557.574260923,2177, 26.41, 89
1789087559.628351373,2177, 26.83, 92
1789087561.673507266,2177, 26.62, 79
1789087563.731417855,2177, 26.89, 91
1789087565.787684269,2177, 26.76, 93
1789087567.845795232,2177, 26.28, 91
1789087569.900951448,2177, 26.54, 93
1789087571.957011287,2177, 26.99, 90
1789087574.011239527,2177, 26.70, 92
1789087576.052850917,2177, 26.78, 92
1789087578.101601883,2177, 23.65, 94
1789087580.139681000,2177, 23.37, 93
1789087582.183507697,2177, 23.24, 93
1789087584.226743238,2177, 23.54, 93
1789087586.265565522,2177, 23.42, 92
1789087588.308381630,2177, 23.60, 85
1789087590.356445462,2177, 24.25, 93
1789087592.399478055,2177, 23.52, 94
1789087594.449102576,2177, 23.51, 94
1789087596.492371989,2177, 23.54, 94
1789087598.534281417,2177, 23.78, 93
1789087600.582182438,2177, 23.61, 92
1789087602.619773498,2177, 23.35, 91
1789087604.662277867,2177, 23.26, 92
1789087606.704553256,2177, 23.49, 93
1789087608.745671457,2177, 26.28, 92
1789087610.803608088,2177, 26.25, 91
1789087612.855560458,2177, 26.39, 83
1789087614.905527099,2177, 26.46, 93
1789087616.955824901,2177, 26.48, 94
1789087619.009586081,2177, 26.43, 91
1789087621.059052066,2177, 26.57, 88
1789087623.111401893,2177, 26.65, 92
1789087625.163344500,2177, 26.69, 91
1789087627.226253600,2177, 26.79, 92
1789087629.276571927,2177, 26.87, 92
1789087631.330354431,2177, 26.95, 91
1789087633.385247567,2177, 26.61, 89
1789087635.434650646,2177, 27.06, 91
1789087637.480832143,2177, 26.90, 91
1789087639.532422709,2177, 26.36, 91
1789087641.579449487,2177, 24.17, 93
1789087643.626209444,2177, 23.76, 94
1789087645.667529537,2177, 23.68, 92
1789087647.709280311,2177, 23.87, 92
1789087649.755065899,2177, 23.60, 92
1789087651.800339002,2177, 23.93, 94
1789087653.843075577,2177, 23.54, 83
1789087655.892953760,2177, 24.25, 85
1789087657.943967117,2177, 23.65, 91
1789087659.988302068,2177, 23.71, 92
1789087662.031950167,2177, 23.92, 93
1789087664.108181184,2177, 23.80, 93
1789087666.156462378,2177, 23.94, 94
1789087668.200480376,2177, 23.54, 93
1789087670.246184730,2177, 23.85, 92
1789087672.287835280,2177, 26.57, 92
1789087674.343033389,2177, 26.35, 93
1789087676.392497265,2177, 26.42, 89
1789087678.447818768,2177, 26.51, 93
1789087680.503559815,2177, 26.61, 91
1789087682.561234674,2177, 26.64, 93
1789087684.618392712,2177, 26.66, 91
1789087686.671245297,2177, 27.21, 92
1789087688.720681611,2177, 26.15, 87
1789087690.766692887,2177, 26.84, 93
1789087692.820003738,2177, 26.45, 89
1789087694.869715726,2177, 26.15, 92
1789087696.920180377,2177, 25.40, 92
1789087698.973752982,2177, 25.71, 94
1789087701.021514825,2177, 26.36, 83
1789087703.064327889,2177, 25.93, 90
1789087705.110486042,2177, 23.79, 94
1789087707.160165426,2177, 23.88, 93
1789087709.206075340,2177, 23.73, 94
1789087711.250726082,2177, 23.76, 93
1789087713.295909935,2177, 23.66, 93
1789087715.336658943,2177, 23.36, 84
1789087717.413281217,2177, 23.68, 93
1789087719.456729707,2177, 23.19, 92
1789087721.498460849,2177, 24.96, 93
1789087723.551340486,2177, 24.18, 92
1789087725.596821540,2177, 23.55, 93
1789087727.643823431,2177, 20.41, 93
1789087729.671652464,2177, 26.90, 96
1789090386.500398938,2177, 10.52, 0
1789090388.528719766,2171, 17.85, 89
1789090390.579126520,2171, 22.67, 89
1789090392.629946281,2184, 24.46, 91
1789090394.686753237,2184, 24.83, 92
1789090396.741018290,2184, 24.97, 88
1789090398.815165076,2184, 24.50, 90
1789090400.866589550,2184, 24.30, 90
1789090402.916221448,2184, 24.65, 86
1789090404.963069489,2184, 24.94, 84
1789090407.015548598,2184, 24.90, 83
1789090409.062045324,2184, 25.19, 86
1789090411.109276801,2184, 25.04, 90
1789090413.157852723,2184, 25.52, 88
1789090415.209265619,2184, 25.15, 89
1789090417.254700836,2184, 26.77, 74
1789090419.297669477,2184, 25.40, 85
1789090421.353460671,2184, 25.94, 80
1789090423.398407755,2184, 25.19, 84
1789090425.442207319,2184, 25.30, 91
1789090427.495067166,2184, 27.92, 91
1789090429.547243635,2184, 27.57, 82
1789090431.604073173,2177, 28.26, 80
1789090433.659360583,2177, 27.78, 84
1789090435.720862212,2184, 26.80, 82
1789090437.777070034,2177, 26.74, 84
1789090439.827423634,2177, 26.53, 78
1789090441.880444302,2177, 27.27, 87
1789090443.947623283,2177, 27.19, 90
1789090446.007710602,2177, 27.72, 79
1789090448.055841141,2177, 27.24, 82
1789090450.121127415,2177, 27.14, 91
1789090452.181491818,2177, 27.67, 96
1789090454.223862083,2177, 26.82, 91
1789090456.275733558,2177, 27.68, 90
1789090458.333496214,2177, 27.38, 83
1789090460.388965557,2177, 27.38, 81
1789090462.461293868,2177, 27.72, 88
1789090464.523787590,2177, 27.56, 81
1789090466.599519432,2177, 31.87, 68
1789090468.685458693,2177, 28.09, 79
1789090470.727949027,2177, 28.09, 92
1789090472.771198416,2177, 27.77, 79
1789090474.817614762,2177, 27.21, 83
1789090476.862870019,2177, 27.91, 93
1789090478.918841111,2177, 28.00, 93
1789090480.974140089,2177, 26.61, 59
1789090483.016601375,2177, 26.50, 89
1789090485.073211199,2177, 25.89, 90
1789090487.125576030,2177, 26.76, 89
1789090489.177517485,2177, 27.17, 83
1789090491.225624540,2177, 26.31, 81
1789090493.276143577,2177, 25.89, 90
1789090495.323998454,2177, 25.96, 83
1789090497.375638799,2177, 26.50, 83
1789090499.435516660,2177, 25.87, 82
1789090501.489836234,2177, 26.95, 82
1789090503.535136579,2177, 26.13, 94
1789090505.584700937,2177, 26.52, 90
1789090507.631742367,2177, 26.23, 82
1789090509.685776608,2177, 26.18, 92
1789090511.729269317,2177, 26.73, 93
1789090513.787235330,2177, 26.95, 90
1789090515.840464385,2177, 26.93, 91
1789090517.892304174,2177, 28.73, 91
1789090519.949956344,2177, 28.52, 90
1789090521.995514246,2177, 29.36, 93
1789090524.064042808,2177, 28.43, 81
1789090526.130675082,2177, 27.68, 96
1789090528.184551377,2177, 27.03, 86
1789090530.226892812,2177, 27.37, 96
1789090532.287894733,2177, 27.95, 78
1789090534.359080536,2177, 27.23, 93
1789090536.411031547,2177, 27.74, 91
1789090538.475526087,2177, 27.60, 82
1789090540.537800563,2177, 28.33, 90
1789090542.603583820,2177, 28.29, 92
1789090544.705475267,2177, 28.03, 92
1789090546.764587597,2177, 28.77, 92
1789090548.812398107,2177, 28.29, 77
1789090550.862623191,2177, 28.29, 92
1789090552.911735586,2177, 28.23, 91
1789090554.965433546,2177, 28.19, 83
1789090557.027456204,2177, 27.82, 78
1789090559.089250590,2177, 28.43, 81
1789090561.137301750,2177, 28.59, 81
1789090563.200205653,2177, 29.08, 91
1789090565.255952838,2177, 28.46, 92
1789090567.310171287,2177, 28.30, 93
1789090569.368319621,2177, 27.64, 76
1789090571.432023328,2177, 27.14, 92
1789090573.482190367,2177, 26.03, 94
1789090575.539312315,2177, 26.74, 88
1789090577.581571148,2177, 27.08, 91
1789090579.626275499,2177, 27.17, 90
1789090581.681783172,2177, 26.09, 81
1789090583.729371071,2177, 26.57, 86
1789090585.781680344,2177, 27.27, 91
1789090587.831530512,2177, 26.83, 93
1789090589.883402407,2177, 27.09, 93
1789090591.936673115,2177, 26.94, 91
1789090593.988228384,2177, 27.25, 94
1789090596.042065282,2177, 27.09, 90
1789090598.094880180,2177, 27.27, 91
1789090600.152063347,2177, 26.68, 92
1789090602.197383798,2177, 27.60, 89
1789090604.252923348,2177, 27.11, 93
1789090606.299950741,2177, 28.22, 92
1789090608.345288597,2177, 28.61, 91
1789090610.397327345,2177, 29.56, 93
1789090612.458687576,2177, 28.95, 90
1789090614.518088942,2177, 28.00, 90
1789090616.576123013,2177, 27.96, 80
1789090618.630282092,2177, 27.92, 81
1789090620.709068550,2177, 28.18, 88
1789090622.760949917,2177, 28.17, 96
1789090624.814085298,2177, 28.44, 89
1789090626.864820071,2177, 28.26, 83
1789090628.903227205,2177, 28.17, 96
1789090630.958732219,2177, 28.49, 82
1789090633.015452510,2177, 29.06, 92
1789090635.062647515,2177, 29.14, 92
1789090637.123892340,2177, 29.17, 90
1789090639.187430744,2177, 28.38, 91
1789090641.245107458,2177, 29.12, 91
1789090643.301184281,2177, 28.61, 84
1789090645.348861035,2177, 29.32, 91
1789090647.405510602,2177, 29.21, 91
1789090649.456907526,2177, 29.34, 91
1789090651.512595145,2177, 28.79, 90
1789090653.568540199,2177, 29.50, 96
1789090655.620418311,2177, 28.95, 91
1789090657.673693287,2177, 28.85, 93
1789090659.730268071,2177, 21.72, 93
1789090661.762419916,2177, 17.00, 32
1789090664.198190521,2177, 24.02, 96
1789090666.230596862,2177, 19.48, 0
1789090672.930176849,2177, 27.20, 96
1789090674.974166154,2171, 25.52, 90
1789090677.007385611,2177, 19.02, 96
1789090679.046708849,2177, 30.85, 96
1789090681.083714868,2177, 31.80, 96
1789090683.127281817,2177, 14.10, 0
1789090685.160327360,2177, 34.01, 96
1789090687.210345743,2177, 34.93, 96
1789090689.250357948,2177, 13.41, 0
1789090691.287491401,2177, 37.17, 96
1789090693.337600898,2177, 37.49, 96
1789090695.378990764,2177, 22.09, 96
1789090699.025327575,2177, 26.71, 96
1789090701.066724524,2177, 24.66, 96
1789090703.102804132,2177, 20.00, 47
1789090705.135965547,2177, 24.04, 96
1789090707.179392788,2177, 28.43, 96
1789090709.215126194,2171, 27.65, 96
1789090711.248967382,2171, 20.72, 96
1789090713.284712688,2177, 32.04, 96
1789090715.337144199,2177, 37.97, 96
1789090717.378772445,2177, 15.08, 0
1789090719.408428953,2177, 25.40, 96
1789090721.445371918,2177, 23.87, 96
1789090723.484271608,2177, 24.42, 96
1789090725.521796115,2177, 23.89, 96
1789090727.558289641,2184, 22.76, 96
1789090729.616007611,2171, 36.46, 96
1789090731.671195573,2177, 23.41, 96
1789090733.703694280,2177, 36.10, 96
1789090735.760575054,2177, 37.14, 96
1789090737.804086897,2177, 13.93, 96
1789090739.836468639,2177, 35.88, 96
1789090741.889287872,2177, 38.04, 96
1789090743.954374884,2177, 19.35, 96
1789090745.987010057,2177, 37.71, 96
1789090748.034808459,2177, 30.67, 96
1789090750.062811496,2177, 26.34, 96
1789090752.097264532,2177, 32.79, 96
1789090754.155310542,2177, 36.93, 96
1789090756.222911041,2177, 19.02, 96
1789090758.262293358,2171, 25.52, 96
1789090760.298873169,2177, 24.66, 96
1789090762.331922432,2177, 23.63, 96
1789090764.367348765,2184, 18.17, 0
1789090766.399065367,2177, 30.94, 96
1789090768.441864429,2177, 28.51, 96
1789090770.482061592,2177, 25.99, 96
1789090772.522113715,2184, 14.54, 96
1789090774.550006313,2177, 38.75, 96
1789090776.589614391,2171, 38.78, 96
1789090778.626777111,2184, 26.77, 96
1789090780.737476968,2177, 23.76, 96
1789090782.767767450,2171, 25.89, 96
1789090784.798696214,2177, 28.11, 96
1789090786.825849948,2177, 34.41, 96
1789090788.879562494,2177, 25.14, 96
1789090790.908907488,2177, 21.61, 96
1789090792.948475238,2177, 20.84, 96
1789090794.977388631,2177, 38.79, 96
1789090797.030458679,2177, 39.60, 96
1789090799.077871247,2177, 15.34, 11
1789090801.112198562,2177, 36.89, 96
1789090803.184816721,2171, 40.60, 96
1789090805.241769614,2177, 13.87, 0
1789090807.273652202,2177, 38.77, 96
1789090809.327404888,2177, 32.27, 96
1789090811.370257344,2177, 31.46, 96
1789090813.418419647,2184, 15.66, 96
1789090815.453329159,2177, 31.82, 96
1789090817.510290082,2171, 41.43, 96
1789090819.548322172,2184, 13.63, 0
1789090821.575190751,2177, 37.59, 96
1789090823.604688603,2171, 41.33, 96
1789090825.647463623,2184, 13.58, 0
1789090827.677409958,2177, 30.54, 96
1789090829.704407059,2177, 33.27, 96
1789090831.748542934,2171, 40.08, 96
1789090833.791466476,2184, 14.95, 53
1789090835.824673342,2177, 37.39, 96
1789090837.863755491,2177, 39.78, 96
1789090839.915940586,2177, 26.39, 86
1789090841.972563085,2177, 26.42, 90
1789090844.034516999,2177, 26.40, 89
1789090846.082287227,2177, 26.04, 79
1789090848.131045554,2177, 26.11, 84
1789090850.181482983,2177, 25.77, 80
1789090852.238536042,2177, 26.41, 83
1789090854.298437781,2177, 26.26, 83
1789090856.348643592,2177, 26.17, 82
1789090858.388532680,2177, 26.57, 91
1789090860.434422217,2177, 26.34, 88
1789090862.487125798,2177, 26.25, 93
1789090864.529976268,2177, 26.31, 92
1789090866.585903798,2177, 26.44, 80
1789090868.639445895,2177, 26.37, 93
1789090870.721640616,2177, 26.03, 78
1789090872.774532782,2177, 26.64, 90
1789090874.819635566,2177, 26.53, 92
1789090876.866850696,2177, 26.17, 94
1789090878.921807400,2177, 26.09, 92
1789090880.968967824,2177, 24.72, 93
1789090883.010459236,2177, 24.25, 93
1789090885.047498170,2177, 26.01, 94
1789090887.097606421,2177, 26.06, 91
1789090889.152508936,2177, 26.52, 92
1789090891.203512859,2177, 26.18, 93
1789090893.246682052,2177, 26.09, 92
1789090895.297183142,2177, 26.06, 92
1789090897.342647917,2177, 25.47, 83
1789090899.390522827,2177, 26.19, 91
1789090901.442240695,2177, 26.14, 88
1789090903.490218208,2177, 26.13, 93
1789090905.537837120,2177, 26.21, 83
1789090907.584100221,2177, 26.10, 92
1789090909.633959658,2177, 26.87, 91
1789090911.684606791,2177, 26.18, 87
1789090913.733456243,2177, 26.10, 94
1789090915.783929179,2177, 24.64, 92
1789090917.827569152,2177, 25.00, 92
1789090919.876434825,2177, 24.66, 92
1789090921.920359013,2177, 23.74, 92
1789090923.965308526,2177, 24.28, 83
1789090926.008679428,2177, 23.80, 93
1789090928.050458728,2177, 23.57, 92
1789090930.090280091,2177, 24.49, 93
1789090932.136749658,2177, 26.66, 89
1789090934.194355786,2177, 26.14, 93
1789090936.242323287,2177, 25.99, 94
1789090938.292228507,2177, 26.47, 82
1789090940.328234115,2177, 27.06, 91
1789090942.381024572,2177, 26.75, 91
1789090944.436569960,2177, 26.94, 92
1789090946.488922297,2177, 26.34, 93
1789090948.543220913,2177, 26.48, 78
1789090950.592732424,2177, 26.82, 92
1789090952.640669017,2177, 26.89, 88
1789090954.692550518,2177, 26.26, 90
1789090956.759316976,2177, 26.25, 84
1789090958.816551394,2177, 26.29, 93
1789090960.864122221,2177, 26.28, 80
1789090962.916361822,2177, 26.88, 90
1789090964.966617853,2177, 26.36, 92
1789090967.013698926,2177, 26.48, 91
1789090969.065234936,2177, 26.49, 89
1789090971.118983206,2177, 26.64, 91
1789090973.168051759,2177, 26.56, 80
1789090975.214079194,2177, 26.74, 92
1789090977.262512200,2177, 26.74, 88
1789090979.312683116,2177, 26.34, 92
1789090981.362733634,2177, 26.68, 90
1789090983.415490664,2177, 26.51, 80
1789090985.470410243,2177, 26.19, 81
1789090987.522380447,2177, 26.65, 94
1789090989.574046539,2177, 26.74, 93
1789090991.621422751,2177, 26.94, 91
1789090993.674878545,2177, 26.61, 94
1789090995.736937172,2177, 26.87, 90
1789090997.796527284,2177, 26.93, 89
1789090999.846665702,2177, 26.78, 94
1789091001.893584888,2177, 26.81, 92
1789091003.942919036,2177, 27.20, 90
1789091005.997043990,2177, 27.04, 94
1789091008.056791777,2177, 26.54, 90
1789091010.109031442,2177, 26.25, 93
1789091012.158435808,2177, 26.65, 90
1789091014.209914930,2177, 27.14, 93
1789091016.259788955,2177, 26.97, 93
1789091018.310888075,2177, 27.07, 87
1789091020.358329740,2177, 27.08, 93
1789091022.406900165,2177, 26.87, 90
1789091024.466799088,2177, 27.07, 91
1789091026.522516464,2177, 26.35, 82
1789091028.583288818,2177, 26.05, 93
1789091030.636967655,2177, 27.09, 89
1789091032.691189047,2177, 27.10, 90
1789091034.787207822,2177, 26.93, 90
1789091036.833971086,2177, 26.41, 91
1789091038.880091374,2177, 26.52, 92
1789091040.931613631,2177, 26.64, 91
1789091042.988216036,2177, 26.90, 92
1789091045.043516891,2177, 26.92, 94
1789091047.098352562,2177, 26.78, 90
1789091049.155265771,2177, 26.84, 91
1789091051.204505846,2177, 26.34, 82
1789091053.255131511,2177, 26.98, 93
1789091055.310799146,2177, 26.43, 88
1789091057.362553117,2177, 26.27, 91
1789091059.409058981,2177, 26.13, 91
1789091061.457899933,2177, 25.77, 93
1789091063.507416078,2177, 26.61, 90
1789091065.558183683,2177, 26.55, 89
1789091067.606414577,2177, 26.65, 93
1789091069.651342681,2177, 26.69, 90
1789091071.701787650,2177, 26.93, 91
1789091073.757265245,2177, 26.85, 93
1789091075.808380056,2177, 27.07, 89
1789091077.856301565,2177, 26.71, 92
1789091079.904703675,2177, 27.17, 92
1789091081.958351993,2177, 27.06, 91
1789091084.017559048,2177, 26.95, 93
1789091086.067234528,2177, 26.69, 94
1789091088.119007607,2177, 27.23, 93
1789091090.166412221,2177, 27.20, 92
1789091092.222166885,2177, 26.53, 84
1789091094.270360651,2177, 26.83, 67
1789091096.321719052,2177, 26.91, 91
1789091098.372300747,2177, 26.83, 89
1789091100.423283409,2177, 27.11, 92
1789091102.466837811,2177, 27.11, 90
1789091104.510867004,2177, 26.94, 91
1789091106.555661147,2177, 26.60, 92
1789091108.606402727,2177, 27.11, 92
1789091110.655053846,2177, 26.94, 83
1789091112.697801545,2177, 26.61, 91
1789091114.795933974,2177, 26.75, 91
1789091116.842288699,2177, 26.70, 93
1789091118.893927919,2177, 26.42, 89
1789091120.939972662,2177, 26.22, 90
1789091122.987808237,2177, 26.30, 89
1789091125.030394581,2177, 26.55, 93
1789091127.082458682,2177, 26.70, 93
1789091129.128223427,2177, 26.28, 89
1789091131.179489515,2177, 26.75, 90
1789091133.231909527,2177, 26.49, 90
1789091135.285093575,2177, 26.60, 90
1789091137.336437831,2177, 26.39, 80
1789091139.385053115,2177, 26.87, 93
1789091141.443411435,2177, 26.34, 90
1789091143.492808346,2177, 26.58, 91
1789091145.546679886,2177, 26.77, 92
1789091147.598325810,2177, 26.83, 90
1789091149.646228365,2177, 27.07, 83
1789091151.696476134,2177, 26.69, 92
1789091153.750332470,2177, 26.72, 91
1789091155.798511526,2177, 26.68, 93
1789091157.848142999,2177, 26.96, 91
1789091159.894945786,2177, 26.61, 93
1789091161.947749946,2177, 26.93, 92
1789091164.001142702,2177, 26.96, 90
1789091166.056979726,2177, 26.77, 90
1789091168.112436743,2177, 26.50, 90
1789091170.165753055,2177, 26.53, 80
1789091172.215413821,2177, 26.76, 88
1789091174.268670738,2177, 26.89, 92
1789091176.320478899,2177, 26.77, 94
1789091178.370095667,2177, 27.62, 93
1789091180.433507087,2177, 26.58, 89
1789091182.487646440,2177, 25.96, 83
1789091184.530419959,2177, 26.96, 92
1789091186.582196917,2177, 27.54, 93
1789091188.638029624,2177, 26.39, 83
1789091190.688351879,2177, 25.91, 91
1789091192.743694391,2177, 25.80, 91
1789091194.821775166,2177, 26.25, 90
1789091196.867039474,2177, 26.07, 92
1789091198.911972205,2177, 27.06, 92
1789091200.967316498,2177, 25.88, 90
1789091203.014607453,2177, 26.56, 93
1789091205.064161091,2177, 26.71, 90
1789091207.133830989,2177, 26.09, 90
1789091209.185163590,2177, 26.85, 93
1789091211.235261624,2177, 26.64, 84
1789091213.286951049,2177, 24.71, 90
1789091215.319526539,2171, 29.98, 96
1789091245.037225639,2184, 11.43, 0
1789091247.066580950,2184, 24.50, 88
1789091249.115296124,2184, 22.92, 94
1789091251.159190296,2184, 24.91, 82
1789091253.207724052,2184, 26.36, 91
1789091255.269293986,2184, 25.80, 94
1789091257.316620121,2184, 25.93, 90
1789091259.365063566,2184, 25.31, 83
1789091261.407726460,2184, 25.22, 94
1789091263.457580369,2184, 26.22, 92
1789091265.512903252,2184, 25.53, 92
1789091267.560517799,2184, 26.71, 90
1789091269.616860507,2184, 25.66, 92
1789091271.659223958,2177, 26.08, 91
1789091273.710014323,2177, 25.62, 94
1789091275.752450450,2177, 27.82, 96
1789091277.801794265,2177, 26.03, 90
1789091279.870485098,2177, 26.55, 93
1789091281.925992686,2177, 26.69, 93
1789091283.979732234,2177, 27.56, 92
1789091286.025321239,2177, 27.88, 92
1789091288.076496385,2177, 29.13, 91
1789091290.124069690,2177, 28.35, 91
1789091292.182907707,2177, 27.38, 92
1789091294.239043303,2177, 27.56, 81
1789091296.293298348,2177, 27.86, 83
1789091298.352109153,2177, 28.00, 92
1789091300.414698730,2177, 27.58, 92
1789091302.482041827,2177, 26.55, 82
1789091304.533640279,2177, 27.75, 90
1789091306.590223146,2177, 28.12, 94
1789091308.654599138,2177, 28.34, 83
1789091310.717182657,2177, 28.67, 91
1789091312.770273460,2177, 27.16, 90
1789091314.865397360,2177, 28.19, 93
1789091316.945793154,2177, 28.89, 88
1789091318.987845280,2177, 28.55, 90
1789091321.045308535,2177, 27.86, 95
1789091323.092754178,2177, 30.80, 96
1789091325.135848013,2177, 28.67, 90
1789091327.195449998,2177, 28.81, 82
1789091329.241638223,2177, 28.12, 90
1789091331.303382121,2177, 28.34, 82
1789091333.363316410,2177, 28.17, 91
1789091335.422972364,2177, 28.10, 93
1789091337.468333792,2177, 27.17, 92
1789091339.507381835,2177, 27.07, 90
1789091341.559799959,2177, 26.03, 80
1789091343.612839616,2177, 27.13, 93
1789091345.661402857,2177, 27.65, 93
1789091347.708774518,2177, 27.07, 92
1789091349.770394577,2177, 26.05, 91
1789091351.819704454,2177, 25.50, 93
1789091353.881905183,2177, 27.00, 92
1789091355.943931447,2177, 26.74, 93
1789091357.995287157,2177, 27.50, 89
1789091360.046585809,2177, 26.92, 91
1789091362.096454211,2177, 26.57, 81
1789091364.142278897,2177, 26.11, 91
1789091366.189780040,2177, 26.99, 90
1789091368.238277212,2177, 26.56, 92
1789091370.295556832,2177, 27.14, 85
1789091372.345437837,2177, 26.85, 93
1789091374.394479980,2177, 25.16, 93
1789091376.445985297,2177, 28.42, 91
1789091378.505196331,2177, 29.44, 91
1789091380.555112675,2177, 26.75, 83
1789091382.616870082,2177, 28.11, 90
1789091384.662568566,2177, 25.74, 96
1789091386.729817792,2177, 27.63, 81
1789091388.784431235,2177, 27.77, 84
1789091390.866990600,2177, 28.19, 81
1789091392.941132071,2177, 28.18, 91
1789091394.994677994,2177, 28.06, 89
1789091397.042988124,2177, 27.77, 90
1789091399.090198849,2177, 28.01, 94
1789091401.172757855,2177, 27.99, 91
1789091403.229615600,2177, 27.79, 91
1789091405.281118608,2177, 28.35, 96
1789091407.341853537,2177, 26.64, 81
1789091409.395749974,2177, 27.46, 90
1789091411.436428132,2177, 28.77, 90
1789091413.500194629,2177, 30.83, 89
1789091415.558268070,2177, 28.49, 91
1789091417.612292546,2177, 28.50, 91
1789091419.657215545,2177, 28.93, 92
1789091421.709767222,2177, 28.51, 85
1789091423.758287245,2177, 28.05, 92
1789091425.810809828,2177, 27.42, 93
1789091427.866635423,2177, 27.74, 94
1789091429.912922357,2177, 26.38, 93
1789091431.955212134,2177, 27.24, 94
1789091434.004608269,2177, 26.90, 93
1789091436.077032680,2177, 26.91, 94
1789091438.129187601,2177, 25.69, 89
1789091440.176106936,2177, 26.14, 92
1789091442.231459170,2177, 24.29, 90
1789091444.275956138,2177, 26.29, 82
1789091446.327568105,2177, 26.29, 93
1789091448.370709376,2177, 26.73, 93
1789091450.424459795,2177, 27.46, 94
1789091452.472104837,2177, 26.30, 91
1789091454.524172502,2177, 29.24, 94
1789091456.577042098,2177, 26.71, 91
1789091458.635619576,2177, 26.92, 92
1789091460.691533460,2177, 26.81, 89
1789091462.744606277,2177, 28.07, 91
1789091464.796226631,2177, 29.02, 89
1789091466.911215745,2177, 29.06, 92
1789091468.972725294,2177, 28.13, 90
1789091471.030724739,2177, 27.73, 83
1789091473.069595822,2177, 27.34, 87
1789091475.128118954,2177, 24.83, 96
1789091477.175854354,2177, 27.94, 81
1789091479.235441267,2177, 27.75, 91
1789091481.290458526,2177, 28.18, 89
1789091483.339716151,2177, 27.96, 89
1789091485.397785424,2177, 27.50, 90
1789091487.456775012,2177, 27.81, 96
1789091489.511290800,2177, 28.05, 90
1789091491.573257139,2177, 28.59, 89
1789091493.627709623,2177, 28.57, 96
1789091495.685849757,2177, 28.84, 91
1789091497.745990056,2177, 29.23, 96
1789091499.788365733,2177, 28.42, 85
1789091501.847000204,2171, 32.22, 96
1789091503.910233298,2177, 28.41, 90
1789091505.955635704,2177, 29.09, 90
1789091507.994607517,2177, 26.12, 93
1789091510.038264303,2177, 28.75, 91
1789091512.091804527,2177, 28.14, 92
1789091514.142393300,2177, 28.52, 93
1789091516.185914793,2177, 14.03, 0
1789091518.215443426,2177, 34.92, 96
1789091520.246287618,2177, 33.59, 96
1789091522.306733687,2177, 32.54, 96
1789091524.349708890,2177, 25.34, 96
1789091526.401595422,2177, 26.99, 82
1789091528.454081819,2177, 26.75, 93
1789091530.495664131,2177, 26.55, 94
1789091532.542538599,2177, 26.63, 92
1789091534.584403796,2177, 26.80, 94
1789091536.627271929,2177, 26.81, 91
1789091538.675383001,2177, 25.72, 91
1789091540.730073026,2177, 26.47, 92
1789091542.783492969,2177, 26.62, 84
1789091544.852780765,2177, 26.97, 91
1789091546.914226082,2177, 26.32, 80
1789091548.963750004,2177, 26.19, 93
1789091551.014691293,2177, 26.39, 90
1789091553.066632558,2177, 26.68, 89
1789091555.118945352,2177, 26.53, 89
1789091557.171355228,2177, 26.52, 89
1789091559.220057013,2177, 26.51, 92
1789091561.272800286,2177, 26.86, 91
1789091563.320524414,2177, 26.88, 92
1789091565.369377030,2177, 26.58, 92
1789091567.417253707,2177, 26.06, 89
1789091569.468341169,2177, 26.69, 92
1789091571.513969121,2177, 24.58, 93
1789091573.565963000,2177, 26.52, 91
1789091575.619674037,2177, 26.79, 90
1789091577.666161025,2177, 26.53, 93
1789091579.708536354,2177, 27.06, 93
1789091581.760370258,2177, 26.62, 93
1789091583.809663939,2177, 26.12, 88
1789091585.865231741,2177, 26.65, 92
1789091587.919281173,2177, 26.32, 92
1789091589.969044819,2177, 27.11, 89
1789091592.016345841,2177, 26.69, 92
1789091594.071499331,2177, 27.00, 90
1789091596.122712346,2177, 26.37, 82
1789091598.172416159,2177, 26.64, 92
1789091600.222718524,2177, 26.83, 92
1789091602.268808110,2177, 26.87, 93
1789091604.316839156,2177, 26.81, 88
1789091606.371950913,2177, 26.33, 94
1789091608.419758490,2177, 27.29, 89
1789091610.468329339,2177, 26.34, 90
1789091612.518928960,2177, 27.00, 90
1789091614.576071677,2177, 26.87, 89
1789091616.617882668,2177, 26.99, 93
1789091618.679375167,2177, 26.06, 93
1789091620.712210969,2177, 23.86, 94
1789091622.754663779,2177, 24.92, 91
1789091624.795893080,2177, 23.59, 91
1789091626.838745698,2177, 25.28, 89
1789091628.913652160,2177, 26.46, 89
1789091630.959848131,2177, 26.12, 93
1789091633.005673377,2177, 26.34, 92
1789091635.052173782,2177, 26.59, 92
1789091637.094125247,2177, 26.10, 82
1789091639.141111877,2177, 24.41, 92
1789091641.196768332,2177, 26.26, 89
1789091643.252305660,2177, 26.30, 92
1789091645.298313566,2177, 26.05, 92
1789091647.344491673,2177, 26.29, 82
1789091649.386499223,2177, 26.08, 90
1789091651.438909139,2177, 26.29, 83
1789091653.490141450,2177, 26.63, 89
1789091655.546073982,2177, 26.36, 89
1789091657.605883152,2177, 26.34, 82
1789091659.667281991,2177, 26.33, 81
1789091661.711116468,2177, 23.72, 92
1789091663.755809800,2177, 23.99, 93
1789091665.800588275,2177, 24.13, 92
1789091667.836881757,2177, 24.20, 93
1789091669.872799504,2177, 23.87, 93
1789091671.909208907,2177, 23.23, 93
1789091673.954463510,2177, 23.66, 83
1789091675.998610237,2177, 24.22, 92
1789091678.044341560,2177, 24.42, 93
1789091680.080740963,2177, 24.97, 93
1789091682.130822195,2177, 26.35, 93
1789091684.188902263,2177, 26.18, 93
1789091686.239521174,2177, 26.59, 93
1789091688.289906653,2177, 26.19, 89
1789091690.345031393,2177, 26.44, 93
1789091692.395055770,2177, 26.68, 92
1789091694.445568441,2177, 26.77, 94
1789091696.505719688,2177, 27.06, 93
1789091698.560526669,2177, 26.39, 91
1789091700.611470339,2177, 26.40, 93
1789091702.666326712,2177, 26.85, 89
1789091704.710867070,2177, 26.70, 93
1789091706.758479588,2177, 27.00, 92
1789091708.806640497,2177, 27.23, 93
1789091710.862355634,2177, 26.42, 89
1789091712.934726497,2177, 23.99, 93
1789091714.978870303,2177, 24.17, 93
1789091717.030915169,2177, 23.93, 93
1789091719.073403602,2177, 23.98, 93
1789091721.114575471,2177, 23.53, 93
1789091723.156305921,2177, 24.13, 93
1789091725.198778937,2177, 23.78, 93
1789091727.242348134,2177, 24.18, 92
1789091729.281598884,2177, 25.06, 92
1789091731.336957555,2177, 26.43, 91
1789091733.379840583,2177, 26.57, 86
1789091735.425003677,2177, 26.22, 93
1789091737.476118508,2177, 26.35, 90
1789091739.525029880,2177, 26.70, 93
1789091741.581041786,2177, 26.48, 90
1789091743.626844475,2177, 26.51, 93
1789091745.678235127,2177, 26.62, 90
1789091747.729939401,2177, 26.12, 89
1789091749.778087114,2177, 26.29, 92
1789091751.829560923,2177, 25.92, 82
1789091753.878091946,2177, 26.11, 92
1789091755.925199108,2177, 26.36, 90
1789091757.976855033,2177, 25.92, 82
1789091760.019384476,2177, 26.34, 85
1789091762.073493642,2177, 24.28, 93
1789091764.115333852,2177, 23.67, 93
1789091766.155206154,2177, 23.90, 93
1789091768.196284637,2177, 23.50, 92
1789091770.236339912,2177, 23.77, 93
1789091772.275558556,2177, 23.64, 93
1789091774.321035271,2177, 23.71, 92
1789091776.363397186,2177, 23.77, 93
1789091778.406201841,2177, 23.82, 92
1789091780.447923563,2177, 23.90, 92
1789091782.490247897,2177, 23.17, 92
1789091784.533766459,2177, 23.25, 92
1789091786.574939866,2177, 23.32, 92
1789091788.616920221,2177, 23.47, 93
1789091790.660928594,2184, 23.26, 90
1789091792.701828981,2177, 26.11, 91
1789091794.751862936,2177, 26.34, 92
1789091796.804046494,2177, 26.28, 91
1789091798.856378633,2177, 26.30, 92
1789091800.904768212,2177, 26.43, 93
1789091802.964547931,2177, 26.69, 93
1789091805.013754369,2177, 26.62, 90
1789091807.071028155,2177, 26.16, 93
1789091809.116661878,2177, 26.22, 92
1789091811.162768615,2177, 26.59, 94
1789091813.205684070,2177, 26.74, 93
1789091815.256632904,2177, 26.48, 90
1789091817.306483522,2177, 25.23, 90
1789091819.352748716,2177, 26.15, 90
1789091821.407729447,2177, 26.60, 89
1789091823.462447258,2177, 26.59, 92
1789091825.517473729,2177, 23.54, 93
1789091827.559945772,2177, 23.45, 92
1789091829.599705684,2177, 23.48, 93
1789091831.640046144,2177, 23.94, 93
1789091833.683636779,2177, 23.68, 85
1789091835.722945669,2177, 23.80, 93
1789091837.764676289,2177, 23.41, 93
1789091839.805285540,2177, 23.88, 92
1789091841.857016804,2177, 26.63, 92
1789091843.909229689,2177, 26.29, 94
1789091845.960765829,2177, 26.49, 93
1789091848.014333939,2177, 26.49, 90
1789091850.067964278,2177, 24.44, 92
1789091852.115866589,2177, 26.80, 93
1789091854.169927083,2177, 26.84, 93
1789091856.224412382,2177, 26.96, 94
1789091858.275756558,2177, 26.44, 89
1789091860.322064384,2177, 26.84, 91
1789091862.373228844,2177, 26.96, 92
1789091864.422313314,2177, 27.08, 91
1789091866.473839865,2177, 26.63, 90
1789091868.528953470,2177, 26.41, 83
1789091870.581095566,2177, 27.08, 93
1789091872.631104778,2177, 24.83, 93
1789091874.674293818,2177, 23.80, 93
1789091876.720135578,2177, 23.79, 93
1789091878.762656182,2177, 23.61, 93
1789091880.800933154,2177, 23.57, 93
1789091882.842841740,2177, 23.07, 93
1789091884.878982791,2177, 23.42, 93
1789091886.923109366,2177, 23.77, 93
1789091888.965590223,2177, 26.04, 88
1789091891.026507059,2177, 27.08, 92
1789091893.075922071,2177, 25.89, 89
1789091895.118747551,2177, 26.83, 94
1789091897.171252246,2177, 26.25, 85
1789091899.220053451,2177, 25.95, 93
1789091901.260474360,2177, 25.62, 92
1789091903.306562190,2177, 25.48, 92
1789091905.361553318,2177, 26.56, 92
1789091907.401897363,2177, 25.72, 91
1789091909.454385690,2177, 26.60, 92
1789091911.501635186,2177, 26.00, 87
1789091913.556186016,2177, 26.06, 92
1789091915.599510875,2177, 25.56, 90
1789091917.650972010,2177, 26.20, 89
1789091919.706869156,2177, 25.58, 86
1789091921.751116684,2177, 24.25, 93
1789091923.796811879,2177, 23.78, 93
1789091925.841986536,2177, 23.45, 89
1789091927.888697322,2184, 20.56, 21
1789092587.986938277,208, 5.52, 0
1789093516.826984252,2184, 11.42, 0
1789093518.858657989,2184, 23.61, 90
1789093520.913457849,2184, 24.72, 88
1789093522.953728951,2184, 24.60, 88
1789093524.994864888,2184, 25.37, 89
1789093527.046988895,2184, 25.92, 80
1789093529.090931402,2184, 25.14, 93
1789093531.146575036,2184, 25.15, 92
1789093533.189601339,2184, 25.37, 90
1789093535.235522354,2184, 25.86, 92
1789093537.293432271,2184, 25.01, 84
1789093539.333222274,2184, 23.75, 77
1789093541.374938411,2184, 22.64, 93
1789093543.421236062,2184, 23.62, 84
1789093545.468611094,2184, 22.61, 88
1789093547.510306601,2184, 22.37, 89
1789093549.539055833,2184, 22.85, 88
1789093551.584812952,2184, 22.74, 89
1789093553.623172879,2184, 23.90, 96
1789093555.670258423,2184, 24.60, 81
1789093557.709734038,2184, 22.97, 91
1789093559.749860186,2184, 24.62, 84
1789093561.800850851,2184, 24.10, 93
1789093563.843046513,2184, 24.27, 90
1789093565.888500888,2177, 25.97, 96
1789093567.940081803,2177, 23.77, 96
1789093569.989892976,2177, 24.82, 94
1789093572.036792724,2177, 23.96, 88
1789093574.080333542,2177, 24.02, 92
1789093576.116954610,2177, 26.99, 79
1789093578.164829347,2177, 27.23, 96
1789093580.205638509,2177, 27.21, 78
1789093582.267669675,2177, 27.55, 81
1789093584.310961441,2177, 27.15, 80
1789093586.362857256,2177, 27.50, 81
1789093588.410763868,2177, 27.33, 90
1789093590.466270209,2177, 27.76, 92
1789093592.516444225,2177, 27.69, 92
1789093594.572038270,2177, 27.20, 82
1789093596.663021730,2177, 27.56, 90
1789093598.722393565,2177, 27.80, 93
1789093600.782020043,2177, 27.71, 81
1789093602.840489533,2177, 26.49, 91
1789093604.894652573,2177, 27.23, 80
1789093606.951527541,2177, 26.90, 80
1789093609.004109499,2177, 25.64, 96
1789093611.051710239,2177, 25.33, 96
1789093613.089467225,2177, 25.69, 96
1789093615.136937366,2177, 25.01, 93
1789093617.198155483,2177, 24.83, 92
1789093619.249769047,2177, 24.95, 96
1789093621.296026897,2177, 25.19, 96
1789093623.341163934,2177, 24.62, 93
1789093625.385165774,2177, 26.05, 90
1789093627.429880676,2177, 25.23, 90
1789093629.488085218,2177, 25.31, 81
1789093631.535470854,2177, 27.07, 94
1789093633.584221889,2184, 25.15, 90
1789093635.628275834,2177, 25.60, 84
1789093637.675649437,2177, 25.61, 90
1789093639.725125961,2177, 26.39, 81
1789093641.769430195,2177, 26.45, 90
1789093643.816785414,2177, 27.15, 93
1789093645.866064081,2177, 26.25, 93
1789093647.912198941,2177, 26.61, 93
1789093649.962876549,2177, 25.63, 86
1789093652.017061511,2177, 26.04, 93
1789093654.070130940,2177, 26.01, 90
1789093656.129979552,2177, 26.83, 89
1789093658.180023005,2184, 23.33, 94
1789093660.222399893,2184, 23.09, 94
1789093662.278653877,2184, 23.93, 92
1789093664.325911424,2184, 24.31, 93
1789093666.379165335,2177, 29.09, 90
1789093668.446616567,2177, 28.81, 91
1789093670.501352716,2177, 27.71, 94
1789093672.552420610,2177, 26.50, 85
1789093674.599589577,2177, 26.63, 80
1789093676.713926043,2177, 27.13, 80
1789093678.773276941,2177, 27.66, 78
1789093680.807940166,2177, 27.40, 88
1789093682.873472508,2177, 26.22, 96
1789093684.933613873,2177, 27.79, 90
1789093686.986136579,2177, 27.48, 89
1789093689.048404807,2177, 28.36, 93
1789093691.097349873,2177, 28.01, 93
1789093693.146406545,2177, 28.26, 91
1789093695.196533129,2177, 27.19, 96
1789093697.249326506,2177, 27.64, 89
1789093699.305504646,2177, 26.78, 80
1789093701.363356826,2177, 27.69, 85
1789093703.416648799,2177, 29.92, 93
1789093705.452600038,2177, 28.27, 94
1789093707.521966315,2177, 28.04, 79
1789093709.573372481,2177, 28.15, 82
1789093711.625504255,2177, 28.44, 91
1789093713.678363636,2177, 27.89, 92
1789093715.736780247,2177, 26.40, 94
1789093717.783620803,2177, 27.34, 92
1789093719.834581610,2177, 26.34, 83
1789093721.877954159,2177, 25.10, 80
1789093723.937831838,2177, 26.54, 93
1789093725.983617636,2177, 27.41, 81
1789093728.029947330,2177, 26.20, 82
1789093730.077993960,2177, 25.46, 89
1789093732.128206407,2184, 22.98, 90
1789093734.173050856,2177, 26.62, 94
1789093736.218510225,2177, 26.32, 92
1789093738.277075103,2177, 27.06, 90
1789093740.326893994,2177, 26.00, 91
1789093742.376120749,2177, 26.46, 92
1789093744.430012939,2177, 25.69, 91
1789093746.478308987,2177, 26.21, 92
1789093748.530445654,2184, 23.35, 82
1789093750.579556789,2177, 24.71, 96
1789093752.626298280,2177, 23.71, 90
1789093754.680808188,2184, 24.10, 93
1789093756.728712992,2177, 27.61, 93
1789093758.781494768,2177, 28.54, 90
1789093760.835195961,2177, 29.22, 87
1789093762.905578939,2177, 28.22, 95
1789093764.952939500,2177, 27.74, 91
1789093766.996208145,2184, 24.08, 96
1789093769.037234154,2177, 26.84, 83
1789093771.086716149,2177, 27.66, 87
1789093773.124091242,2177, 27.40, 81
1789093775.182775965,2177, 27.73, 80
1789093777.239619686,2177, 27.31, 93
1789093779.283693770,2177, 27.73, 82
1789093781.344811831,2177, 28.28, 83
1789093783.402749112,2177, 28.03, 93
1789093785.457872943,2177, 28.02, 91
1789093787.501958466,2177, 27.79, 93
1789093789.564167407,2177, 27.85, 91
1789093791.611489382,2177, 28.51, 90
1789093793.654035311,2177, 28.14, 82
1789093795.709563982,2177, 31.60, 30
1789093797.762932514,2177, 28.29, 92
1789093799.827232842,2177, 28.30, 96
1789093801.891435161,2177, 28.34, 92
1789093803.949387658,2177, 26.80, 92
1789093806.006849811,2177, 27.97, 84
1789093808.050830103,2177, 27.95, 93
1789093810.104879357,2184, 20.30, 0
1789093812.141725163,2184, 14.38, 96
1789093814.448551605,2184, 22.22, 96
1789093816.481208719,2177, 25.74, 96
1789093818.515873875,2177, 26.26, 96
1789093820.548515661,2177, 24.84, 96
1789093822.583733650,2184, 19.47, 96
1789093824.618355840,2177, 27.96, 96
1789093826.659960380,2184, 13.82, 0
1789093828.689953591,2184, 24.47, 96
1789093830.730659764,2177, 26.45, 96
1789093832.761418352,2184, 25.35, 96
1789093834.809627318,2184, 14.56, 96
1789093836.838369250,2184, 26.89, 96
1789093838.884756391,2184, 26.84, 96
1789093840.915988295,2184, 26.80, 96
1789093842.946819872,2184, 22.36, 96
1789093844.974025790,2184, 22.47, 64
1789093847.004620424,2177, 36.83, 96
1789093849.059753201,2184, 24.85, 0
1789093851.093140944,2184, 25.32, 96
1789093853.127111336,2184, 29.03, 96
1789093855.169377104,2184, 32.44, 96
1789093857.213882243,2184, 13.62, 96
1789093859.248762135,2177, 35.78, 96
1789093861.295965391,2177, 36.20, 96
1789093863.329669652,2184, 19.04, 96
1789093865.376399598,2184, 34.45, 96
1789093867.411281670,2184, 20.19, 76
1789093869.444830103,2184, 19.19, 96
1789093871.474907373,2177, 26.66, 96
1789093873.527552449,2177, 28.50, 96
1789093875.561390509,2177, 29.27, 96
1789093877.605439820,2177, 31.13, 96
1789093879.637310729,2184, 14.48, 0
1789093881.666444670,2177, 34.40, 96
1789093883.726278310,2177, 36.53, 96
1789093885.779955154,2184, 13.52, 0
1789093887.810876116,2177, 33.54, 96
1789093889.861596064,2177, 36.83, 96
1789093891.911249029,2184, 17.54, 0
1789093893.960495203,2177, 36.19, 96
1789093896.020438003,2177, 26.89, 96
1789093898.047306977,2184, 32.61, 96
1789093900.093519001,2177, 38.75, 96
1789093902.147340193,2184, 16.21, 0
1789093904.177459535,2177, 35.43, 96
1789093906.228461559,2177, 39.16, 96
1789093908.272786948,2184, 13.68, 0
1789093910.303725183,2177, 36.12, 96
1789093912.347808975,2177, 37.60, 96
1789093914.406690341,2184, 22.00, 96
1789093916.452238825,2177, 38.36, 96
1789093918.490616466,2177, 28.52, 96
1789093920.524276209,2184, 27.56, 96
1789093922.569535266,2177, 38.81, 96
1789093924.620244034,2184, 20.43, 0
1789093926.652397677,2177, 37.76, 96
1789093928.752670952,2177, 34.24, 96
1789093930.809193369,2184, 17.61, 0
1789093932.840985746,2177, 37.12, 96
1789093934.888488145,2177, 38.87, 96
1789093936.934068456,2184, 13.79, 0
1789093938.964788510,2177, 36.62, 96
1789093941.008500440,2171, 40.76, 96
1789093943.049122457,2184, 13.66, 0
1789093945.076959275,2177, 37.17, 96
1789093947.128003721,2171, 39.24, 96
1789093949.169530362,2184, 14.01, 0
1789093951.198203019,2177, 36.63, 96
1789093953.250828904,2171, 42.70, 96
1789093955.286438099,2184, 14.24, 0
1789093957.317403829,2177, 37.44, 96
1789093959.368173647,2177, 40.60, 96
1789093961.402048968,2184, 14.49, 0
1789093963.435920203,2177, 36.04, 96
1789093965.490857591,2177, 41.32, 96
1789093967.533863189,2184, 21.50, 0
1789093969.588010854,2171, 40.11, 96
1789093971.628906967,2184, 27.44, 90
1789093973.672584709,2184, 25.52, 87
1789093975.721892065,2184, 25.99, 86
1789093977.772832457,2184, 26.00, 92
1789093979.822636939,2184, 25.76, 92
1789093981.868623796,2184, 26.04, 91
1789093983.910893509,2184, 24.44, 93
1789093985.955802963,2184, 23.16, 91
1789093987.996446504,2184, 22.94, 91
1789093990.034113669,2184, 22.97, 93
1789093992.080847220,2184, 22.53, 83
1789093994.122122729,2184, 22.81, 91
1789093996.159530759,2184, 23.12, 92
1789093998.205255301,2184, 23.41, 90
1789094000.243219592,2184, 22.69, 92
1789094002.278417492,2184, 23.00, 91
1789094004.325680595,2184, 23.09, 90
1789094006.366058152,2184, 22.85, 94
1789094008.413728253,2184, 23.36, 94
1789094010.462421085,2184, 22.77, 92
1789094012.501342866,2184, 25.63, 89
1789094014.553714522,2184, 26.38, 90
1789094016.602804123,2184, 22.91, 84
1789094018.649799542,2184, 23.10, 92
1789094020.690423687,2184, 22.84, 90
1789094022.760235734,2184, 23.13, 92
1789094024.809204899,2184, 23.10, 89
1789094026.853009687,2184, 22.85, 93
1789094028.899296887,2184, 23.68, 90
1789094030.946285507,2184, 25.51, 92
1789094032.991507305,2184, 25.21, 91
1789094035.043636111,2184, 25.33, 84
1789094037.091721069,2184, 25.84, 91
1789094039.143198408,2184, 25.57, 92
1789094041.198697984,2184, 26.09, 91
1789094043.248486976,2184, 25.74, 92
1789094045.298163564,2184, 26.10, 89
1789094047.352843157,2184, 25.55, 91
1789094049.409047019,2184, 25.82, 88
1789094051.455608053,2184, 26.06, 93
1789094053.505530525,2184, 25.99, 91
1789094055.557424978,2184, 26.11, 88
1789094057.606429487,2184, 26.05, 84
1789094059.663317069,2184, 26.39, 93
1789094061.710714625,2184, 23.82, 92
1789094063.765085460,2184, 23.55, 92
1789094065.817416753,2184, 23.12, 84
1789094067.865731910,2184, 23.62, 91
1789094069.911102934,2184, 23.32, 92
1789094071.952328782,2184, 23.05, 93
1789094073.994108050,2184, 24.12, 91
1789094076.042506805,2184, 26.11, 92
1789094078.087847075,2184, 26.53, 90
1789094080.144673810,2184, 26.80, 89
1789094082.199201211,2184, 23.80, 89
1789094084.246244667,2184, 23.58, 94
1789094086.290500678,2184, 23.51, 93
1789094088.333902315,2184, 23.69, 93
1789094090.386932849,2184, 23.36, 91
1789094092.428610957,2184, 23.45, 93
1789094094.475232119,2184, 24.80, 93
1789094096.534989796,2184, 26.14, 90
1789094098.595481229,2184, 26.29, 90
1789094100.648139133,2184, 26.15, 92
1789094102.695851893,2184, 24.10, 93
1789094104.772785450,2184, 23.15, 94
1789094106.821957867,2184, 22.98, 91
1789094108.868734487,2184, 23.03, 94
1789094110.913923501,2184, 23.12, 92
1789094112.952890987,2184, 23.40, 93
1789094115.000143738,2184, 26.25, 92
1789094117.054725561,2184, 25.95, 84
1789094119.104186224,2184, 25.57, 93
1789094121.159454247,2184, 26.32, 92
1789094123.210433911,2177, 25.69, 93
1789094125.264607140,2184, 23.61, 94
1789094127.313896923,2184, 23.44, 94
1789094129.359703003,2184, 23.39, 94
1789094131.401103285,2184, 23.62, 92
1789094133.444746397,2184, 23.46, 93
1789094135.494746003,2184, 24.95, 95
1789094137.543561077,2184, 25.77, 93
1789094139.598169270,2184, 26.11, 90
1789094141.651019842,2184, 26.32, 93
1789094143.695864854,2184, 26.43, 92
1789094145.738591540,2184, 26.50, 90
1789094147.786509186,2184, 26.47, 90
1789094149.835606699,2184, 26.16, 90
1789094151.876724717,2184, 26.75, 91
1789094153.924082702,2184, 26.50, 92
1789094155.978210047,2184, 26.29, 93
1789094158.033953453,2184, 26.43, 94
1789094160.089872262,2184, 26.60, 93
1789094162.140417609,2177, 26.72, 92
1789094164.192516457,2177, 26.56, 92
1789094166.248647495,2184, 26.09, 91
1789094168.306492963,2184, 24.17, 94
1789094170.342910079,2184, 23.67, 94
1789094172.386714172,2184, 23.22, 94
1789094174.437790632,2184, 23.61, 93
1789094176.487734672,2184, 23.53, 83
1789094178.533267730,2184, 23.65, 93
1789094180.579430512,2184, 26.57, 91
1789094182.631373086,2184, 23.39, 93
1789094184.674716708,2184, 23.13, 88
1789094186.719586439,2184, 23.54, 93
1789094188.757743155,2184, 23.56, 93
1789094190.801037757,2184, 23.79, 93
1789094192.846668534,2184, 23.60, 93
1789094194.893102763,2184, 23.30, 94
1789094196.950964210,2184, 26.36, 90
1789094198.997252959,2184, 25.69, 80
1789094201.045585530,2184, 26.22, 90
1789094203.097090771,2184, 26.48, 90
1789094205.141068917,2184, 25.85, 79
1789094207.187785173,2184, 26.11, 91
1789094209.237224050,2184, 26.30, 90
1789094211.281715849,2184, 26.11, 91
1789094213.325644589,2184, 26.34, 91
1789094215.378991842,2184, 25.87, 91
1789094217.426525280,2184, 25.95, 93
1789094219.473546411,2184, 26.28, 93
1789094221.524659604,2177, 26.47, 93
1789094223.576146362,2177, 26.27, 91
1789094225.621588041,2177, 26.31, 91
1789094227.671372168,2177, 25.26, 93
1789094229.707854188,2184, 23.46, 93
1789094231.750300161,2184, 23.45, 92
1789094233.797168131,2184, 23.56, 94
1789094235.842246002,2184, 23.52, 93
1789094237.884843452,2184, 23.33, 93
1789094239.926029234,2184, 25.67, 94
1789094241.972646584,2177, 26.58, 92
1789094244.027317421,2177, 26.37, 91
1789094246.079116734,2177, 26.48, 90
1789094248.128685243,2177, 26.45, 88
1789094250.176492772,2177, 26.56, 92
1789094252.228987995,2177, 26.79, 91
1789094254.284977873,2177, 25.64, 83
1789094256.334674864,2177, 26.59, 90
1789094258.381908908,2177, 26.60, 92
1789094260.426445619,2177, 26.59, 93
1789094262.476464441,2177, 26.82, 90
1789094264.527080973,2177, 26.49, 93
1789094266.585961584,2177, 26.59, 89
1789094268.636591533,2177, 26.85, 93
1789094270.687743015,2177, 26.21, 92
1789094272.742871952,2177, 23.42, 93
1789094274.782403631,2177, 23.52, 92
1789094276.828101053,2177, 23.49, 94
1789094278.869338535,2177, 23.47, 92
1789094280.953516335,2184, 23.66, 93
1789094283.000318500,2184, 23.25, 93
1789094285.044705270,2184, 25.80, 89
1789094287.102688314,2184, 26.00, 92
1789094289.160464155,2184, 26.29, 90
1789094291.213038087,2184, 26.60, 92
1789094293.262055950,2184, 26.57, 89
1789094295.314130452,2184, 26.45, 88
1789094297.364477158,2184, 26.62, 92
1789094299.415075173,2184, 26.52, 90
1789094301.466339489,2184, 26.13, 94
1789094303.516802586,2184, 26.22, 84
1789094305.560839470,2184, 23.87, 93
1789094307.606812063,2184, 23.73, 94
1789094309.653948734,2184, 23.39, 91
1789094311.700529946,2184, 23.76, 82
1789094313.749488868,2184, 23.33, 94
1789094315.798666891,2184, 23.72, 94
1789094317.844194814,2184, 26.53, 93
1789094319.905633828,2184, 26.40, 90
1789094321.964830166,2184, 24.09, 93
1789094324.006240895,2184, 23.66, 92
1789094326.048256213,2184, 23.67, 92
1789094328.099264524,2184, 23.60, 93
1789094330.144024989,2184, 23.66, 93
1789094332.195469535,2177, 26.05, 92
1789094334.251355071,2184, 23.11, 92
1789094336.290848710,2184, 23.34, 93
1789094338.337190445,2184, 23.22, 93
1789094340.377692272,2184, 23.38, 91
1789094342.418211055,2184, 23.51, 93
1789094344.463943982,2177, 26.18, 91
1789094346.514380236,2184, 25.87, 89
1789094348.557055396,2184, 27.08, 93
1789094350.607258940,2184, 25.76, 90
1789094352.662591108,2184, 26.35, 88
1789094354.717249848,2184, 26.57, 88
1789094356.771119850,2184, 26.42, 93
1789094358.831870651,2184, 25.36, 92
1789094360.887356744,2184, 25.97, 90
1789094362.986256978,2177, 26.28, 91
1789094365.027863060,2177, 25.67, 92
1789094367.080784664,2177, 25.72, 93
1789094369.126877271,2177, 25.73, 92
1789094371.176041365,2177, 26.62, 83
1789094373.226298960,2177, 25.78, 94
1789094375.277057593,2177, 27.89, 96
1789094377.332619585,2177, 26.20, 88
1789094379.381222980,2177, 26.71, 78
1789094381.436519431,2177, 26.48, 93
1789094383.489584743,2177, 26.33, 90
1789094385.547775734,2184, 38.43, 96
1789095219.727092105,2184, 11.24, 0
1789095221.757218989,2184, 23.97, 83
1789095223.804529848,2184, 25.01, 89
1789095225.845931796,2184, 24.58, 87
1789095227.896837222,2184, 26.24, 93
1789095229.940526497,2184, 25.28, 93
1789095231.993231542,2184, 24.76, 93
1789095234.045511296,2184, 24.43, 89
1789095236.089215630,2184, 24.26, 86
1789095238.130184241,2184, 25.03, 90
1789095240.185497860,2184, 25.55, 91
1789095242.233420592,2184, 24.89, 88
1789095244.285322877,2184, 22.68, 91
1789095246.325285622,2184, 22.48, 91
1789095248.397574133,2184, 22.55, 89
1789095250.446166714,2184, 22.89, 90
1789095252.495234171,2184, 25.40, 88
1789095254.552686234,2184, 23.20, 91
1789095256.599250202,2184, 23.28, 91
1789095258.645342077,2184, 23.26, 92
1789095260.696204778,2184, 23.08, 92
1789095262.746232826,2184, 22.86, 90
1789095264.800236939,2184, 23.61, 93
1789095266.843202797,2184, 24.48, 92
1789095268.897576822,2184, 24.87, 96
1789095270.950525287,2184, 25.92, 85
1789095273.006021091,2184, 23.83, 84
1789095275.063416254,2177, 24.54, 93
1789095277.117757581,2184, 23.64, 89
1789095279.158350334,2184, 24.25, 81
1789095281.196015744,2177, 23.82, 96
1789095283.241702836,2184, 24.16, 83
1789095285.287257588,2177, 24.10, 88
1789095287.338540422,2177, 24.44, 95
1789095289.385114582,2184, 24.05, 91
1789095291.437657206,2177, 24.13, 82
1789095293.484836424,2177, 24.31, 88
1789095295.560412041,2177, 27.34, 81
1789095297.620357255,2177, 27.67, 82
1789095299.688272870,2177, 26.67, 92
1789095301.751557122,2177, 27.35, 80
1789095303.803983990,2184, 27.42, 78
1789095305.869702342,2177, 27.80, 82
1789095307.929471259,2177, 27.51, 86
1789095309.998715048,2177, 27.74, 96
1789095312.060350421,2177, 32.01, 96
1789095314.110953178,2184, 26.91, 94
1789095316.162624368,2184, 25.11, 80
1789095318.209770512,2184, 27.36, 96
1789095320.271818897,2177, 28.04, 92
1789095322.311472358,2184, 26.95, 93
1789095324.365054980,2184, 27.72, 94
1789095326.417327923,2184, 25.01, 92
1789095328.472583543,2184, 23.80, 92
1789095330.533170334,2184, 23.37, 92
1789095332.575525867,2184, 22.70, 82
1789095334.613592412,2184, 23.35, 92
1789095336.668712369,2184, 23.54, 93
1789095338.719195261,2184, 24.43, 90
1789095340.765271775,2184, 23.07, 93
1789095342.803039743,2184, 22.81, 90
1789095344.846650143,2184, 22.71, 91
1789095346.892384360,2184, 22.75, 92
1789095348.933744709,2184, 25.19, 93
1789095350.974855882,2184, 23.31, 93
1789095353.017673129,2184, 25.80, 86
1789095355.086751746,2184, 26.09, 92
1789095357.161114639,2184, 26.66, 96
1789095359.215706804,2184, 25.62, 93
1789095361.255723088,2184, 26.84, 96
1789095363.305938078,2184, 25.58, 94
1789095365.357364729,2177, 26.33, 96
1789095367.409621429,2184, 26.08, 91
1789095369.456091228,2184, 26.23, 91
1789095371.509128606,2184, 27.83, 90
1789095373.568588891,2184, 28.67, 93
1789095375.622094164,2184, 27.39, 81
1789095377.684913030,2177, 27.50, 91
1789095379.731339062,2177, 26.87, 92
1789095381.772704858,2184, 24.28, 79
1789095383.816891249,2184, 24.23, 96
1789095385.854022760,2184, 24.03, 96
1789095387.907640763,2184, 24.06, 96
1789095389.950948066,2184, 24.03, 79
1789095391.985628516,2184, 24.04, 82
1789095394.038129849,2184, 23.90, 80
1789095396.090016805,2184, 24.41, 89
1789095398.138717753,2184, 26.87, 95
1789095400.199873218,2184, 27.89, 90
1789095402.241974117,2184, 27.17, 95
1789095404.306672751,2184, 28.08, 91
1789095406.364696437,2184, 26.76, 83
1789095408.412984042,2177, 27.65, 80
1789095410.468797491,2184, 27.71, 91
1789095412.529870463,2177, 28.44, 96
1789095414.608740112,2177, 27.16, 96
1789095416.658826036,2177, 27.78, 79
1789095418.717374471,2177, 28.00, 81
1789095420.766018327,2177, 28.30, 91
1789095422.820261655,2177, 28.15, 92
1789095424.866826407,2184, 24.15, 96
1789095426.905159753,2184, 24.23, 93
1789095428.951909179,2184, 24.74, 80
1789095431.000359331,2184, 24.68, 96
1789095433.048693597,2184, 24.17, 93
1789095435.105327030,2184, 22.77, 90
1789095437.152669560,2184, 23.97, 82
1789095439.202350316,2184, 23.36, 93
1789095441.253220281,2184, 24.71, 96
1789095443.303118765,2184, 23.26, 93
1789095445.351164364,2184, 22.54, 91
1789095447.391362088,2184, 22.99, 90
1789095449.439263960,2184, 23.65, 91
1789095451.491912379,2184, 25.63, 95
1789095453.533618926,2184, 25.69, 82
1789095455.582024666,2184, 26.16, 92
1789095457.636854032,2184, 26.85, 93
1789095459.686508562,2184, 25.66, 89
1789095461.736633042,2184, 28.01, 92
1789095463.781244992,2184, 25.80, 88
1789095465.834075310,2184, 24.51, 91
1789095467.893279350,2184, 23.61, 93
1789095469.938914746,2184, 23.96, 93
1789095471.995886141,2177, 27.32, 96
1789095474.058143457,2177, 27.86, 92
1789095476.107826090,2184, 29.02, 92
1789095478.173856134,2177, 27.62, 82
1789095480.234719949,2177, 26.92, 91
1789095482.279831482,2184, 23.96, 91
1789095484.328964351,2184, 23.99, 96
1789095486.365635639,2184, 24.84, 77
1789095488.419098463,2184, 24.34, 92
1789095490.474589561,2184, 24.79, 78
1789095492.540826757,2184, 24.49, 96
1789095494.609452802,2184, 23.81, 96
1789095496.660553277,2184, 24.23, 90
1789095498.718941293,2184, 27.47, 94
1789095500.767385472,2184, 27.33, 83
1789095502.821072340,2184, 25.13, 92
1789095504.864271757,2184, 24.24, 90
1789095506.905892859,2184, 24.32, 90
1789095508.942846511,2184, 25.53, 91
1789095511.002801954,2177, 28.52, 91
1789095513.056232934,2177, 27.87, 85
1789095515.117905401,2177, 27.18, 89
1789095517.181791709,2177, 30.64, 96
1789095519.242403679,2177, 28.17, 96
1789095521.296685694,2177, 28.07, 80
1789095523.354071561,2177, 27.90, 81
1789095525.407891986,2184, 28.34, 96
1789095527.470673864,2177, 27.89, 90
1789095529.526916187,2177, 27.44, 91
1789095531.587625699,2177, 22.88, 0
1789095533.627311748,2184, 12.55, 0
1789095535.646396795,2184, 14.46, 96
1789095537.676274388,2184, 14.30, 96
1789095539.704842271,2184, 22.14, 96
1789095541.734268383,2184, 24.50, 96
1789095543.764822755,2184, 26.12, 96
1789095545.803208312,2184, 26.75, 96
1789095547.830578961,2184, 26.10, 96
1789095549.876416116,2184, 12.04, 0
1789095551.903506738,2184, 12.63, 0
1789095553.942142814,2184, 20.34, 96
1789095555.968845584,2184, 23.81, 96
1789095558.006655267,2184, 26.39, 96
1789095560.041349856,2184, 26.32, 96
1789095562.083201185,2177, 26.68, 96
1789095564.122342074,2184, 25.83, 96
1789095566.156830915,2184, 22.77, 96
1789095568.196392460,2184, 24.64, 96
1789095570.231987761,2184, 18.40, 96
1789095572.262987799,2184, 14.25, 96
1789095574.293251624,2184, 14.21, 96
1789095576.321614060,2184, 19.66, 96
1789095578.351534416,2184, 11.81, 0
1789095580.380760095,2184, 23.52, 96
1789095582.417966304,2177, 37.06, 96
1789095584.452545094,2177, 38.88, 96
1789095586.519020870,2177, 39.79, 96
1789095588.567765447,2184, 19.48, 0
1789095590.597483773,2184, 15.17, 96
1789095592.631170039,2177, 36.51, 96
1789095594.668930757,2177, 37.87, 96
1789095596.704535317,2177, 38.03, 96
1789095598.772479184,2177, 26.16, 91
1789095600.805757963,2184, 12.34, 0
1789095602.851246722,2184, 27.58, 96
1789095604.891835448,2177, 37.12, 96
1789095606.945817573,2177, 38.96, 96
1789095609.007945395,2177, 38.02, 96
1789095611.049654394,2184, 12.30, 0
1789095613.081679670,2184, 14.50, 96
1789095615.115201393,2177, 38.17, 96
1789095617.172547939,2177, 38.81, 96
1789095619.241327477,2177, 38.52, 96
1789095621.269807453,2177, 26.31, 96
1789095623.302726390,2184, 15.16, 0
1789095625.332709571,2177, 28.22, 96
1789095627.360835359,2177, 29.83, 96
1789095629.391159559,2177, 39.05, 96
1789095631.446413713,2171, 39.92, 96
1789095633.480088037,2177, 34.07, 96
1789095635.511682473,2184, 14.96, 0
1789095637.546497555,2184, 32.68, 96
1789095639.595969200,2177, 39.51, 96
1789095641.642088946,2177, 42.62, 96
1789095643.711621470,2177, 38.68, 96
1789095645.762982387,2177, 15.07, 0
1789095647.791221112,2184, 14.64, 96
1789095649.824352348,2171, 38.39, 96
1789095651.875063685,2177, 40.18, 96
1789095653.909521437,2177, 40.53, 96
1789095655.956108371,2177, 43.31, 96
1789095658.012491795,2177, 12.57, 0
1789095660.041067221,2184, 14.65, 96
1789095662.068382994,2171, 39.37, 96
1789095664.124896879,2177, 36.51, 96
1789095666.174227250,2177, 42.86, 96
1789095668.214893329,2171, 42.22, 96
1789095670.266725794,2184, 12.46, 0
1789095672.300988903,2184, 19.52, 96
1789095674.351553399,2177, 40.63, 96
1789095676.395661896,2177, 41.63, 96
1789095678.451098683,2177, 40.35, 96
1789095680.504990234,2171, 41.90, 96
1789095682.567872405,2184, 12.50, 0
1789095684.597553191,2177, 22.49, 96
1789095686.654474357,2177, 41.55, 96
1789095688.727185538,2177, 42.25, 96
1789095690.787416234,2177, 43.04, 96
1789095692.828211611,2177, 42.75, 96
1789095694.874375575,2184, 13.25, 0
1789095696.914806049,2177, 32.40, 96
1789095698.978743976,2177, 34.39, 96
1789095701.045374679,2177, 44.47, 96
1789095703.084870527,2177, 41.51, 96
1789095705.178964608,2177, 27.01, 78
1789095707.228257092,2177, 26.15, 83
1789095709.274618649,2177, 26.35, 90
1789095711.327674116,2177, 26.58, 93
1789095713.363759547,2177, 25.88, 91
1789095715.423823022,2177, 26.20, 93
1789095717.472733988,2177, 26.14, 92
1789095719.512326596,2177, 26.05, 80
1789095721.567486981,2177, 24.58, 96
1789095723.622229082,2177, 26.07, 92
1789095725.669220867,2177, 25.59, 92
1789095727.719994254,2177, 26.27, 92
1789095729.764122231,2177, 23.64, 91
1789095731.811305079,2177, 26.14, 77
1789095733.861945257,2177, 26.03, 89
1789095735.915779921,2177, 26.80, 88
1789095737.965971579,2177, 25.91, 94
1789095740.011970280,2177, 25.91, 83
1789095742.067288528,2177, 26.18, 93
1789095744.122028797,2177, 26.38, 88
1789095746.177206346,2177, 26.63, 91
1789095748.227128654,2177, 26.33, 89
1789095750.279945368,2177, 26.51, 80
1789095752.318334016,2177, 26.90, 90
1789095754.366264001,2177, 26.63, 93
1789095756.417441175,2177, 26.47, 90
1789095758.465395035,2177, 26.78, 91
1789095760.508958963,2177, 26.05, 93
1789095762.559795870,2177, 26.64, 90
1789095764.620847394,2177, 26.14, 92
1789095766.669239849,2177, 26.47, 92
1789095768.729764913,2177, 26.64, 81
1789095770.782610425,2177, 26.83, 92
1789095772.835267507,2177, 26.57, 90
1789095774.881769750,2177, 26.37, 93
1789095776.922503186,2177, 26.84, 90
1789095778.981831203,2177, 26.85, 92
1789095781.034397873,2177, 27.11, 91
1789095783.096356474,2177, 26.52, 91
1789095785.157646982,2177, 26.46, 81
1789095787.218725732,2177, 26.64, 93
1789095789.276691999,2177, 26.51, 83
1789095791.318090204,2177, 26.65, 93
1789095793.363321145,2177, 26.37, 93
1789095795.408954054,2177, 26.57, 92
1789095797.464484331,2177, 26.57, 89
1789095799.513875849,2177, 26.62, 92
1789095801.565569486,2177, 26.15, 91
1789095803.625080357,2177, 26.63, 92
1789095805.679758510,2177, 26.25, 87
1789095807.728302783,2177, 26.26, 83
1789095809.776493537,2177, 26.40, 91
1789095811.821714591,2177, 26.71, 90
1789095813.867641353,2177, 26.14, 91
1789095815.920584967,2177, 26.07, 90
1789095817.975422159,2177, 26.44, 93
1789095820.031014050,2177, 26.87, 92
1789095822.081071915,2177, 26.52, 89
1789095824.135658514,2177, 26.51, 93
1789095826.181438601,2177, 26.37, 87
1789095828.230745715,2177, 26.56, 92
1789095830.281947748,2177, 26.95, 90
1789095832.337035078,2177, 26.64, 93
1789095834.388208773,2177, 26.97, 93
1789095836.437002397,2177, 26.87, 93
1789095838.489327254,2177, 26.91, 90
1789095840.538769433,2177, 27.02, 93
1789095842.593218168,2177, 26.20, 93
1789095844.641586044,2177, 26.15, 80
1789095846.689732720,2177, 26.67, 92
1789095848.740314042,2177, 26.27, 93
1789095850.796673197,2177, 26.71, 93
1789095852.859849365,2177, 27.24, 92
1789095854.910852568,2177, 26.82, 93
1789095856.970995129,2177, 27.58, 93
1789095859.020816734,2177, 27.16, 92
1789095861.071129391,2177, 26.93, 91
1789095863.118569002,2177, 27.07, 93
1789095865.167939419,2177, 26.82, 93
1789095867.240760949,2177, 27.05, 89
1789095869.292086619,2177, 26.27, 88
1789095871.342658818,2177, 26.52, 90
1789095873.385600532,2177, 26.61, 91
1789095875.432638196,2177, 26.71, 94
1789095877.484938014,2177, 26.92, 94
1789095879.535237246,2177, 26.36, 93
1789095881.579747072,2177, 26.57, 89
1789095883.632399795,2177, 26.85, 90
1789095885.686166911,2177, 26.69, 90
1789095887.738023936,2177, 26.57, 93
1789095889.801208821,2177, 27.09, 94
1789095891.849059551,2177, 26.50, 82
1789095893.905970614,2177, 27.18, 89
1789095895.957566254,2177, 27.02, 90
1789095898.007289450,2177, 26.44, 90
1789095900.058328174,2177, 27.10, 93
1789095902.099322259,2177, 26.35, 91
1789095904.142399854,2177, 26.79, 93
1789095906.192837435,2177, 26.36, 94
1789095908.240072897,2177, 26.74, 91
1789095910.288986734,2177, 26.91, 92
1789095912.344400385,2177, 27.33, 94
1789095914.392436779,2177, 27.48, 88
1789095916.442483403,2177, 27.08, 92
1789095918.496415914,2177, 27.18, 90
1789095920.546596994,2177, 27.21, 93
1789095922.594671151,2177, 27.28, 91
1789095924.643803605,2177, 27.41, 92
1789095926.694573649,2177, 26.59, 93
1789095928.747087940,2177, 27.03, 93
1789095930.793245018,2177, 27.26, 94
1789095932.848800795,2177, 25.49, 84
1789095934.900328231,2177, 25.89, 92
1789095936.946392130,2177, 24.38, 82
1789095938.992487145,2177, 24.52, 87
1789095941.037375600,2177, 24.23, 93
1789095943.091172837,2177, 24.00, 92
1789095945.139769704,2177, 23.87, 84
1789095947.200233870,2177, 23.92, 93
1789095949.247501054,2177, 24.25, 94
1789095951.288281903,2177, 24.32, 93
1789095953.327283891,2177, 23.94, 94
1789095955.369351000,2177, 24.09, 94
1789095957.409538815,2177, 24.07, 93
1789095959.454103954,2177, 23.90, 92
1789095961.494831375,2177, 23.93, 92
1789095963.547207488,2177, 24.02, 92
1789095965.593349121,2177, 23.72, 94
1789095967.634056592,2177, 24.09, 93
1789095969.678343599,2177, 25.83, 87
1789095971.733617940,2177, 26.53, 88
1789095973.785980799,2177, 25.77, 82
1789095975.835285295,2177, 26.38, 92
1789095977.887577217,2177, 26.70, 89
1789095979.936454505,2177, 26.92, 89
1789095981.992394917,2177, 26.37, 91
1789095984.043815932,2177, 26.34, 94
1789095986.091837257,2177, 26.57, 90
1789095988.144222994,2177, 26.69, 92
1789095990.192500325,2177, 26.90, 93
1789095992.243617017,2177, 26.21, 93
1789095994.299549704,2177, 26.91, 89
1789095996.359690533,2177, 27.14, 93
1789095998.410680794,2177, 27.03, 91
1789096000.462527016,2177, 27.39, 93
1789096002.521553193,2177, 24.43, 93
1789096004.572542911,2177, 23.74, 93
1789096006.618813711,2177, 23.53, 93
1789096008.666486197,2177, 23.75, 92
1789096010.709699909,2177, 24.19, 94
1789096012.752000130,2177, 24.10, 93
1789096014.795978580,2177, 23.86, 92
1789096016.833386821,2177, 23.75, 93
1789096018.873598168,2177, 23.75, 93
1789096020.921113294,2177, 24.19, 93
1789096022.966395990,2177, 23.69, 92
1789096025.010560059,2177, 23.87, 93
1789096027.056616885,2177, 23.99, 93
1789096029.108952484,2177, 23.70, 93
1789096031.151953820,2177, 24.01, 94
1789096033.195386509,2177, 23.88, 93
1789096035.263882088,2177, 27.00, 90
1789096037.323614217,2177, 26.67, 91
1789096039.380506381,2177, 26.26, 91
1789096041.417454043,2177, 26.70, 93
1789096043.469343715,2177, 26.53, 90
1789096045.521831683,2177, 26.60, 93
1789096047.576244135,2177, 26.65, 91
1789096049.627892862,2177, 26.68, 92
1789096051.678648530,2177, 26.54, 92
1789096053.724801277,2177, 26.49, 93
1789096055.771172818,2177, 26.54, 93
1789096057.829202636,2177, 26.56, 91
1789096059.879127817,2177, 26.48, 91
1789096061.931999366,2177, 26.75, 89
1789096063.982045814,2177, 26.09, 93
1789096066.035343974,2177, 26.48, 93
1789096068.075947782,2177, 24.28, 90
1789096070.118206043,2177, 23.51, 92
1789096072.166721318,2177, 24.47, 94
1789096074.210267785,2177, 23.40, 82
1789096076.256139455,2177, 24.82, 93
1789096078.299082279,2177, 24.17, 93
1789096080.340315453,2177, 23.18, 86
1789096082.379047189,2177, 23.25, 91
1789096084.422323704,2177, 23.23, 90
1789096086.464611014,2184, 23.38, 92
1789096088.511487024,2177, 23.25, 91
1789096090.552196982,2177, 24.60, 92
1789096092.594112321,2177, 23.33, 93
1789096094.640464599,2177, 24.18, 93
1789096096.681010361,2177, 23.54, 93
1789096098.728326510,2177, 23.93, 89
1789096100.781249083,2177, 26.11, 89
1789096102.833388068,2177, 26.16, 87
1789096104.893045183,2177, 26.63, 91
1789096106.944442907,2177, 26.58, 94
1789096109.000930705,2184, 18.89, 0
