1789076361.574499056,2184, 11.15, 0
1789076363.609039945,2184, 23.76, 0
1789076365.664043953,2184, 25.09, 86
1789076367.709513460,2184, 24.79, 89
1789076369.754729622,2184, 25.95, 91
1789076371.795857874,2184, 24.92, 80
1789076373.838372856,2184, 25.26, 91
1789076375.885675309,2184, 24.90, 90
1789076377.927310992,2184, 24.14, 90
1789076379.973202997,2184, 22.13, 91
1789076382.011772125,2184, 22.22, 87
1789076384.057486845,2184, 22.45, 88
1789076386.100317171,2184, 22.55, 91
1789076388.140652430,2184, 22.48, 91
1789076390.185603529,2184, 22.53, 90
1789076392.228016040,2184, 22.61, 89
1789076394.269590936,2184, 22.49, 91
1789076396.305828708,2184, 22.74, 89
1789076398.356084307,2184, 22.95, 88
1789076400.399809252,2184, 22.98, 91
1789076402.452467382,2177, 25.23, 83
1789076404.495467346,2184, 23.09, 90
1789076406.526753406,2184, 22.45, 90
1789076408.572546476,2184, 23.72, 89
1789076410.640652340,2184, 23.90, 94
1789076412.686534571,2177, 23.90, 96
1789076414.720784642,2177, 24.65, 85
1789076416.800312767,2177, 24.29, 96
1789076418.846862714,2177, 24.92, 96
1789076420.885631097,2177, 25.06, 96
1789076422.924218053,2184, 23.90, 80
1789076424.966735665,2177, 23.86, 79
1789076426.995322371,2177, 23.73, 93
1789076429.040021810,2177, 27.24, 80
1789076431.097609480,2177, 27.76, 77
1789076433.133536969,2177, 27.99, 92
1789076435.188662783,2177, 27.04, 88
1789076437.233940317,2177, 27.44, 80
1789076439.290776935,2177, 24.44, 80
1789076441.348071979,2177, 25.72, 81
1789076443.405063692,2177, 27.08, 91
1789076445.472936123,2177, 27.84, 91
1789076447.529875092,2177, 28.04, 95
1789076449.586320427,2177, 28.16, 96
1789076451.641220083,2177, 24.90, 96
1789076453.681011809,2177, 24.95, 92
1789076455.731957515,2177, 26.35, 96
1789076457.782163539,2177, 27.65, 96
1789076459.825495915,2177, 24.38, 96
1789076461.876128873,2177, 24.07, 96
1789076463.929649579,2177, 23.93, 81
1789076465.976485515,2177, 24.70, 81
1789076468.026983356,2177, 24.09, 84
1789076470.073328421,2177, 24.06, 93
1789076472.105501104,2177, 23.98, 93
1789076474.149573334,2177, 23.71, 92
1789076476.189326914,2177, 24.05, 93
1789076478.226060963,2184, 12.61, 0
1789076480.264842712,2184, 14.65, 96
1789076482.283492337,2184, 14.52, 96
1789076484.315296848,2184, 14.56, 96
1789076486.347518105,2177, 23.36, 96
1789076488.382317749,2184, 21.89, 96
1789076490.420763267,2177, 24.24, 96
1789076492.456691906,2177, 24.29, 96
1789076494.485424319,2177, 22.48, 96
1789076496.523313103,2177, 26.89, 96
1789076498.566096492,2184, 14.61, 0
1789076500.599084094,2177, 27.34, 96
1789076502.645521446,2177, 29.80, 96
1789076504.672187390,2184, 12.70, 0
1789076506.701123819,2184, 26.61, 96
1789076508.765882274,2177, 28.99, 96
1789076510.835461046,2177, 28.30, 96
1789076512.878471244,2184, 17.68, 96
1789076514.923396712,2177, 33.71, 96
1789076516.955053058,2177, 27.71, 96
1789076518.982502913,2184, 13.16, 0
1789076532.011172603,2184, 14.29, 96
1789076534.040477264,2184, 14.23, 96
1789076536.073059750,2184, 16.77, 96
1789076538.115005534,2184, 26.31, 96
1789076540.145062430,2184, 19.36, 96
1789076542.171948961,2184, 21.38, 96
1789076544.203964575,2184, 24.80, 96
1789076546.241420154,2177, 24.96, 96
1789076548.279933275,2184, 25.01, 96
1789076550.316544459,2184, 15.78, 0
1789076552.343348718,2184, 13.19, 0
1789076554.376225627,2184, 24.49, 96
1789076556.410713501,2184, 26.54, 96
1789076558.451058810,2184, 26.30, 96
1789076560.492197806,2184, 22.59, 92
1789076562.535830293,2184, 22.54, 93
1789076564.581252721,2184, 23.09, 93
1789076566.624516461,2184, 22.29, 94
1789076568.661408417,2184, 22.73, 94
1789076570.702372437,2184, 22.98, 93
1789076572.743085043,2184, 22.59, 81
1789076574.819326943,2184, 23.38, 90
1789076576.866045073,2184, 22.59, 90
1789076578.913526041,2184, 22.83, 91
1789076580.961696777,2184, 22.89, 92
1789076583.007097737,2184, 22.83, 93
1789076585.054231182,2184, 22.79, 94
1789076587.095645818,2184, 22.31, 92
1789076589.135434004,2184, 22.57, 94
1789076591.173228139,2184, 22.34, 93
1789076593.208471730,2184, 22.73, 94
1789076595.242553684,2184, 22.26, 93
1789076597.279054729,2184, 22.46, 92
1789076599.319690157,2184, 23.24, 94
1789076601.363818081,2177, 23.03, 90
1789076603.405223220,2177, 24.33, 94
1789076605.446843184,2177, 23.36, 91
1789076607.495541667,2177, 26.19, 90
1789076609.548539380,2177, 27.84, 81
1789076611.603528328,2177, 28.42, 80
1789076613.660945792,2177, 29.69, 91
1789076615.719424126,2177, 27.68, 95
1789076617.777426677,2177, 28.35, 96
1789076619.817688561,2177, 27.08, 96
1789076621.862764025,2177, 26.96, 81
1789076623.919830844,2177, 27.65, 82
1789076625.958770228,2177, 27.78, 93
1789076628.018729617,2177, 27.58, 81
1789076630.077095195,2177, 27.31, 84
1789076632.126748050,2177, 23.80, 90
1789076634.166011451,2177, 24.37, 80
1789076636.205967402,2177, 24.22, 96
1789076638.242722521,2177, 23.92, 96
1789076640.283949029,2177, 23.05, 96
1789076642.324523131,2177, 23.49, 92
1789076644.367001061,2177, 24.01, 94
1789076646.406341326,2177, 24.38, 90
1789076648.452119904,2177, 28.26, 96
1789076650.500632899,2177, 28.33, 84
1789076652.542435567,2177, 28.10, 78
1789076654.606706476,2177, 31.18, 91
1789076656.653802971,2177, 28.61, 89
1789076658.711346873,2177, 28.53, 95
1789076660.753320676,2177, 28.76, 80
1789076662.812309199,2177, 28.12, 92
1789076664.875512247,2177, 28.76, 91
1789076666.924552360,2177, 24.76, 96
1789076668.975310398,2177, 24.62, 94
1789076671.022460355,2177, 26.44, 91
1789076673.072477402,2177, 24.64, 91
1789076675.117833923,2177, 23.61, 92
1789076677.157560784,2177, 22.94, 85
1789076679.199030306,2177, 24.05, 92
1789076681.241290729,2177, 23.47, 93
1789076683.287328814,2177, 23.31, 93
1789076685.330138083,2177, 23.08, 94
1789076687.374751675,2177, 23.01, 84
1789076689.417936158,2177, 23.06, 91
1789076691.462699108,2177, 23.39, 91
1789076693.501852127,2177, 23.44, 92
1789076695.547114643,2177, 26.64, 92
1789076697.597619922,2177, 26.51, 84
1789076699.652498863,2177, 27.08, 94
1789076701.705726519,2177, 26.30, 93
1789076703.753265699,2177, 23.50, 92
1789076705.798464715,2177, 25.88, 88
1789076707.843121980,2177, 26.51, 91
1789076709.897787549,2177, 27.31, 92
1789076711.950036747,2177, 27.01, 93
1789076713.998559945,2177, 25.66, 96
1789076716.049788232,2177, 24.13, 92
1789076718.093521982,2177, 24.76, 93
1789076720.152437770,2177, 28.27, 80
1789076722.212898713,2177, 28.93, 91
1789076724.257925505,2177, 27.46, 79
1789076726.321038088,2177, 26.73, 81
1789076728.362138248,2177, 24.60, 79
1789076730.407503285,2177, 23.84, 81
1789076732.443204286,2177, 24.48, 96
1789076734.486312013,2177, 23.93, 96
1789076736.528834340,2177, 23.92, 84
1789076738.571562466,2177, 23.99, 96
1789076740.614043911,2177, 23.74, 89
1789076742.657469984,2177, 25.31, 89
1789076744.711501225,2177, 24.87, 82
1789076746.758228249,2177, 27.97, 80
1789076748.812713390,2177, 28.18, 93
1789076750.894020878,2177, 28.90, 90
1789076752.937843544,2177, 28.98, 89
1789076754.986368574,2177, 28.62, 85
1789076757.042698218,2177, 28.96, 84
1789076759.084229084,2177, 28.44, 96
1789076761.135813007,2177, 29.66, 96
1789076763.180322680,2177, 28.95, 96
1789076765.245361211,2177, 25.82, 96
1789076767.289345602,2177, 28.92, 92
1789076769.344342583,2177, 28.55, 93
1789076771.395744059,2177, 28.44, 93
1789076773.446443414,2177, 26.90, 94
1789076775.490013703,2177, 23.67, 90
1789076777.530084454,2177, 23.46, 89
1789076779.567774033,2177, 23.03, 91
1789076781.605504145,2177, 23.06, 93
1789076783.647766126,2177, 23.40, 82
1789076785.685939130,2177, 23.33, 94
1789076787.728362850,2177, 26.74, 89
1789076789.778298081,2177, 26.69, 88
1789076791.825373932,2177, 26.45, 90
1789076793.880482732,2177, 26.47, 90
1789076795.933034951,2177, 26.42, 92
1789076797.988161075,2177, 26.61, 81
1789076800.035209654,2177, 26.41, 90
1789076802.085785240,2177, 26.62, 91
1789076804.141468885,2177, 26.86, 93
1789076806.189932471,2177, 26.52, 94
1789076808.247995035,2177, 26.95, 90
1789076810.307106530,2177, 26.64, 78
1789076812.353590026,2177, 26.70, 91
1789076814.403430337,2177, 24.02, 92
1789076816.457563493,2177, 23.87, 92
1789076818.508830788,2177, 25.29, 88
1789076820.564831695,2177, 24.22, 94
1789076822.608787642,2177, 23.86, 92
1789076824.650551518,2177, 23.81, 93
1789076826.691897338,2177, 23.92, 92
1789076828.738382496,2177, 23.84, 94
1789076830.786059337,2177, 23.50, 93
1789076832.826223223,2177, 23.43, 91
1789076834.886844929,2177, 27.33, 92
1789076836.934571931,2177, 26.71, 83
1789076838.988347358,2177, 26.83, 90
1789076841.041640903,2177, 27.17, 94
1789076843.095659461,2177, 26.71, 93
1789076845.148380923,2177, 26.87, 89
1789076847.202104580,2177, 27.40, 93
1789076849.259869803,2177, 26.70, 83
1789076851.312960448,2177, 24.03, 94
1789076853.363232721,2177, 23.62, 93
1789076855.409125296,2177, 24.09, 93
1789076857.445531656,2177, 23.77, 93
1789076859.487805754,2177, 23.94, 93
1789076861.528586755,2177, 24.01, 92
1789076863.572915403,2177, 23.49, 95
1789076865.615029661,2177, 25.95, 93
1789076867.670590648,2177, 27.32, 92
1789076869.704841236,2177, 27.12, 83
1789076871.748141186,2177, 26.83, 80
1789076873.801053587,2177, 23.76, 91
1789076875.845637785,2177, 23.75, 93
1789076877.888246281,2177, 23.36, 93
1789076879.923948492,2177, 23.32, 94
1789076881.967466132,2177, 23.66, 93
1789076884.010652881,2177, 23.63, 94
1789076886.050352395,2177, 23.77, 93
1789076888.087385183,2177, 23.07, 92
1789076890.121757726,2177, 23.06, 93
1789076892.165146911,2177, 23.49, 92
1789076894.204280958,2177, 23.69, 93
1789076896.241051623,2177, 23.38, 84
1789076898.279316545,2177, 23.22, 94
1789076900.320180795,2177, 23.35, 93
1789076902.359641693,2177, 23.25, 93
1789076904.396817081,2177, 23.46, 92
1789076906.441377098,2177, 23.59, 92
1789076908.483483429,2177, 23.74, 92
1789076910.520462927,2177, 23.34, 93
1789076912.558467676,2177, 26.45, 90
1789076914.605826731,2177, 26.74, 90
1789076916.659065059,2177, 26.65, 82
1789076918.706992075,2177, 26.89, 90
1789076920.759647070,2177, 23.67, 93
1789076922.800289021,2177, 23.30, 84
1789076924.842118175,2177, 23.34, 93
1789076926.907967270,2177, 23.19, 95
1789076928.957078898,2177, 23.30, 93
1789076930.994707946,2177, 23.67, 93
1789076933.029935276,2177, 23.24, 91
1789076935.073132914,2177, 26.50, 91
1789076937.133452091,2177, 26.65, 91
1789076939.176213579,2177, 26.39, 94
1789076941.225816947,2177, 26.43, 93
1789076943.279195991,2177, 26.64, 84
1789076945.331207155,2177, 26.10, 93
1789076947.382034053,2177, 26.67, 93
1789076949.435145480,2177, 26.80, 93
1789076951.481235197,2177, 26.92, 93
1789076953.539243135,2177, 26.72, 92
1789076955.593703116,2177, 26.50, 83
1789076957.652609814,2177, 26.96, 94
1789076959.703099508,2177, 26.44, 92
1789076961.757760686,2177, 23.66, 93
1789076963.806653336,2177, 24.06, 83
1789076965.851481230,2177, 23.65, 93
1789076967.895908073,2177, 23.75, 92
1789076969.942590836,2177, 23.28, 83
1789076971.978820215,2177, 23.05, 84
1789076974.024026686,2177, 26.17, 91
1789076976.074109039,2177, 26.56, 90
1789076978.124254805,2177, 26.72, 93
1789076980.173238993,2177, 26.84, 94
1789076982.225506507,2177, 26.57, 91
1789076984.273644657,2177, 26.69, 92
1789076986.328698238,2177, 26.78, 93
1789076988.379702087,2177, 26.54, 79
1789076990.430761955,2177, 26.49, 90
1789076992.476688782,2177, 26.79, 92
1789076994.527495284,2177, 26.65, 93
1789076996.581440728,2177, 26.68, 89
1789076998.630113786,2177, 23.38, 92
1789077000.669137826,2177, 22.78, 93
1789077002.710426010,2177, 23.45, 93
1789077004.751642854,2177, 23.41, 93
1789077006.790452346,2177, 23.22, 93
1789077008.834684265,2177, 26.92, 90
1789077010.888587321,2177, 23.63, 93
1789077012.942547773,2177, 23.54, 91
1789077014.986285592,2177, 23.74, 92
1789077017.031652548,2177, 23.60, 92
1789077019.079131664,2177, 23.52, 93
1789077021.118602431,2177, 23.50, 93
1789077023.156824004,2177, 25.49, 93
1789077025.194391694,2177, 23.56, 93
1789077027.231974156,2177, 23.55, 93
1789077029.274396420,2177, 23.54, 94
1789077031.311294459,2177, 23.60, 92
1789077033.354128187,2177, 25.24, 94
1789077035.404450576,2177, 26.12, 93
1789077037.449191699,2177, 26.59, 91
1789077039.503240057,2177, 26.57, 91
1789077041.553800458,2177, 26.66, 92
1789077043.598126713,2177, 26.35, 90
1789077045.642234077,2177, 23.39, 93
1789077047.681268957,2177, 23.54, 94
1789077049.724980201,2177, 23.39, 93
1789077051.765692798,2177, 23.68, 93
1789077053.808055939,2177, 26.78, 93
1789077055.857484735,2177, 27.07, 93
1789077057.905950417,2177, 26.62, 92
1789077059.952650249,2177, 26.88, 93
1789077062.003176702,2177, 26.59, 93
1789077064.054116102,2177, 27.07, 90
1789077066.113687137,2177, 26.72, 91
1789077068.161486582,2177, 26.25, 89
1789077070.221927111,2177, 26.41, 91
1789077072.270499377,2177, 26.78, 90
1789077074.322711240,2177, 27.00, 90
1789077076.378907772,2177, 26.44, 93
1789077078.431320506,2177, 26.55, 92
1789077080.486317670,2177, 26.67, 90
1789077082.548103946,2177, 26.83, 92
1789077084.609258659,2177, 26.77, 93
1789077086.662004734,2177, 23.99, 92
1789077088.706522059,2177, 23.44, 91
1789077090.752073018,2177, 23.74, 92
1789077092.798702251,2177, 26.79, 91
1789077094.854573550,2177, 26.90, 93
1789077096.909492598,2177, 26.45, 94
1789077098.981459235,2177, 26.27, 84
1789077101.024191672,2177, 26.68, 94
1789077103.066624577,2177, 26.51, 88
1789077105.114017796,2177, 27.12, 91
1789077107.167816143,2177, 26.88, 90
1789077109.217127493,2177, 26.79, 93
1789077111.266227151,2177, 27.10, 93
1789077113.323118430,2177, 27.13, 90
1789077115.376077144,2177, 27.14, 90
1789077117.434741642,2177, 26.87, 93
1789077119.484084833,2177, 26.73, 93
1789077121.536448901,2177, 27.08, 91
1789077123.586452337,2177, 26.90, 91
1789077125.639036619,2177, 26.63, 93
1789077127.686085555,2177, 26.85, 93
1789077129.735978136,2177, 26.94, 90
1789077131.791632967,2177, 26.95, 93
1789077133.843447167,2177, 27.00, 90
1789077135.888714550,2177, 26.86, 93
1789077137.939481111,2177, 26.82, 93
1789077139.986646160,2177, 26.88, 92
1789077142.035841978,2177, 26.09, 83
1789077144.092601833,2177, 26.15, 92
1789077146.139911084,2177, 26.55, 94
1789077148.191353130,2177, 26.71, 91
1789077150.245034104,2177, 26.55, 93
1789077152.296759676,2177, 26.45, 79
1789077154.354040618,2177, 27.45, 93
1789077156.410777931,2177, 26.49, 91
1789077158.460521885,2177, 25.97, 80
1789077160.508765763,2177, 26.56, 93
1789077162.560101383,2177, 26.71, 92
1789077164.620947901,2177, 25.93, 88
1789077166.662726744,2177, 25.60, 87
1789077168.718025677,2177, 26.53, 85
1789077170.773420310,2177, 26.19, 94
1789077172.828429522,2177, 27.12, 86
1789077174.878359322,2177, 26.18, 90
1789077176.917628935,2177, 26.49, 96
1789077178.986896195,2177, 25.73, 89
1789077181.045798916,2177, 26.99, 85
1789077183.098470034,2177, 26.52, 93
1789077185.150188085,2177, 26.81, 93
1789077187.202370011,2177, 26.80, 90
1789077189.249112732,2177, 18.44, 57
1789079223.517015906,2184, 12.39, 0
1789079225.544565373,2184, 24.78, 84
1789079227.592705195,2177, 24.29, 92
1789079229.631351926,2177, 25.64, 92
1789079231.680153955,2177, 24.08, 93
1789079233.721672875,2177, 25.99, 85
1789079235.769592137,2177, 26.04, 88
1789079237.815329691,2177, 25.79, 92
1789079239.860095886,2177, 23.48, 91
1789079241.906998830,2177, 23.13, 90
1789079243.944281947,2177, 23.05, 92
1789079245.983622246,2177, 23.22, 92
1789079248.027928042,2177, 26.70, 92
1789079250.080014322,2177, 25.78, 92
1789079252.131553740,2177, 23.87, 81
1789079254.182712870,2177, 26.02, 91
1789079256.231447380,2177, 25.25, 96
1789079258.274765098,2177, 26.38, 93
1789079260.323144984,2177, 26.72, 79
1789079262.375243345,2177, 25.65, 83
1789079264.421021155,2177, 25.96, 90
1789079266.488328647,2177, 28.27, 92
1789079268.534306345,2177, 28.06, 82
1789079270.569576618,2177, 27.11, 93
1789079272.624117840,2177, 27.84, 82
1789079274.677407048,2177, 27.16, 80
1789079276.733826907,2177, 27.00, 81
1789079278.795456055,2177, 26.34, 80
1789079280.854021320,2177, 27.70, 87
1789079282.922215995,2177, 27.00, 86
1789079284.968458845,2177, 26.89, 96
1789079287.009945493,2177, 25.10, 79
1789079289.055722664,2177, 27.42, 83
1789079291.118293059,2177, 28.32, 79
1789079293.178798849,2177, 27.44, 77
1789079295.225995282,2177, 28.22, 84
1789079297.268832169,2177, 28.11, 81
1789079299.328944280,2177, 27.90, 80
1789079301.384473965,2177, 28.75, 96
1789079303.462643586,2177, 28.42, 82
1789079305.529301704,2177, 27.11, 85
1789079307.565282041,2177, 27.74, 84
1789079309.625536392,2177, 27.66, 80
1789079311.665205619,2177, 28.35, 81
1789079313.707197724,2177, 29.03, 96
1789079315.762144418,2177, 28.73, 93
1789079317.802092094,2177, 28.45, 92
1789079319.851301452,2177, 28.51, 93
1789079321.904504645,2177, 27.69, 93
1789079323.955010386,2177, 27.00, 92
1789079325.994393998,2177, 26.77, 93
1789079328.051735042,2177, 27.25, 93
1789079330.098162836,2177, 26.92, 93
1789079332.147420467,2177, 26.43, 81
1789079334.190533002,2177, 26.07, 80
1789079336.238734875,2177, 26.60, 92
1789079338.284966110,2177, 27.38, 94
1789079340.330293458,2177, 26.15, 93
1789079342.376248502,2177, 27.60, 92
1789079344.425948468,2177, 26.69, 91
1789079346.476361345,2177, 27.07, 89
1789079348.536670017,2177, 26.04, 83
1789079350.571292900,2177, 24.68, 94
1789079352.615495595,2177, 24.11, 83
1789079354.663850091,2177, 27.30, 91
1789079356.713612682,2177, 25.23, 90
1789079358.765687365,2177, 27.68, 82
1789079360.823892968,2177, 28.73, 94
1789079362.879616830,2177, 28.96, 90
1789079364.928803197,2177, 28.81, 80
1789079366.983490789,2177, 27.82, 96
1789079369.041770504,2177, 27.38, 82
1789079371.089291498,2177, 27.82, 90
1789079373.145838207,2177, 27.97, 79
1789079375.206577310,2177, 28.08, 96
1789079377.247830873,2177, 27.69, 81
1789079379.291185553,2177, 27.22, 91
1789079381.335833143,2177, 27.84, 86
1789079383.430991063,2177, 28.70, 96
1789079385.526116134,2177, 29.04, 96
1789079387.582934891,2177, 26.04, 92
1789079389.635065783,2177, 24.93, 83
1789079391.679271950,2177, 26.50, 90
1789079393.732197673,2177, 25.73, 89
1789079395.777481598,2177, 28.96, 96
1789079397.833016597,2177, 28.48, 96
1789079399.899685389,2177, 31.87, 96
1789079401.953990294,2177, 28.47, 96
1789079404.007100496,2177, 28.83, 89
1789079406.065777379,2177, 28.67, 96
1789079408.126386452,2177, 28.28, 93
1789079410.179641582,2177, 28.68, 92
1789079412.231256251,2177, 28.33, 92
1789079414.284658277,2177, 25.32, 96
1789079416.336965522,2177, 25.24, 96
1789079418.384051589,2177, 24.61, 93
1789079420.424765025,2177, 23.24, 93
1789079422.483913620,2177, 26.61, 93
1789079424.532573925,2177, 27.02, 93
1789079426.583377923,2177, 25.58, 81
1789079428.632464004,2177, 25.67, 81
1789079430.683838178,2177, 23.83, 83
1789079432.733421490,2177, 24.84, 90
1789079434.776485691,2177, 26.45, 90
1789079436.835318127,2177, 24.00, 94
1789079438.875898683,2177, 25.59, 92
1789079440.922078416,2177, 25.20, 94
1789079442.975600827,2177, 25.58, 83
1789079445.060420858,2177, 26.39, 89
1789079447.110397338,2177, 27.05, 92
1789079449.159878138,2177, 25.99, 89
1789079451.212383975,2177, 26.07, 94
1789079453.271339562,2177, 28.10, 93
1789079455.335331126,2177, 27.94, 80
1789079457.419087623,2177, 29.30, 90
1789079459.484308642,2177, 28.64, 89
1789079461.534861937,2177, 27.63, 91
1789079463.599304269,2177, 27.82, 89
1789079465.656658274,2177, 27.81, 83
1789079467.706766258,2177, 27.98, 87
1789079469.750303148,2177, 27.84, 80
1789079471.800267228,2177, 27.70, 91
1789079473.840529658,2177, 28.11, 92
1789079475.884548738,2177, 28.01, 96
1789079477.954651926,2177, 28.20, 83
1789079480.011394605,2177, 28.78, 93
1789079482.051747035,2177, 26.10, 96
1789079484.103572217,2177, 25.01, 95
1789079486.140201900,2177, 25.61, 88
1789079488.188360319,2177, 25.84, 96
1789079490.229318668,2177, 26.01, 80
1789079492.276407969,2177, 28.71, 82
1789079494.331877882,2171, 32.19, 96
1789079496.382941865,2177, 29.24, 90
1789079498.437734195,2177, 28.44, 93
1789079500.480314478,2177, 25.83, 92
1789079502.524291399,2177, 25.09, 91
1789079504.577786067,2177, 27.26, 92
1789079506.623587385,2177, 25.13, 94
1789079508.667069971,2177, 25.59, 94
1789079510.720487775,2177, 17.08, 92
1789079512.752338058,2177, 34.29, 96
1789079514.793419383,2177, 36.00, 96
1789079516.832881751,2177, 14.86, 3
1789079518.865286672,2177, 29.35, 96
1789079520.899407544,2184, 16.05, 83
1789079522.927961479,2177, 36.40, 96
1789079524.975499899,2177, 35.63, 96
1789079527.024605005,2184, 14.35, 0
1789079529.056795111,2177, 29.57, 96
1789079531.088698898,2177, 28.26, 96
1789079533.133571642,2184, 21.37, 0
1789079535.164531062,2177, 30.22, 96
1789079537.206987010,2177, 35.30, 96
1789079539.261523405,2184, 17.89, 0
1789079541.298494864,2184, 13.35, 0
1789079550.007538347,2177, 26.14, 96
1789079552.043037968,2184, 16.38, 0
1789079554.080998659,2177, 30.86, 96
1789079556.135269614,2177, 37.66, 96
1789079558.172712385,2184, 14.07, 96
1789079560.214053103,2177, 27.77, 96
1789079562.246775897,2177, 28.78, 96
1789079564.277314469,2184, 12.47, 0
1789079566.309766512,2177, 30.16, 96
1789079568.354769016,2184, 28.30, 96
1789079570.391035005,2184, 16.90, 0
1789079572.418366047,2177, 35.99, 96
1789079574.469100159,2177, 29.33, 96
1789079576.523631786,2184, 13.32, 0
1789079578.549849838,2177, 35.77, 96
1789079580.597200467,2177, 28.05, 96
1789079582.635383877,2184, 14.03, 0
1789079584.664688820,2184, 29.10, 96
1789079586.695030786,2177, 29.22, 96
1789079588.735119473,2184, 29.59, 96
1789079590.774528098,2184, 13.90, 0
1789079592.803762673,2177, 36.84, 96
1789079594.858356221,2177, 29.33, 96
1789079596.891320839,2184, 24.10, 96
1789079598.948375887,2177, 37.42, 96
1789079600.991663386,2177, 34.61, 96
1789079603.029759837,2184, 18.82, 0
1789079605.069611981,2177, 28.67, 96
1789079607.100453114,2184, 27.82, 96
1789079609.143554838,2177, 27.12, 0
1789079611.172393990,2184, 23.47, 96
1789079613.225498291,2184, 23.08, 96
1789079615.253927460,2184, 14.56, 96
1789079617.283204419,2184, 14.46, 96
1789079619.315509214,2184, 14.47, 96
1789079621.343771727,2184, 14.40, 96
1789079623.376197050,2184, 14.42, 96
1789079625.441695351,2184, 26.48, 96
1789079627.470606070,2184, 28.23, 96
1789079629.506217165,2184, 13.25, 0
1789079631.539453911,2177, 31.50, 96
1789079633.587919275,2184, 24.72, 96
1789079635.626004542,2184, 24.30, 96
1789079637.662849331,2184, 24.41, 96
1789079639.704365330,2184, 13.56, 0
1789079641.736639117,2184, 25.39, 96
1789079643.783512196,2184, 27.41, 96
1789079645.813337059,2177, 25.86, 96
1789079647.846142318,2184, 23.84, 96
1789079649.881868308,2184, 16.07, 96
1789079651.911387092,2184, 35.91, 96
1789079653.965926832,2177, 39.52, 96
1789079656.024053383,2177, 14.48, 96
1789079658.060605805,2184, 35.59, 96
1789079660.117211334,2177, 38.91, 96
1789079662.167120393,2184, 13.28, 94
1789079664.199837332,2177, 37.63, 96
1789079666.248718920,2177, 39.37, 96
1789079668.291450645,2184, 13.68, 96
1789079670.324633231,2177, 38.40, 96
1789079672.374216451,2177, 39.84, 96
1789079674.411879079,2184, 14.06, 96
1789079676.444994578,2184, 28.37, 96
1789079678.481292152,2177, 25.96, 96
1789079680.518241709,2171, 40.71, 96
1789079682.568792191,2184, 13.95, 24
1789079684.597038929,2177, 38.33, 96
1789079686.643627048,2171, 40.34, 96
1789079688.695380265,2184, 13.93, 0
1789079690.723600010,2177, 37.56, 96
1789079692.779202326,2171, 40.06, 96
1789079694.837558013,2184, 15.15, 96
1789079696.875065249,2177, 38.99, 96
1789079698.929863086,2177, 24.73, 96
1789079700.969344464,2184, 24.44, 96
1789079702.997345154,2184, 22.20, 96
1789079705.023734246,2184, 25.40, 94
1789079707.075996566,2184, 23.30, 91
1789079709.128050918,2184, 22.80, 90
1789079711.171116419,2184, 22.98, 90
1789079713.213381873,2184, 23.11, 93
1789079715.254275377,2184, 22.84, 83
1789079717.302314327,2184, 23.25, 91
1789079719.344644789,2184, 23.09, 88
1789079721.391311549,2184, 22.98, 84
1789079723.482052664,2184, 23.74, 90
1789079725.519812876,2184, 23.23, 93
1789079727.562231770,2184, 23.00, 90
1789079729.603448394,2184, 23.08, 83
1789079731.642204541,2184, 23.04, 92
1789079733.684195468,2184, 23.11, 94
1789079735.729089030,2184, 23.32, 92
1789079737.775546431,2184, 23.29, 84
1789079739.826555105,2184, 24.15, 81
1789079741.877540803,2184, 26.34, 85
1789079743.924194619,2177, 25.99, 91
1789079745.976271340,2177, 26.46, 84
1789079748.029981690,2177, 26.17, 91
1789079750.091660381,2177, 26.37, 93
1789079752.148930167,2177, 26.23, 90
1789079754.196724382,2177, 26.15, 93
1789079756.250310076,2177, 26.14, 79
1789079758.294567688,2177, 26.11, 91
1789079760.345602170,2177, 26.19, 81
1789079762.393394257,2177, 26.23, 94
1789079764.445819297,2177, 25.82, 94
1789079766.491640891,2177, 26.32, 88
1789079768.543600796,2177, 26.09, 92
1789079770.600020679,2177, 26.21, 92
1789079772.647773533,2177, 24.25, 91
1789079774.695794484,2177, 23.53, 91
1789079776.741363102,2177, 23.33, 92
1789079778.788520998,2177, 23.47, 93
1789079780.834303456,2177, 23.71, 92
1789079782.884993603,2184, 23.29, 91
1789079784.930753708,2177, 25.78, 92
1789079786.986176489,2177, 25.69, 78
1789079789.032551090,2177, 26.10, 80
1789079791.087431903,2177, 26.39, 79
1789079793.132011466,2177, 26.42, 90
1789079795.183138941,2177, 26.61, 90
1789079797.234447631,2177, 26.20, 83
1789079799.285844769,2177, 26.40, 91
1789079801.335324166,2177, 26.48, 90
1789079803.381180960,2177, 26.58, 90
1789079805.458497549,2177, 26.83, 93
1789079807.515426952,2177, 26.34, 80
1789079809.565998763,2177, 26.79, 90
1789079811.620644777,2177, 26.71, 88
1789079813.670070670,2177, 26.48, 91
1789079815.720389921,2177, 26.78, 89
1789079817.769792102,2177, 23.69, 94
1789079819.814753730,2177, 23.78, 93
1789079821.853213638,2177, 26.39, 93
1789079823.905120008,2177, 26.89, 93
1789079825.961766578,2177, 26.75, 93
1789079828.011833847,2177, 26.35, 92
1789079830.058360288,2177, 26.03, 82
1789079832.108433172,2177, 26.61, 89
1789079834.164200688,2177, 26.44, 90
1789079836.221248811,2177, 26.34, 92
1789079838.266307110,2177, 26.55, 91
1789079840.317592152,2177, 26.82, 91
1789079842.361743381,2177, 26.63, 91
1789079844.410269643,2177, 26.63, 89
1789079846.458399794,2177, 26.79, 93
1789079848.509875861,2177, 26.31, 93
1789079850.558442555,2177, 26.68, 89
1789079852.614485431,2177, 26.02, 90
1789079854.662501694,2177, 24.26, 93
1789079856.702786384,2177, 23.58, 93
1789079858.750264056,2177, 26.38, 92
1789079860.806751204,2177, 26.68, 89
1789079862.859612948,2177, 26.19, 93
1789079864.911503190,2177, 26.36, 92
1789079866.952700631,2177, 26.89, 93
1789079869.002463292,2177, 26.75, 89
1789079871.055269277,2177, 26.32, 93
1789079873.105381649,2177, 26.70, 91
1789079875.156263044,2177, 26.55, 91
1789079877.205756362,2177, 26.73, 91
1789079879.253746801,2177, 26.59, 92
1789079881.302009288,2177, 26.14, 85
1789079883.345903271,2177, 26.23, 89
1789079885.393954798,2177, 26.44, 93
1789079887.471185709,2177, 26.67, 92
1789079889.524242445,2177, 25.74, 88
1789079891.564551120,2177, 23.33, 94
1789079893.606679951,2177, 23.47, 92
1789079895.648141536,2177, 23.45, 93
1789079897.693815691,2177, 23.65, 84
1789079899.737163289,2177, 26.70, 91
1789079901.788655900,2177, 26.15, 92
1789079903.837571250,2177, 26.20, 82
1789079905.891017970,2177, 26.31, 91
1789079907.944084115,2177, 26.68, 93
1789079909.997958418,2177, 26.94, 89
1789079912.055499372,2177, 26.20, 93
1789079914.108874412,2177, 26.67, 93
1789079916.168102324,2177, 26.88, 93
1789079918.217532938,2177, 26.73, 93
1789079920.263469989,2177, 26.40, 91
1789079922.312109579,2177, 26.72, 93
1789079924.368144584,2177, 26.73, 89
1789079926.412186693,2177, 26.68, 93
1789079928.458256992,2177, 25.88, 92
1789079930.510233458,2177, 26.36, 92
1789079932.559520216,2177, 23.92, 91
1789079934.602833254,2177, 23.56, 93
1789079936.651250030,2177, 24.40, 93
1789079938.704229598,2177, 26.56, 87
1789079940.759480300,2177, 26.33, 88
1789079942.819811187,2177, 26.07, 93
1789079944.870072983,2177, 26.54, 93
1789079946.925522517,2177, 26.56, 94
1789079948.977313687,2177, 26.63, 89
1789079951.033407572,2177, 26.70, 93
1789079953.080781085,2177, 26.84, 91
1789079955.132227568,2177, 26.55, 92
1789079957.184618274,2177, 26.28, 78
1789079959.235355062,2177, 26.68, 92
1789079961.285070763,2177, 26.71, 94
1789079963.339544266,2177, 26.53, 92
1789079965.395733991,2177, 26.19, 84
1789079967.448329720,2177, 26.92, 90
1789079969.532900637,2177, 26.22, 93
1789079971.580434518,2177, 26.85, 93
1789079973.633204919,2177, 26.90, 90
1789079975.682815501,2177, 26.74, 91
1789079977.733456865,2177, 26.43, 79
1789079979.777965262,2177, 26.65, 90
1789079981.830824960,2177, 26.54, 93
1789079983.877603945,2177, 27.02, 93
1789079985.933485783,2177, 26.45, 93
1789079987.981357983,2177, 26.72, 92
1789079990.030471621,2177, 26.94, 94
1789079992.082360584,2177, 26.89, 94
1789079994.132902397,2177, 26.99, 93
1789079996.188344954,2177, 26.47, 93
1789079998.238656239,2177, 26.77, 90
1789080000.293391038,2177, 26.42, 91
1789080002.344409426,2177, 26.48, 83
1789080004.402179677,2177, 26.08, 92
1789080006.443568718,2177, 26.49, 92
1789080008.485821262,2177, 26.43, 91
1789080010.536512099,2177, 25.99, 90
1789080012.593822670,2177, 26.68, 91
1789080014.649130012,2177, 26.14, 79
1789080016.695567575,2177, 25.81, 93
1789080018.745527692,2177, 26.26, 93
1789080020.795474594,2177, 26.73, 92
1789080022.846038791,2177, 26.46, 92
1789080024.901638388,2177, 26.20, 90
1789080026.962008331,2177, 26.35, 93
1789080029.011360930,2177, 26.61, 93
1789080031.059625466,2177, 26.91, 91
1789080033.115924502,2177, 26.48, 94
1789080035.162316753,2177, 23.84, 94
1789080037.206669983,2177, 24.02, 92
1789080039.251825563,2177, 26.72, 92
1789080041.306901898,2177, 26.77, 84
1789080043.358615277,2177, 26.94, 92
1789080045.411522174,2177, 26.61, 92
1789080047.470781079,2177, 26.87, 90
1789080049.542775790,2177, 26.98, 93
1789080051.604060852,2177, 26.98, 92
1789080053.661137487,2177, 26.25, 89
1789080055.716055998,2177, 25.30, 82
1789080057.762218105,2177, 23.15, 93
1789080059.801484046,2177, 24.49, 90
1789080061.844146190,2177, 25.12, 84
1789080063.881925909,2177, 24.87, 94
1789080065.926767618,2177, 24.81, 93
1789080067.967563941,2177, 22.94, 91
1789080070.002688815,2177, 25.62, 84
1789080072.049881913,2177, 25.27, 82
1789080074.101172189,2177, 25.42, 91
1789080076.154623678,2177, 25.73, 92
1789080078.201865592,2177, 26.31, 80
1789080080.249308561,2177, 25.49, 93
1789080082.306758764,2177, 26.10, 84
1789080084.366904788,2177, 25.74, 91
1789080086.416919706,2177, 25.87, 89
1789080088.464321283,2177, 23.16, 91
1789080090.507373123,2177, 25.49, 94
1789080092.561510723,2177, 26.23, 89
1789080094.603818276,2177, 25.37, 90
1789080096.635030148,2177, 27.61, 96
1789082735.342160208,2184, 12.26, 0
1789082737.376235646,2184, 25.75, 90
1789082739.423904816,2184, 26.97, 92
1789082741.473573991,2184, 26.88, 89
1789082743.524479826,2177, 26.52, 84
1789082745.579403554,2177, 26.93, 86
1789082747.632966040,2177, 26.89, 90
1789082749.689740290,2177, 27.29, 92
1789082751.736578018,2177, 27.40, 89
1789082753.789902839,2177, 26.81, 86
1789082755.847837792,2177, 26.52, 88
1789082757.897852015,2177, 27.02, 91
1789082759.948020308,2177, 27.31, 90
1789082761.998540270,2177, 27.02, 90
1789082764.056547548,2177, 27.15, 92
1789082766.113608383,2177, 27.78, 90
1789082768.179436967,2177, 27.49, 91
1789082770.235055574,2177, 26.61, 89
1789082772.286158299,2177, 27.51, 89
1789082774.348780531,2177, 27.33, 91
1789082776.399495523,2177, 28.69, 91
1789082778.451249529,2177, 27.90, 89
1789082780.495729829,2177, 26.01, 90
1789082782.555769476,2177, 26.75, 82
1789082784.610169946,2177, 27.42, 87
1789082786.664206582,2177, 27.83, 89
1789082788.718416408,2177, 29.26, 96
1789082790.791439308,2177, 29.41, 90
1789082792.863657847,2177, 30.08, 96
1789082794.921799321,2177, 28.63, 82
1789082796.980957122,2177, 29.32, 96
1789082799.065035051,2177, 29.48, 96
1789082801.128868910,2177, 28.23, 79
1789082803.195207271,2177, 28.64, 80
1789082805.249189720,2177, 28.44, 83
1789082807.300080672,2177, 28.96, 80
1789082809.366096299,2177, 28.82, 79
1789082811.433470764,2177, 29.09, 96
1789082813.500603779,2177, 28.79, 78
1789082815.538196872,2177, 29.35, 86
1789082817.602941900,2177, 28.85, 90
1789082819.665557943,2177, 28.74, 82
1789082821.717833564,2177, 28.80, 96
1789082823.774042069,2177, 28.20, 82
1789082825.840485683,2177, 28.86, 81
1789082827.907281319,2177, 29.30, 80
1789082829.967052979,2177, 29.47, 96
1789082832.015771689,2177, 28.59, 94
1789082834.069431940,2177, 28.86, 81
1789082836.127637061,2177, 29.08, 82
1789082838.167622050,2177, 29.28, 92
1789082840.231076495,2177, 30.06, 96
1789082842.286354885,2177, 29.41, 96
1789082844.347582495,2177, 30.35, 96
1789082846.400362548,2177, 30.28, 79
1789082848.457854110,2177, 28.12, 90
1789082850.520855037,2177, 29.26, 96
1789082852.586700818,2177, 30.16, 80
1789082854.642156754,2177, 30.16, 76
1789082856.707470133,2177, 30.16, 93
1789082858.779060733,2177, 29.94, 89
1789082860.834788818,2177, 29.91, 96
1789082862.898000715,2177, 28.94, 94
1789082864.955345374,2177, 29.04, 96
1789082867.011515352,2177, 28.71, 91
1789082869.100091502,2177, 28.84, 92
1789082871.161712628,2177, 27.91, 88
1789082873.214209878,2177, 26.99, 90
1789082875.264192271,2177, 27.85, 79
1789082877.322477885,2177, 27.52, 93
1789082879.382237122,2177, 27.88, 82
1789082881.435215825,2177, 27.97, 82
1789082883.501864546,2177, 26.78, 82
1789082885.555623984,2177, 26.83, 90
1789082887.609715909,2177, 27.30, 89
1789082889.662089970,2177, 27.66, 82
1789082891.712309336,2177, 27.52, 93
1789082893.755407033,2177, 27.46, 92
1789082895.812115292,2177, 28.14, 90
1789082897.881099890,2177, 27.33, 91
1789082899.937774500,2177, 27.86, 93
1789082901.981606308,2177, 27.53, 89
1789082904.035535495,2177, 27.53, 83
1789082906.098826926,2177, 29.21, 93
1789082908.151479426,2177, 28.13, 92
1789082910.210950330,2177, 27.82, 91
1789082912.260254544,2177, 28.58, 93
1789082914.307450286,2177, 28.09, 92
1789082916.352729141,2177, 28.50, 94
1789082918.416376284,2177, 30.22, 88
1789082920.463614274,2177, 29.92, 81
1789082922.525837626,2177, 30.00, 83
1789082924.584116524,2177, 28.83, 80
1789082926.646561316,2177, 29.82, 91
1789082928.706456742,2177, 29.66, 79
1789082930.785987622,2177, 28.80, 91
1789082932.833419694,2177, 29.12, 80
1789082934.883827901,2177, 26.96, 82
1789082936.932129749,2177, 28.99, 83
1789082938.993768672,2177, 29.22, 83
1789082941.090016849,2177, 29.44, 96
1789082943.144510576,2177, 29.28, 96
1789082945.197080487,2177, 28.37, 80
1789082947.248760360,2177, 29.22, 83
1789082949.310494493,2177, 29.04, 82
1789082951.384898659,2177, 29.07, 96
1789082953.452835350,2177, 29.13, 79
1789082955.520378513,2177, 29.56, 96
1789082957.560792610,2177, 29.79, 96
1789082959.605243547,2177, 29.63, 84
1789082961.645002527,2177, 28.82, 88
1789082963.691092104,2177, 29.61, 96
1789082965.736457418,2177, 28.60, 96
1789082967.812487013,2177, 29.50, 82
1789082969.880048093,2177, 29.85, 88
1789082971.935517573,2177, 29.25, 81
1789082973.996640770,2177, 29.81, 96
1789082976.037375812,2177, 28.87, 87
1789082978.098013059,2171, 32.22, 96
1789082980.135894681,2177, 29.82, 81
1789082982.215484063,2177, 30.25, 80
1789082984.264127729,2177, 30.17, 96
1789082986.322195222,2177, 29.57, 96
1789082988.390795310,2177, 30.15, 92
1789082990.447577046,2177, 29.64, 96
1789082992.500328313,2177, 29.57, 92
1789082994.549337576,2177, 29.57, 92
1789082996.608406842,2177, 28.42, 91
1789082998.668045957,2177, 27.91, 90
1789083000.728723577,2177, 27.13, 89
1789083002.784375897,2177, 27.72, 92
1789083004.840808097,2177, 28.03, 92
1789083006.898610739,2177, 28.00, 92
1789083008.948005298,2177, 27.92, 93
1789083011.004498391,2177, 27.00, 83
1789083013.067772593,2177, 26.66, 84
1789083015.121446571,2177, 27.32, 90
1789083017.182587929,2177, 27.07, 90
1789083019.242388578,2177, 27.85, 84
1789083021.279962290,2177, 26.94, 91
1789083023.329467348,2177, 27.36, 93
1789083025.388474746,2177, 27.85, 81
1789083027.442259052,2177, 27.43, 93
1789083029.491509083,2177, 25.66, 93
1789083031.553165036,2177, 25.52, 91
1789083033.598101298,2177, 26.02, 91
1789083035.642372945,2177, 25.16, 87
1789083037.697922979,2177, 27.26, 92
1789083039.754587439,2177, 27.57, 90
1789083041.819419662,2177, 28.03, 92
1789083043.873180927,2177, 27.56, 92
1789083045.924464571,2177, 27.75, 92
1789083047.985377627,2177, 29.95, 90
1789083050.028659968,2177, 30.22, 96
1789083052.093021521,2177, 30.30, 96
1789083054.153260894,2177, 29.72, 83
1789083056.200717423,2177, 29.62, 93
1789083058.257873762,2177, 30.18, 96
1789083060.316641839,2177, 28.97, 90
1789083062.368571914,2177, 28.81, 83
1789083064.416693202,2177, 28.90, 95
1789083066.485775926,2177, 29.01, 96
1789083068.550531494,2177, 27.47, 96
1789083070.594270128,2177, 29.66, 95
1789083072.641432081,2177, 29.33, 81
1789083074.710852829,2177, 27.97, 96
1789083076.765633597,2177, 29.27, 89
1789083078.830312193,2177, 29.44, 91
1789083080.904070264,2177, 29.67, 96
1789083082.969143759,2177, 29.10, 89
1789083085.026224999,2177, 29.72, 90
1789083087.117988560,2177, 29.66, 87
1789083089.185199861,2177, 29.94, 96
1789083091.236382191,2177, 28.94, 82
1789083093.297990845,2177, 29.72, 96
1789083095.358669877,2177, 29.76, 96
1789083097.415047259,2177, 29.45, 80
1789083099.471635563,2177, 29.77, 96
1789083101.539882302,2177, 29.98, 79
1789083103.592023798,2177, 30.09, 96
1789083105.653304195,2177, 29.98, 96
1789083107.703015778,2177, 29.43, 95
1789083109.749056943,2177, 31.23, 90
1789083111.799122947,2177, 29.36, 96
1789083113.860103530,2177, 30.01, 79
1789083115.932165587,2177, 30.09, 78
1789083117.990368977,2177, 29.15, 96
1789083120.049600921,2177, 27.94, 96
1789083122.105634478,2177, 28.72, 91
1789083124.159930223,2177, 29.71, 90
1789083126.224055955,2177, 28.28, 96
1789083128.271075376,2177, 29.34, 92
1789083130.336508664,2177, 18.04, 0
1789083132.367798022,2177, 21.32, 96
1789083134.409684615,2177, 35.42, 96
1789083136.457042574,2177, 21.05, 43
1789083138.486049631,2177, 26.52, 96
1789083140.521434949,2177, 17.01, 89
1789083142.550324716,2177, 34.13, 96
1789083144.589126326,2177, 30.82, 96
1789083146.632093080,2177, 19.15, 96
1789083148.669900968,2177, 29.26, 96
1789083150.689880914,2177, 21.83, 96
1789083152.722326877,2177, 31.64, 96
1789083154.758119889,2177, 28.21, 96
1789083156.808813844,2177, 37.35, 96
1789083158.857066724,2184, 14.34, 96
1789083160.890234667,2177, 22.31, 96
1789083163.320899931,2177, 22.76, 96
1789083165.360620962,2177, 19.62, 96
1789083167.395820104,2177, 28.67, 96
1789083169.434560807,2184, 14.30, 96
1789083171.463772025,2171, 30.33, 96
1789083173.500448575,2171, 28.29, 96
1789083175.537647889,2171, 26.68, 96
1789083177.566621461,2184, 25.67, 96
1789083179.613534933,2171, 28.54, 96
1789083181.660947329,2177, 19.95, 0
1789083183.688589016,2184, 26.66, 96
1789083185.734425579,2177, 35.71, 96
1789083187.778368555,2177, 13.16, 0
1789083189.808022579,2177, 31.12, 96
1789083191.850670731,2177, 34.40, 96
1789083193.884889653,2177, 13.52, 0
1789083195.916620798,2177, 31.47, 96
1789083197.949224849,2177, 35.16, 96
1789083199.988919690,2184, 14.09, 0
1789083202.019370214,2177, 35.88, 96
1789083204.068926829,2177, 33.06, 96
1789083206.102360125,2184, 21.32, 96
1789083208.141784708,2177, 33.80, 96
1789083210.190405199,2177, 37.76, 96
1789083212.240320964,2184, 17.40, 0
1789083214.311480995,2184, 20.01, 96
1789083216.345597869,2184, 30.51, 96
1789083218.403416270,2177, 30.48, 96
1789083220.435620737,2177, 22.53, 96
1789083222.464793650,2177, 28.27, 96
1789083224.512008544,2177, 38.46, 96
1789083226.565625731,2184, 14.04, 96
1789083228.592436090,2184, 21.42, 96
1789083230.626228935,2184, 21.97, 96
1789083232.661167374,2184, 22.72, 96
1789083234.690550022,2177, 28.28, 96
1789083236.734293341,2184, 19.90, 96
1789083238.766634154,2184, 20.79, 96
1789083240.799486179,2184, 18.28, 96
1789083242.828627818,2184, 27.08, 96
1789083244.871806834,2177, 38.78, 96
1789083246.914899509,2177, 20.93, 37
1789083248.942334290,2177, 36.30, 96
1789083250.986494140,2177, 39.39, 96
1789083253.029422419,2184, 15.44, 0
1789083255.062719806,2177, 36.11, 96
1789083257.142853179,2171, 41.39, 96
1789083259.180779531,2184, 13.87, 0
1789083261.210218814,2177, 37.54, 96
1789083263.263497879,2177, 40.18, 96
1789083265.307509445,2184, 14.47, 0
1789083267.334331775,2184, 22.22, 96
1789083269.364944129,2184, 23.06, 96
1789083271.412990048,2184, 18.04, 96
1789083273.442368075,2184, 35.40, 96
1789083275.482961561,2177, 15.22, 0
1789083277.514845099,2184, 18.68, 96
1789083279.547234840,2177, 37.03, 96
1789083281.598936672,2171, 39.75, 96
1789083283.654176481,2184, 17.63, 96
1789083285.709215309,2184, 24.81, 96
1789083287.765986549,2177, 41.73, 96
1789083289.812573410,2171, 19.82, 0
1789083291.842482987,2184, 37.07, 96
1789083293.894931899,2177, 41.66, 96
1789083295.946589576,2184, 20.84, 55
1789083297.980088179,2177, 39.08, 96
1789083300.031176729,2171, 42.41, 96
1789083302.074680451,2184, 19.91, 96
1789083304.108919265,2177, 38.70, 96
1789083306.157105247,2171, 44.09, 96
1789083308.197933808,2177, 27.05, 89
1789083310.250874914,2177, 27.39, 91
1789083312.305788015,2177, 27.59, 89
1789083314.360897703,2177, 27.69, 88
1789083316.420325224,2177, 28.00, 93
1789083318.471554541,2177, 27.42, 89
1789083320.519435922,2177, 27.67, 85
1789083322.576428986,2177, 27.87, 92
1789083324.627716996,2177, 27.29, 93
1789083326.685028469,2177, 27.86, 83
1789083328.741146148,2177, 28.11, 91
1789083330.796651616,2177, 27.86, 91
1789083332.836392167,2177, 28.14, 92
1789083334.890849213,2177, 27.71, 91
1789083336.938510709,2177, 27.77, 91
1789083338.997404416,2177, 27.96, 91
1789083341.048700910,2177, 27.70, 87
1789083343.102958406,2177, 27.51, 92
1789083345.191373465,2177, 27.53, 84
1789083347.237806130,2177, 27.55, 91
1789083349.321942546,2177, 28.09, 90
1789083351.377288683,2177, 28.02, 92
1789083353.434419247,2177, 27.53, 92
1789083355.484904614,2177, 28.21, 92
1789083357.535912441,2177, 27.82, 89
1789083359.592182228,2177, 27.77, 93
1789083361.642128514,2177, 27.40, 93
1789083363.706296878,2177, 27.55, 91
1789083365.768805929,2177, 27.93, 93
1789083367.818356109,2177, 28.04, 92
1789083369.872801097,2177, 28.14, 91
1789083371.931107759,2177, 27.99, 90
1789083373.981606104,2177, 27.65, 88
1789083376.026337636,2177, 27.46, 91
1789083378.084878463,2177, 28.19, 87
1789083380.142496232,2177, 28.13, 89
1789083382.208857861,2177, 28.15, 80
1789083384.269603428,2177, 27.74, 84
1789083386.309393989,2177, 28.26, 91
1789083388.368265008,2177, 28.17, 92
1789083390.430731220,2177, 28.51, 83
1789083392.477239589,2177, 26.33, 96
1789083394.515912059,2177, 26.66, 82
1789083396.567631713,2177, 26.58, 94
1789083398.623857167,2177, 27.75, 90
1789083400.678272684,2177, 27.92, 83
1789083402.737732592,2177, 28.18, 92
1789083404.784360047,2177, 28.10, 92
1789083406.833039128,2177, 28.12, 92
1789083408.886795465,2177, 28.33, 91
1789083410.939983512,2177, 28.19, 92
1789083412.994366435,2177, 27.94, 84
1789083415.048371627,2177, 28.29, 92
1789083417.107496698,2177, 27.84, 90
1789083419.165897240,2177, 27.82, 92
1789083421.222749988,2177, 27.76, 90
1789083423.285600583,2177, 28.08, 91
1789083425.338776993,2177, 28.00, 92
1789083427.388510219,2177, 28.14, 91
1789083429.444512492,2177, 27.60, 92
1789083431.503820967,2177, 27.89, 90
1789083433.555927063,2177, 27.11, 91
1789083435.611443232,2177, 27.63, 84
1789083437.664919976,2177, 27.78, 86
1789083439.712254692,2177, 27.65, 90
1789083441.765478647,2177, 27.69, 92
1789083443.819326759,2177, 27.75, 92
1789083445.874492866,2177, 27.24, 93
1789083447.938821121,2177, 27.90, 91
1789083449.997075635,2177, 27.62, 93
1789083452.056706961,2177, 28.06, 93
1789083454.103858250,2177, 27.83, 84
1789083456.165359984,2177, 28.15, 92
1789083458.221302954,2177, 27.97, 89
1789083460.266903116,2177, 28.17, 91
1789083462.317875509,2177, 28.04, 86
1789083464.376513732,2177, 28.44, 93
1789083466.426915625,2177, 27.96, 83
1789083468.491890123,2177, 26.34, 92
1789083470.541589643,2177, 28.00, 93
1789083472.596024004,2177, 28.57, 82
1789083474.651161641,2177, 28.30, 92
1789083476.696253830,2177, 28.52, 91
1789083478.752244149,2177, 28.02, 86
1789083480.809679903,2177, 28.34, 90
1789083482.858973856,2177, 28.09, 85
1789083484.916062902,2177, 28.23, 93
1789083486.973672664,2177, 28.07, 92
1789083489.030105481,2177, 27.93, 83
1789083491.083008684,2177, 28.13, 93
1789083493.136540619,2177, 28.01, 85
1789083495.223303059,2177, 28.30, 93
1789083497.276742606,2177, 28.17, 93
1789083499.321232447,2177, 27.95, 88
1789083501.368312139,2177, 28.29, 92
1789083503.420886927,2177, 28.19, 92
1789083505.474773710,2177, 28.00, 93
1789083507.521231156,2177, 27.58, 87
1789083509.572160065,2177, 27.91, 92
1789083511.623349821,2177, 28.14, 84
1789083513.676860947,2177, 27.71, 93
1789083515.729064184,2177, 27.52, 92
1789083517.784007240,2177, 28.23, 92
1789083519.834263578,2177, 28.38, 90
1789083521.884514762,2177, 28.13, 93
1789083523.939733650,2177, 27.80, 92
1789083525.993128586,2177, 28.14, 92
1789083528.051370826,2177, 28.28, 87
1789083530.109333719,2177, 27.77, 92
1789083532.161997737,2177, 27.91, 92
1789083534.217262325,2177, 28.13, 85
1789083536.268240931,2177, 28.51, 92
1789083538.321141389,2177, 28.49, 92
1789083540.380330590,2177, 28.21, 92
1789083542.441704234,2177, 28.34, 89
1789083544.489828498,2177, 28.48, 92
1789083546.544516369,2177, 28.41, 93
1789083548.605084950,2177, 28.22, 93
1789083550.654090519,2177, 28.42, 92
1789083552.705668386,2177, 28.39, 92
1789083554.757116635,2177, 28.44, 83
1789083556.814938283,2177, 28.81, 89
1789083558.862672756,2177, 28.06, 88
1789083560.918883713,2177, 28.36, 93
1789083562.979091991,2177, 28.22, 92
1789083565.037025614,2177, 27.89, 91
1789083567.084405086,2177, 28.30, 94
1789083569.142563552,2177, 28.13, 84
1789083571.243650735,2177, 28.00, 92
1789083573.296310738,2177, 28.30, 92
1789083575.345450056,2177, 28.25, 90
1789083577.400281541,2177, 27.84, 91
1789083579.454651152,2177, 27.96, 94
1789083581.507435915,2177, 28.00, 93
1789083583.565064622,2177, 28.26, 93
1789083585.619413491,2177, 28.01, 94
1789083587.679605359,2177, 28.41, 94
1789083589.729082421,2177, 28.07, 92
1789083591.788627165,2177, 27.95, 92
1789083593.837967551,2177, 27.56, 90
1789083595.900803776,2177, 27.95, 91
1789083597.955466151,2177, 27.92, 89
1789083599.997852539,2177, 28.22, 93
1789083602.051557904,2177, 28.11, 93
1789083604.116472949,2177, 28.00, 83
1789083606.179896187,2177, 27.71, 91
1789083608.225884226,2177, 27.56, 89
1789083610.273570902,2177, 28.25, 92
1789083612.325109234,2177, 28.66, 91
1789083614.381985751,2177, 28.22, 89
1789083616.432938753,2177, 28.55, 94
1789083618.485852134,2177, 28.22, 82
1789083620.536766012,2177, 28.72, 92
1789083622.597062932,2177, 28.27, 92
1789083624.653316176,2177, 28.64, 91
1789083626.705942301,2177, 27.74, 83
1789083628.755643340,2177, 28.37, 91
1789083630.815378990,2177, 28.38, 92
1789083632.875132397,2177, 28.16, 92
1789083634.926114293,2177, 25.01, 91
1789083636.973931087,2177, 25.22, 93
1789083639.030765260,2177, 27.83, 83
1789083641.077305667,2177, 27.99, 89
1789083643.119190189,2177, 25.66, 92
1789083645.163499476,2177, 28.14, 92
1789083647.270864862,2177, 28.59, 91
1789083649.331316685,2177, 28.69, 93
1789083651.374974254,2177, 27.99, 92
1789083653.425429301,2177, 28.02, 90
1789083655.481878563,2177, 27.74, 84
1789083657.532274727,2177, 25.74, 95
1789083659.594403323,2177, 25.19, 95
1789083661.642088782,2177, 25.23, 91
1789083663.678351437,2177, 25.55, 92
1789083665.732988180,2177, 28.06, 90
1789083667.790552326,2177, 27.99, 92
1789083669.844723354,2177, 27.94, 91
1789083671.897842477,2177, 28.01, 92
1789083673.957330744,2177, 27.83, 91
1789083676.002726657,2177, 27.11, 93
1789083678.057520509,2177, 27.70, 92
1789083680.113495014,2177, 27.16, 93
1789083682.152529713,2177, 25.83, 94
1789083684.197534212,2177, 27.40, 91
1789083686.246716096,2177, 26.19, 93
1789083688.293269325,2177, 27.50, 92
1789083690.351861082,2177, 27.74, 93
1789083692.401921791,2177, 28.05, 84
1789083694.445452043,2177, 28.39, 91
1789083696.506178720,2177, 26.50, 83
1789083698.558140718,2177, 25.24, 96
1789083700.611401353,2177, 24.99, 96
1789083702.660073736,2177, 24.89, 92
1789083704.702163484,2177, 25.16, 92
1789083706.756178481,2177, 25.07, 92
1789083708.805195482,2177, 25.74, 93
1789083710.860037883,2177, 25.50, 93
1789083712.910200959,2177, 25.58, 96
1789083714.959910659,2177, 25.53, 92
1789083717.011435858,2177, 24.46, 92
1789083719.063716543,2177, 24.00, 91
1789083721.105037159,2177, 23.41, 84
1789083723.152074104,2177, 25.12, 92
1789083725.208466059,2177, 25.13, 93
1789083727.276806446,2177, 25.27, 96
1789083729.340833156,2177, 24.68, 92
1789083731.379232808,2177, 24.35, 93
1789083733.425734225,2177, 24.48, 84
1789083735.470036170,2177, 23.68, 82
1789083737.509436392,2177, 23.68, 83
1789083739.547299767,2177, 23.82, 96
1789083741.590386765,2177, 23.97, 83
1789083743.640859081,2177, 24.88, 90
1789083745.689003702,2177, 24.05, 93
1789083747.739343151,2177, 24.05, 83
1789083749.779261123,2177, 24.16, 93
1789083751.817178264,2177, 25.56, 93
1789083753.858215272,2177, 24.39, 93
1789083755.904840783,2177, 24.45, 92
1789083757.944894285,2177, 23.92, 83
1789083759.993404159,2177, 24.07, 82
1789083762.035690391,2177, 24.02, 83
1789083764.076041168,2177, 23.94, 96
1789083766.120007459,2177, 24.04, 81
1789083768.163458949,2177, 24.30, 83
1789083770.209087683,2177, 24.15, 81
1789083772.260216265,2177, 24.52, 83
1789083774.303134279,2177, 24.84, 94
1789083776.352806060,2177, 25.00, 93
1789083778.404231133,2177, 24.96, 93
1789083780.450902371,2177, 29.13, 96
1789084511.997855097,2177, 30.61, 15
1789084772.363394485,2177, 12.67, 0
1789084774.396341723,2177, 24.86, 91
1789084776.446646548,2177, 25.83, 90
1789084778.511036369,2177, 25.55, 86
1789084780.561467338,2177, 26.19, 90
1789084782.613878298,2177, 26.82, 96
1789084784.664833845,2177, 26.10, 90
1789084786.714480891,2177, 25.79, 87
1789084788.762271162,2177, 25.73, 83
1789084790.812185347,2177, 26.14, 87
1789084792.868939717,2177, 26.32, 88
1789084794.935668524,2177, 26.08, 88
1789084796.992771393,2177, 26.73, 96
1789084799.051817757,2177, 26.14, 91
1789084801.096949608,2177, 27.71, 89
1789084803.146117571,2177, 26.36, 90
1789084805.200463474,2177, 27.12, 91
1789084807.244949199,2177, 26.31, 75
1789084809.294877314,2177, 26.24, 92
1789084811.344590261,2177, 27.40, 90
1789084813.393501224,2177, 28.22, 91
1789084815.467042756,2177, 28.10, 91
1789084817.509547812,2177, 25.75, 81
1789084819.551923302,2177, 26.70, 89
1789084821.590675070,2177, 27.07, 80
1789084823.631291824,2177, 27.24, 78
1789084825.693712688,2177, 27.82, 86
1789084827.737580706,2177, 27.19, 96
1789084829.792616894,2177, 27.46, 81
1789084831.847208411,2177, 27.19, 82
1789084833.889844931,2177, 27.06, 81
1789084835.937126781,2177, 27.49, 87
1789084837.995617073,2177, 27.33, 92
1789084840.052945588,2177, 27.62, 89
1789084842.110575899,2177, 27.76, 80
1789084844.164654794,2177, 27.72, 92
1789084846.209605807,2177, 27.64, 90
1789084848.267561874,2177, 27.70, 91
1789084850.320090632,2177, 27.62, 79
1789084852.382408913,2177, 30.12, 79
1789084854.434417901,2177, 27.94, 96
1789084856.483714901,2177, 28.01, 80
1789084858.529061700,2177, 26.97, 91
1789084860.581308446,2177, 28.74, 93
1789084862.642388729,2177, 27.88, 90
1789084864.691560483,2177, 27.70, 94
1789084866.741952214,2177, 27.50, 93
1789084868.791172729,2177, 26.36, 90
1789084870.834905217,2177, 25.71, 91
1789084872.885176931,2177, 26.71, 94
1789084874.936081036,2177, 26.16, 88
1789084877.001771368,2177, 26.78, 83
1789084879.051397768,2177, 25.88, 87
1789084881.098442485,2177, 26.11, 91
1789084883.155464167,2177, 27.11, 84
1789084885.205605865,2177, 24.15, 91
1789084887.257259574,2177, 25.18, 89
1789084889.298283241,2177, 23.64, 94
1789084891.343309646,2177, 24.94, 91
1789084893.387786313,2177, 23.87, 92
1789084895.470326795,2177, 23.42, 93
1789084897.518512397,2177, 26.50, 91
1789084899.565591586,2177, 26.17, 91
1789084901.605804634,2177, 27.07, 81
1789084903.656356231,2177, 26.74, 94
1789084905.707774254,2177, 28.19, 91
1789084907.761296162,2177, 27.57, 93
1789084909.809612430,2177, 29.29, 84
1789084911.856436061,2177, 28.70, 96
1789084913.908885379,2177, 28.08, 96
1789084915.963495559,2177, 27.40, 85
1789084918.013259300,2177, 27.43, 81
1789084920.058483020,2177, 27.55, 80
1789084922.115328252,2177, 27.76, 80
1789084924.160300467,2177, 27.60, 94
1789084926.214623196,2177, 28.23, 92
1789084928.277160420,2177, 27.45, 90
1789084930.327729875,2177, 25.17, 96
1789084932.376309251,2177, 26.77, 92
1789084934.416513414,2177, 26.54, 92
1789084936.471496985,2177, 28.67, 92
1789084938.533758169,2177, 29.17, 92
1789084940.588767405,2177, 29.59, 89
1789084942.648557719,2177, 27.94, 81
1789084944.705384610,2177, 27.17, 89
1789084946.738926422,2177, 28.57, 82
1789084948.797338054,2177, 29.03, 90
1789084950.836022475,2177, 28.34, 96
1789084952.888882958,2177, 29.57, 94
1789084954.936288092,2177, 28.66, 96
1789084956.983037122,2177, 28.55, 93
1789084959.037856247,2177, 27.72, 93
1789084961.088603002,2177, 27.89, 96
1789084963.146050504,2177, 26.97, 92
1789084965.187348165,2177, 27.22, 93
1789084967.244733335,2177, 24.62, 92
1789084969.285117030,2177, 25.49, 96
1789084971.328687863,2177, 24.68, 94
1789084973.372168194,2177, 26.25, 91
1789084975.421432775,2177, 26.18, 92
1789084977.494730882,2177, 26.54, 93
1789084979.545925760,2177, 26.31, 83
1789084981.594120512,2177, 26.75, 92
1789084983.646524966,2177, 27.54, 82
1789084985.694376938,2177, 26.80, 93
1789084987.748212088,2177, 26.61, 91
1789084989.819161067,2177, 26.33, 91
1789084991.867442096,2177, 27.22, 83
1789084993.931832697,2177, 27.15, 80
1789084995.981300199,2177, 26.98, 90
1789084998.033074581,2177, 27.91, 92
1789085000.087934263,2177, 28.32, 93
1789085002.143439733,2177, 29.50, 92
1789085004.215264597,2177, 28.66, 82
1789085006.260611921,2177, 26.09, 96
1789085008.315743168,2177, 24.39, 94
1789085010.366098959,2177, 25.38, 96
1789085012.424387196,2177, 27.67, 93
1789085014.482500852,2177, 27.73, 79
1789085016.535798589,2177, 28.05, 83
1789085018.577111590,2177, 28.58, 91
1789085020.630236198,2177, 28.03, 90
1789085022.688816703,2177, 27.96, 82
1789085024.726783700,2177, 28.88, 93
1789085026.800543048,2177, 28.85, 92
1789085028.858663492,2177, 29.26, 96
1789085030.916728892,2177, 28.67, 93
1789085032.968080754,2177, 29.35, 91
1789085035.022024889,2177, 29.34, 96
1789085037.080238150,2177, 28.49, 83
1789085039.127198919,2177, 32.67, 90
1789085041.180362498,2177, 28.84, 91
1789085043.241016123,2177, 27.31, 84
1789085045.289852422,2177, 26.13, 96
1789085047.337716045,2177, 24.53, 92
1789085049.378062095,2177, 28.26, 93
1789085051.443626599,2177, 28.33, 91
1789085053.507243399,2177, 28.42, 93
1789085055.558557193,2177, 19.59, 96
1789085057.618419931,2177, 36.80, 96
1789085059.674226194,2177, 21.84, 96
1789085061.704312207,2171, 33.21, 96
1789085063.736420654,2177, 22.38, 96
1789085065.785277631,2177, 36.61, 96
1789085067.833933053,2177, 16.42, 0
1789085069.868242363,2177, 36.92, 96
1789085071.907626497,2177, 37.47, 96
1789085073.970126774,2177, 18.10, 96
1789085076.023221685,2177, 37.47, 96
1789085078.081568989,2177, 25.30, 0
1789085080.113094027,2177, 24.38, 96
1789085082.146680717,2177, 25.52, 96
1789085084.212399374,2177, 20.19, 96
1789085086.245423612,2177, 21.04, 96
1789085088.290303408,2177, 23.09, 96
1789085090.321480935,2177, 20.19, 96
1789085092.352274060,2177, 21.55, 96
1789085094.386240886,2177, 23.71, 96
1789085096.415713703,2171, 38.52, 96
1789085098.474123360,2177, 17.38, 96
1789085100.528242639,2177, 40.45, 96
1789085102.571460967,2177, 13.90, 91
1789085104.603669802,2177, 36.35, 96
1789085106.653807630,2177, 32.71, 96
1789085108.700248747,2177, 18.57, 96
1789085110.756319145,2177, 37.18, 96
1789085112.809652177,2177, 20.86, 0
1789085114.840356957,2177, 37.11, 96
1789085116.883311649,2177, 35.53, 96
1789085118.929443945,2184, 14.22, 0
1789085120.965056606,2177, 35.45, 96
1789085123.015192941,2177, 36.11, 96
1789085125.048291725,2177, 25.18, 96
1789085127.093347986,2177, 36.86, 96
1789085129.149774541,2177, 18.93, 96
1789085131.181349337,2177, 36.38, 96
1789085133.237487907,2177, 37.90, 96
1789085135.286735264,2177, 14.31, 0
1789085137.320987826,2177, 37.47, 96
1789085139.387144094,2177, 38.27, 96
1789085141.445023819,2177, 21.17, 96
1789085143.505860686,2177, 37.94, 96
1789085145.572817516,2177, 29.02, 96
1789085147.602946231,2177, 31.14, 96
1789085149.652122598,2171, 40.31, 96
1789085151.688016877,2177, 17.01, 5
1789085153.721198097,2177, 37.29, 96
1789085155.791075286,2177, 41.11, 96
1789085157.828373714,2177, 14.23, 0
1789085159.859276740,2177, 37.78, 96
1789085161.910243370,2177, 39.09, 96
1789085163.966230009,2177, 14.80, 0
1789085165.994489242,2177, 35.41, 96
1789085168.045226402,2177, 39.97, 96
1789085170.114301275,2177, 19.55, 96
1789085172.166516535,2177, 38.73, 96
1789085174.211883066,2177, 35.37, 96
1789085176.262947239,2184, 17.26, 0
1789085178.293612115,2171, 36.44, 96
1789085180.345319460,2177, 40.44, 96
1789085182.395388003,2177, 13.79, 0
1789085184.424466402,2177, 36.28, 96
1789085186.476849048,2177, 41.62, 96
1789085188.529837969,2177, 13.90, 0
1789085190.561714921,2177, 38.88, 96
1789085192.603803476,2177, 41.06, 96
1789085194.652181610,2177, 14.06, 0
1789085196.683329911,2177, 38.90, 96
1789085198.730098719,2177, 40.81, 96
1789085200.787285130,2184, 14.26, 0
1789085202.817648011,2177, 39.46, 96
1789085204.875138490,2177, 41.52, 96
1789085206.935483488,2177, 25.91, 88
1789085208.987145498,2177, 25.87, 87
1789085211.035740017,2177, 25.88, 83
1789085213.090216596,2177, 25.70, 92
1789085215.138185150,2177, 25.59, 83
1789085217.186441676,2177, 25.48, 79
1789085219.242879112,2177, 25.63, 90
1789085221.290326777,2177, 25.06, 93
1789085223.343066197,2177, 25.58, 85
1789085225.387389479,2177, 26.13, 90
1789085227.441490042,2177, 25.98, 92
1789085229.530701444,2177, 25.70, 81
1789085231.589121763,2177, 25.74, 91
1789085233.632280173,2177, 25.74, 91
1789085235.683498087,2177, 25.89, 91
1789085237.724627540,2177, 26.19, 90
1789085239.768327208,2177, 25.82, 91
1789085241.811479518,2177, 25.77, 92
1789085243.856891979,2177, 25.85, 91
1789085245.911353624,2177, 26.17, 93
1789085247.965241032,2177, 25.38, 92
1789085250.016130118,2177, 25.88, 93
1789085252.069790188,2177, 26.19, 81
1789085254.126686105,2177, 26.03, 82
1789085256.176929152,2177, 25.55, 87
1789085258.232983795,2177, 25.60, 92
1789085260.280940749,2177, 25.77, 92
1789085262.330738654,2177, 25.59, 93
1789085264.369218642,2177, 25.77, 90
1789085266.416257079,2177, 26.08, 90
1789085268.471264329,2177, 26.40, 84
1789085270.525993520,2177, 26.34, 92
1789085272.573934992,2177, 26.38, 94
1789085274.624062680,2177, 26.40, 79
1789085276.675862389,2177, 26.72, 90
1789085278.722934928,2177, 26.36, 90
1789085280.767081067,2177, 26.62, 93
1789085282.813189613,2177, 26.57, 92
1789085284.867530846,2177, 26.58, 90
1789085286.924788294,2177, 26.11, 86
1789085288.972778919,2177, 26.06, 90
1789085291.023998944,2177, 26.56, 91
1789085293.080335460,2177, 26.37, 91
1789085295.127649664,2177, 26.33, 93
1789085297.171655052,2177, 26.00, 92
1789085299.212419273,2177, 26.08, 92
1789085301.260421987,2177, 25.64, 93
1789085303.315063642,2177, 26.08, 85
1789085305.361402796,2177, 26.33, 89
1789085307.404774846,2177, 26.44, 81
1789085309.451504841,2177, 26.64, 90
1789085311.532609844,2177, 25.69, 92
1789085313.591798424,2177, 25.52, 93
1789085315.639599106,2177, 26.19, 92
1789085317.685536607,2177, 25.79, 87
1789085319.734176628,2177, 25.68, 92
1789085321.783465695,2177, 26.10, 89
1789085323.827441784,2177, 26.21, 90
1789085325.876061692,2177, 26.32, 92
1789085327.926330439,2177, 26.04, 85
1789085329.975789894,2177, 26.54, 90
1789085332.024232809,2177, 26.02, 88
1789085334.074999283,2177, 26.16, 90
1789085336.124872194,2177, 26.28, 90
1789085338.180095613,2177, 26.56, 91
1789085340.227704371,2177, 26.24, 93
1789085342.274362062,2177, 26.24, 92
1789085344.330239609,2177, 26.27, 94
1789085346.380025922,2177, 25.85, 91
1789085348.432549572,2177, 25.72, 91
1789085350.479346677,2177, 26.36, 93
1789085352.530714256,2177, 26.26, 93
1789085354.581386465,2177, 26.45, 90
1789085356.639729471,2177, 25.79, 94
1789085358.690866843,2177, 25.83, 82
1789085360.744757520,2177, 26.60, 91
1789085362.794487990,2177, 26.08, 79
1789085364.845884724,2177, 26.30, 91
1789085366.899197673,2177, 26.46, 92
1789085368.952067684,2177, 26.09, 91
1789085371.011352588,2177, 26.59, 93
1789085373.057676395,2177, 26.20, 89
1789085375.105621218,2177, 26.43, 91
1789085377.160758743,2177, 26.37, 93
1789085379.217530436,2177, 26.50, 92
1789085381.266482318,2177, 26.35, 88
1789085383.320949957,2177, 26.23, 93
1789085385.380848360,2177, 25.98, 90
1789085387.432428520,2177, 26.64, 90
1789085389.493963096,2177, 26.44, 93
1789085391.554887582,2177, 26.30, 85
1789085393.608033586,2177, 25.65, 94
1789085395.654915126,2177, 26.04, 90
1789085397.700981951,2177, 26.41, 91
1789085399.756285865,2177, 25.82, 90
1789085401.801943247,2177, 26.41, 93
1789085403.846479818,2177, 26.24, 90
1789085405.898683300,2177, 25.81, 90
1789085407.944527949,2177, 26.37, 93
1789085409.991808559,2177, 25.90, 92
1789085412.045106014,2177, 26.24, 92
1789085414.097595043,2177, 26.32, 93
1789085416.149463053,2177, 25.66, 92
1789085418.198554348,2177, 25.83, 94
1789085420.257104891,2177, 25.90, 82
1789085422.308596426,2177, 26.51, 93
1789085424.356567020,2177, 26.19, 90
1789085426.407680776,2177, 26.26, 88
1789085428.454398135,2177, 26.45, 91
1789085430.505901090,2177, 26.22, 92
1789085432.557024371,2177, 26.65, 93
1789085434.608482379,2177, 25.82, 84
1789085436.660341356,2177, 26.02, 92
1789085438.714936517,2177, 26.18, 93
1789085440.771024360,2177, 25.86, 93
1789085442.827161394,2177, 26.23, 89
1789085444.881019312,2177, 25.79, 90
1789085446.934603110,2177, 26.43, 93
1789085448.991216022,2177, 25.91, 90
1789085451.045056266,2177, 26.39, 93
1789085453.092165584,2177, 26.82, 84
1789085455.143449665,2177, 26.61, 90
1789085457.193798904,2177, 26.57, 93
1789085459.249823773,2177, 26.76, 90
1789085461.300567460,2177, 26.52, 94
1789085463.355137813,2177, 25.99, 93
1789085465.405294667,2177, 26.60, 94
1789085467.462512542,2177, 26.79, 93
1789085469.517776888,2177, 26.67, 93
1789085471.566277763,2177, 26.49, 93
1789085473.617015255,2177, 26.28, 93
1789085475.662857599,2177, 26.37, 93
1789085477.717899448,2177, 26.19, 82
1789085479.766213874,2177, 26.27, 92
1789085481.821001225,2177, 25.84, 81
1789085483.869794451,2177, 25.92, 94
1789085485.925495307,2177, 26.21, 93
1789085487.978334761,2177, 26.47, 93
1789085490.037117587,2177, 26.08, 93
1789085492.096681975,2177, 26.43, 90
1789085494.144517816,2177, 26.22, 94
1789085496.195997236,2177, 26.49, 93
1789085498.251996860,2177, 26.45, 92
1789085500.299730982,2177, 26.45, 92
1789085502.350697818,2177, 25.69, 89
1789085504.403321368,2177, 25.88, 94
1789085506.452768332,2177, 26.22, 93
1789085508.503272856,2177, 26.34, 91
1789085510.550932907,2177, 26.31, 93
1789085512.595987012,2177, 25.85, 93
1789085514.641669477,2177, 26.66, 92
1789085516.689525873,2177, 26.68, 93
1789085518.738575143,2177, 26.65, 92
1789085520.792057576,2177, 26.61, 91
1789085522.842044111,2177, 26.73, 90
1789085524.897274851,2177, 26.18, 92
1789085526.947110507,2177, 26.64, 93
1789085528.993865882,2177, 26.58, 92
1789085531.047916566,2177, 26.08, 81
1789085533.093645829,2177, 26.53, 93
1789085535.143208095,2177, 26.24, 89
1789085537.192392946,2177, 26.41, 91
1789085539.247005185,2177, 26.64, 91
1789085541.292019826,2177, 25.85, 93
1789085543.336893724,2177, 26.46, 85
1789085545.384109088,2177, 26.53, 92
1789085547.433792223,2177, 26.25, 89
1789085549.486337561,2177, 25.90, 91
1789085551.564014015,2177, 26.35, 92
1789085553.634729993,2177, 26.16, 91
1789085555.682759290,2177, 25.95, 94
1789085557.730617572,2177, 26.49, 93
1789085559.776790790,2177, 26.39, 93
1789085561.825101459,2177, 26.19, 90
1789085563.877509660,2177, 26.08, 91
1789085565.924675674,2177, 26.44, 93
1789085567.980571543,2177, 26.34, 91
1789085570.036265342,2177, 26.32, 89
1789085572.092129405,2177, 25.78, 93
1789085574.148880887,2177, 26.92, 93
1789085576.196420083,2177, 26.08, 93
1789085578.247618171,2177, 25.25, 93
1789085580.290954678,2177, 26.12, 93
1789085582.342672145,2177, 26.86, 92
1789085584.399951514,2177, 25.91, 92
1789085586.448662997,2177, 25.20, 93
1789085588.501032493,2177, 25.39, 91
1789085590.545833224,2177, 25.84, 94
1789085592.603988663,2177, 25.68, 90
1789085594.655041609,2177, 25.79, 91
1789085596.704341093,2177, 26.00, 77
1789085598.771341493,2177, 26.21, 93
1789085600.814940128,2177, 25.47, 93
1789085602.869292411,2177, 25.90, 93
1789085604.922665503,2177, 26.14, 94
1789085606.990710583,2177, 26.51, 93
1789085609.048127457,2177, 25.97, 94
1789085611.102181074,2177, 23.07, 68
1789086806.347500055,2184, 12.01, 0
1789086808.378648666,2184, 24.48, 92
1789086810.431171840,2184, 25.71, 88
1789086812.481967332,2184, 25.09, 92
1789086814.529434257,2184, 25.92, 93
1789086816.576587282,2184, 26.15, 93
1789086818.631357595,2177, 25.74, 77
1789086820.681407720,2177, 25.44, 91
1789086822.725703759,2177, 25.69, 92
1789086824.771007263,2177, 24.42, 92
1789086826.818198928,2184, 24.29, 92
1789086828.866888999,2177, 26.64, 86
1789086830.916660293,2177, 25.85, 82
1789086832.964483089,2177, 25.97, 90
1789086835.010186315,2177, 26.18, 90
1789086837.056890654,2177, 28.10, 90
1789086839.102194008,2177, 25.63, 83
1789086841.152773436,2177, 26.90, 92
1789086843.208896680,2177, 26.11, 86
1789086845.260473042,2177, 26.56, 93
1789086847.315774192,2177, 28.11, 92
1789086849.372620130,2177, 27.55, 96
1789086851.443789390,2177, 26.80, 82
1789086853.497283699,2177, 28.12, 82
1789086855.550980756,2177, 25.99, 80
1789086857.609424114,2177, 27.12, 95
1789086859.650842834,2177, 27.48, 79
1789086861.702998533,2177, 27.70, 96
1789086863.747088411,2177, 27.54, 96
1789086865.801163962,2177, 24.77, 82
1789086867.886640481,2177, 25.68, 83
1789086869.953662946,2177, 25.02, 81
1789086872.002039645,2177, 24.78, 82
1789086874.045432390,2177, 28.59, 95
1789086876.115914133,2177, 27.36, 92
1789086878.165918169,2177, 26.93, 92
1789086880.222950650,2177, 27.21, 96
1789086882.267842085,2177, 28.10, 83
1789086884.332952583,2177, 28.17, 82
1789086886.390121000,2177, 27.52, 93
1789086888.455585261,2177, 27.18, 82
1789086890.509457609,2177, 28.36, 96
1789086892.566097421,2177, 28.24, 82
1789086894.625667641,2177, 28.02, 82
1789086896.682755503,2177, 28.32, 92
1789086898.734341154,2177, 28.15, 93
1789086900.797354886,2177, 28.29, 93
1789086902.855581234,2177, 27.79, 90
1789086904.908400234,2177, 24.47, 87
1789086906.959054265,2177, 23.43, 90
1789086909.007470256,2177, 27.27, 89
1789086911.057688900,2177, 27.17, 88
1789086913.112063558,2177, 26.87, 92
1789086915.164213231,2177, 25.91, 82
1789086917.212526264,2177, 26.17, 91
1789086919.261910787,2177, 26.51, 89
1789086921.316281782,2177, 26.37, 90
1789086923.368465487,2177, 25.38, 91
1789086925.417192644,2177, 26.36, 93
1789086927.470319814,2177, 27.50, 96
1789086929.515254850,2177, 27.23, 92
1789086931.568748753,2177, 29.28, 96
1789086933.622622883,2177, 26.49, 91
1789086935.672202983,2177, 27.48, 91
1789086937.718256263,2177, 27.02, 83
1789086939.767442555,2177, 26.66, 94
1789086941.810696377,2177, 24.47, 92
1789086943.881836532,2177, 26.59, 96
1789086945.943261073,2177, 25.38, 84
1789086947.987424587,2177, 24.61, 84
1789086950.018844200,2177, 26.20, 91
1789086952.068657148,2177, 24.16, 96
1789086954.102688050,2177, 27.21, 83
1789086956.155039394,2177, 27.32, 82
1789086958.223448551,2177, 28.12, 96
1789086960.278666816,2177, 28.12, 91
1789086962.327408868,2177, 28.72, 91
1789086964.400738045,2177, 26.40, 96
1789086966.455041866,2177, 25.42, 96
1789086968.503851643,2177, 28.52, 96
1789086970.557142823,2177, 28.14, 96
1789086972.601751145,2177, 28.32, 92
1789086974.654287137,2177, 28.06, 92
1789086976.701504523,2177, 27.02, 91
1789086978.752450884,2177, 28.87, 96
1789086980.805419141,2177, 28.17, 92
1789086982.860993770,2177, 28.64, 96
1789086984.899178870,2177, 30.71, 96
1789086986.957749777,2177, 28.86, 81
1789086989.018745137,2177, 28.95, 91
1789086991.073696151,2177, 28.21, 93
1789086993.141621831,2177, 29.56, 92
1789086995.203811739,2177, 28.80, 92
1789086997.247918981,2177, 28.84, 94
1789086999.302659127,2177, 27.53, 89
1789087001.366453865,2177, 24.87, 91
1789087003.416554681,2177, 23.46, 92
1789087005.461940293,2177, 26.18, 90
1789087007.506058921,2177, 27.29, 94
1789087009.560688758,2177, 27.32, 91
1789087011.615833264,2177, 24.16, 94
1789087013.658921246,2177, 25.89, 78
1789087015.699912841,2177, 23.73, 93
1789087017.742400044,2177, 24.14, 94
1789087019.789474902,2177, 26.34, 93
1789087021.838669719,2177, 27.47, 84
1789087023.920211706,2177, 27.58, 92
1789087025.974142339,2177, 27.04, 91
1789087028.015662414,2177, 28.84, 93
1789087030.062481933,2177, 26.52, 89
1789087032.108074995,2177, 26.29, 96
1789087034.157181846,2177, 26.81, 91
1789087036.209989526,2177, 26.85, 91
1789087038.258803466,2177, 25.76, 92
1789087040.303875617,2177, 25.35, 91
1789087042.355067576,2177, 26.21, 92
1789087044.397435356,2177, 28.48, 83
1789087046.465025197,2177, 28.75, 91
1789087048.523287085,2177, 27.45, 82
1789087050.584653453,2177, 27.35, 83
1789087052.640871094,2177, 27.52, 81
1789087054.691822585,2177, 27.52, 83
1789087056.754341679,2177, 28.23, 82
1789087058.806146683,2177, 27.71, 90
1789087060.850733835,2177, 27.85, 84
1789087062.899706129,2177, 28.32, 96
1789087064.945611462,2177, 27.79, 92
1789087066.987786651,2177, 24.66, 91
1789087069.031944245,2177, 25.17, 96
1789087071.090084758,2177, 29.48, 96
1789087073.144622230,2177, 25.63, 90
1789087075.194492060,2177, 25.15, 95
1789087077.232377323,2177, 25.12, 81
1789087079.283322901,2177, 25.78, 96
1789087081.333074979,2177, 26.38, 96
1789087083.381647172,2177, 25.05, 91
1789087085.427024162,2177, 25.52, 96
1789087087.481115985,2177, 29.01, 82
1789087089.543164807,2177, 28.59, 87
1789087091.591520892,2177, 27.90, 90
1789087093.644825093,2177, 28.52, 92
1789087095.693839488,2177, 28.54, 93
1789087097.743492820,2177, 15.82, 67
1789087099.772005785,2177, 32.49, 96
1789087101.812617617,2177, 36.06, 96
1789087103.866359796,2177, 23.84, 0
1789087105.924168001,2177, 28.16, 96
1789087107.964308221,2177, 22.49, 0
1789087110.007902501,2177, 29.31, 96
1789087112.057419996,2177, 26.33, 96
1789087114.100320109,2177, 13.69, 37
1789087116.131879679,2177, 37.07, 96
1789087118.181322056,2177, 36.02, 96
1789087120.214725894,2177, 20.16, 96
1789087122.246082392,2177, 38.02, 96
1789087124.293110621,2177, 22.87, 0
1789087126.332463119,2184, 37.09, 96
1789087128.373179670,2177, 29.83, 96
1789087130.406882055,2171, 27.92, 96
1789087132.447061812,2184, 18.66, 96
1789087134.483605068,2177, 37.54, 96
1789087136.522250436,2184, 26.45, 96
1789087138.550009464,2171, 28.24, 96
1789087140.582649535,2177, 37.26, 96
1789087142.618727328,2184, 13.38, 0
1789087144.651272122,2177, 31.05, 96
1789087146.694667869,2177, 35.77, 96
1789087148.749514933,2184, 14.51, 0
1789087150.782329674,2177, 36.95, 96
1789087152.831018481,2177, 29.04, 96
1789087154.862615101,2177, 30.08, 96
1789087156.913708844,2177, 35.47, 96
1789087158.952461194,2184, 14.74, 96
1789087160.982566167,2177, 31.11, 96
1789087163.016627211,2177, 22.39, 96
1789087165.054262200,2177, 26.60, 96
1789087167.088536364,2184, 20.18, 96
1789087169.136775547,2184, 13.65, 96
1789087171.167503247,2177, 35.00, 96
1789087173.226502736,2177, 38.27, 96
1789087175.285880152,2184, 17.72, 96
1789087177.338433590,2177, 37.21, 96
1789087179.378429266,2177, 29.98, 96
1789087181.408072578,2177, 29.18, 96
1789087183.448818555,2177, 40.15, 96
1789087185.485551676,2184, 16.98, 0
1789087187.516196414,2177, 36.33, 96
1789087189.583751530,2177, 38.41, 96
1789087191.630576198,2184, 13.76, 0
1789087193.657785293,2177, 37.96, 96
1789087195.710754430,2171, 40.36, 96
1789087197.770443834,2184, 15.93, 0
1789087199.818365054,2184, 20.18, 96
1789087201.849898574,2184, 19.97, 96
1789087203.881025671,2177, 30.33, 96
1789087205.929858604,2184, 18.32, 96
1789087207.966180700,2184, 16.63, 96
1789087210.010361442,2177, 19.80, 0
1789087212.037460613,2184, 24.03, 96
1789087214.065119307,2184, 20.91, 96
1789087216.106257905,2177, 29.27, 96
1789087218.148245785,2184, 18.11, 96
1789087220.178604486,2184, 26.44, 96
1789087222.227145343,2177, 15.09, 0
1789087224.262363700,2177, 21.34, 96
1789087226.302722635,2184, 19.06, 96
1789087228.341846411,2184, 32.74, 96
1789087230.379552856,2177, 37.92, 96
1789087232.413763511,2184, 21.55, 96
1789087234.444802089,2184, 22.14, 96
1789087236.477003339,2177, 21.44, 96
1789087238.517786736,2171, 39.32, 96
1789087240.570118140,2184, 22.64, 96
1789087242.600609028,2177, 29.99, 96
1789087244.641210346,2184, 26.28, 96
1789087246.673384229,2184, 21.95, 96
1789087248.712327898,2177, 33.71, 96
1789087250.754696823,2184, 22.95, 96
1789087252.781985267,2184, 14.55, 0
1789087254.825664820,2177, 38.04, 96
1789087256.869572120,2177, 39.44, 96
1789087258.900746178,2184, 14.56, 0
1789087260.928821549,2177, 29.80, 96
1789087262.969896025,2184, 27.42, 96
1789087265.007986277,2184, 25.99, 96
1789087267.069643562,2184, 16.68, 0
1789087269.096773929,2184, 20.89, 96
1789087271.124862968,2184, 18.00, 96
1789087273.156238269,2184, 18.42, 96
1789087275.205248595,2184, 17.95, 96
1789087277.235718452,2184, 16.24, 96
1789087279.265982024,2177, 28.37, 96
1789087281.318373852,2184, 16.23, 96
1789087283.350482161,2184, 21.33, 96
1789087285.379477988,2184, 20.81, 96
1789087287.413393928,2184, 18.87, 96
1789087289.455344706,2184, 22.48, 96
1789087291.484313790,2177, 42.62, 96
1789087293.522169869,2184, 25.39, 88
1789087295.575244614,2184, 25.78, 92
1789087297.627678292,2184, 24.38, 91
1789087299.679938918,2184, 22.83, 80
1789087301.725266213,2184, 22.99, 84
1789087303.767353731,2184, 23.17, 91
1789087305.806961516,2184, 22.73, 83
1789087307.848619856,2184, 22.83, 91
1789087309.894864982,2184, 22.76, 89
1789087311.940912560,2184, 22.73, 90
1789087314.004545419,2184, 22.77, 93
1789087316.048745249,2184, 22.59, 95
1789087318.085809826,2184, 23.08, 93
1789087320.127120614,2184, 23.33, 94
1789087322.174074504,2184, 22.52, 94
1789087324.213521911,2184, 22.78, 94
1789087326.256849209,2184, 23.79, 92
1789087328.296444219,2184, 23.36, 93
1789087330.345677021,2184, 23.15, 91
1789087332.382246493,2184, 23.45, 92
1789087334.423202016,2184, 23.21, 92
1789087336.464273555,2184, 23.37, 93
1789087338.504140540,2184, 23.13, 92
1789087340.552584841,2184, 23.29, 93
1789087342.602984640,2184, 24.92, 90
1789087344.650680210,2184, 23.26, 94
1789087346.699313378,2184, 23.21, 93
1789087348.739464944,2184, 22.78, 91
1789087350.778623684,2184, 23.18, 93
1789087352.823953587,2184, 22.89, 93
1789087354.869248195,2184, 23.11, 94
1789087356.915143298,2184, 22.84, 92
1789087358.957271231,2184, 22.75, 83
1789087360.993098706,2184, 23.10, 93
1789087363.041204060,2184, 22.89, 94
1789087365.086854303,2184, 23.95, 91
1789087367.128376993,2184, 23.54, 93
1789087369.177067354,2184, 23.55, 92
1789087371.217760384,2184, 23.65, 95
1789087373.260169872,2184, 23.47, 93
1789087375.307774399,2184, 23.53, 94
1789087377.352534648,2184, 23.65, 94
1789087379.398450237,2184, 23.59, 92
1789087381.442880023,2184, 23.98, 93
1789087383.484200299,2184, 23.75, 92
1789087385.530666511,2184, 23.91, 92
1789087387.574245132,2184, 23.31, 91
1789087389.621859675,2184, 23.32, 92
1789087391.666544021,2184, 24.03, 93
1789087393.712924888,2184, 23.48, 84
1789087395.755724486,2184, 23.50, 93
1789087397.796224349,2184, 23.49, 93
1789087399.842913006,2184, 23.06, 92
1789087401.886116058,2184, 23.84, 93
1789087403.928962070,2184, 23.40, 93
1789087405.979357770,2184, 23.25, 93
1789087408.062576626,2184, 23.19, 93
1789087410.108534035,2184, 23.24, 93
1789087412.149615651,2184, 23.53, 93
1789087414.194075799,2177, 23.54, 89
1789087416.242119358,2177, 23.43, 92
1789087418.286225282,2177, 26.37, 93
1789087420.333952873,2177, 24.52, 82
1789087422.372538220,2177, 25.62, 91
1789087424.425433792,2177, 26.35, 93
1789087426.480029213,2177, 26.32, 94
1789087428.537629376,2177, 26.73, 94
1789087430.587361306,2177, 25.98, 93
1789087432.641130919,2177, 26.83, 93
1789087434.691864908,2177, 26.44, 90
1789087436.746762418,2177, 26.65, 93
1789087438.800206155,2177, 26.44, 92
1789087440.855232622,2177, 26.54, 90
1789087442.903327781,2177, 26.51, 91
1789087444.951903929,2177, 26.68, 91
1789087447.002867651,2177, 26.65, 89
1789087449.051986546,2177, 26.04, 89
1789087451.106735309,2177, 23.68, 93
1789087453.151078951,2177, 24.00, 94
1789087455.194327091,2177, 24.18, 93
1789087457.240362163,2177, 23.75, 93
1789087459.290139318,2177, 23.81, 92
1789087461.338916346,2177, 23.35, 91
1789087463.375107986,2177, 24.07, 93
1789087465.415408220,2177, 23.40, 93
1789087467.458594778,2177, 23.34, 93
1789087469.509197743,2177, 23.24, 92
1789087471.544874079,2177, 23.54, 93
1789087473.591303771,2177, 23.22, 93
1789087475.641867081,2177, 23.81, 92
1789087477.682700066,2177, 23.38, 91
1789087479.727869562,2177, 23.37, 88
1789087481.772140243,2177, 26.01, 83
1789087483.820406445,2177, 26.90, 92
1789087485.867455992,2177, 26.28, 90
1789087487.923855956,2177, 24.23, 93
1789087489.965957752,2177, 26.48, 90
1789087492.029760968,2177, 26.62, 90
1789087494.083124676,2177, 26.77, 93
1789087496.144344823,2177, 25.89, 93
1789087498.186871101,2177, 25.98, 90
1789087500.239709858,2177, 26.55, 93
1789087502.283278751,2177, 26.61, 93
1789087504.330965613,2177, 26.52, 93
1789087506.380995568,2177, 26.44, 92
1789087508.430686034,2177, 26.46, 88
1789087510.480542847,2177, 26.45, 92
1789087512.534699708,2177, 26.08, 93
1789087514.590631201,2177, 23.98, 93
1789087516.630490657,2177, 24.14, 93
1789087518.672010584,2177, 23.75, 92
1789087520.717197185,2177, 23.80, 93
1789087522.767319192,2177, 23.56, 93
1789087524.815173330,2177, 23.63, 93
1789087526.862199130,2177, 23.40, 93
1789087528.913353267,2177, 23.59, 83
1789087530.960668019,2177, 23.13, 92
1789087533.004920951,2177, 23.62, 93
1789087535.049111528,2177, 23.58, 94
1789087537.093741444,2177, 23.66, 93
1789087539.137479165,2177, 23.46, 93
1789087541.181406947,2177, 23.85, 93
1789087543.218775190,2177, 23.76, 94
1789087545.264607261,2177, 26.17, 93
1789087547.318465753,2177, 25.90, 93
1789087549.367290272,2177, 26.58, 94
1789087551.416845631,2177, 26.84, 93
1789087553.474268597,2177, 26.86, 90
1789087555.523080942,2177, 26.14, 93
1789087557.574260923,2177, 26.41, 89
1789087559.628351373,2177, 26.83, 92
1789087561.673507266,2177, 26.62, 79
1789087563.731417855,2177, 26.89, 91
1789087565.787684269,2177, 26.76, 93
1789087567.845795232,2177, 26.28, 91
1789087569.900951448,2177, 26.54, 93
1789087571.957011287,2177, 26.99, 90
1789087574.011239527,2177, 26.70, 92
1789087576.052850917,2177, 26.78, 92
1789087578.101601883,2177, 23.65, 94
1789087580.139681000,2177, 23.37, 93
1789087582.183507697,2177, 23.24, 93
1789087584.226743238,2177, 23.54, 93
1789087586.265565522,2177, 23.42, 92
1789087588.308381630,2177, 23.60, 85
1789087590.356445462,2177, 24.25, 93
1789087592.399478055,2177, 23.52, 94
1789087594.449102576,2177, 23.51, 94
1789087596.492371989,2177, 23.54, 94
1789087598.534281417,2177, 23.78, 93
1789087600.582182438,2177, 23.61, 92
1789087602.619773498,2177, 23.35, 91
1789087604.662277867,2177, 23.26, 92
1789087606.704553256,2177, 23.49, 93
1789087608.745671457,2177, 26.28, 92
1789087610.803608088,2177, 26.25, 91
1789087612.855560458,2177, 26.39, 83
1789087614.905527099,2177, 26.46, 93
1789087616.955824901,2177, 26.48, 94
1789087619.009586081,2177, 26.43, 91
1789087621.059052066,2177, 26.57, 88
1789087623.111401893,2177, 26.65, 92
1789087625.163344500,2177, 26.69, 91
1789087627.226253600,2177, 26.79, 92
1789087629.276571927,2177, 26.87, 92
1789087631.330354431,2177, 26.95, 91
1789087633.385247567,2177, 26.61, 89
1789087635.434650646,2177, 27.06, 91
1789087637.480832143,2177, 26.90, 91
1789087639.532422709,2177, 26.36, 91
1789087641.579449487,2177, 24.17, 93
1789087643.626209444,2177, 23.76, 94
1789087645.667529537,2177, 23.68, 92
1789087647.709280311,2177, 23.87, 92
1789087649.755065899,2177, 23.60, 92
1789087651.800339002,2177, 23.93, 94
1789087653.843075577,2177, 23.54, 83
1789087655.892953760,2177, 24.25, 85
1789087657.943967117,2177, 23.65, 91
1789087659.988302068,2177, 23.71, 92
1789087662.031950167,2177, 23.92, 93
1789087664.108181184,2177, 23.80, 93
1789087666.156462378,2177, 23.94, 94
1789087668.200480376,2177, 23.54, 93
1789087670.246184730,2177, 23.85, 92
1789087672.287835280,2177, 26.57, 92
1789087674.343033389,2177, 26.35, 93
1789087676.392497265,2177, 26.42, 89
1789087678.447818768,2177, 26.51, 93
1789087680.503559815,2177, 26.61, 91
1789087682.561234674,2177, 26.64, 93
1789087684.618392712,2177, 26.66, 91
1789087686.671245297,2177, 27.21, 92
1789087688.720681611,2177, 26.15, 87
1789087690.766692887,2177, 26.84, 93
1789087692.820003738,2177, 26.45, 89
1789087694.869715726,2177, 26.15, 92
1789087696.920180377,2177, 25.40, 92
1789087698.973752982,2177, 25.71, 94
1789087701.021514825,2177, 26.36, 83
1789087703.064327889,2177, 25.93, 90
1789087705.110486042,2177, 23.79, 94
1789087707.160165426,2177, 23.88, 93
1789087709.206075340,2177, 23.73, 94
1789087711.250726082,2177, 23.76, 93
1789087713.295909935,2177, 23.66, 93
1789087715.336658943,2177, 23.36, 84
1789087717.413281217,2177, 23.68, 93
1789087719.456729707,2177, 23.19, 92
1789087721.498460849,2177, 24.96, 93
1789087723.551340486,2177, 24.18, 92
1789087725.596821540,2177, 23.55, 93
1789087727.643823431,2177, 20.41, 93
1789087729.671652464,2177, 26.90, 96
1789090386.500398938,2177, 10.52, 0
1789090388.528719766,2171, 17.85, 89
1789090390.579126520,2171, 22.67, 89
1789090392.629946281,2184, 24.46, 91
1789090394.686753237,2184, 24.83, 92
1789090396.741018290,2184, 24.97, 88
1789090398.815165076,2184, 24.50, 90
1789090400.866589550,2184, 24.30, 90
1789090402.916221448,2184, 24.65, 86
1789090404.963069489,2184, 24.94, 84
1789090407.015548598,2184, 24.90, 83
1789090409.062045324,2184, 25.19, 86
1789090411.109276801,2184, 25.04, 90
1789090413.157852723,2184, 25.52, 88
1789090415.209265619,2184, 25.15, 89
1789090417.254700836,2184, 26.77, 74
1789090419.297669477,2184, 25.40, 85
1789090421.353460671,2184, 25.94, 80
1789090423.398407755,2184, 25.19, 84
1789090425.442207319,2184, 25.30, 91
1789090427.495067166,2184, 27.92, 91
1789090429.547243635,2184, 27.57, 82
1789090431.604073173,2177, 28.26, 80
1789090433.659360583,2177, 27.78, 84
1789090435.720862212,2184, 26.80, 82
1789090437.777070034,2177, 26.74, 84
1789090439.827423634,2177, 26.53, 78
1789090441.880444302,2177, 27.27, 87
1789090443.947623283,2177, 27.19, 90
1789090446.007710602,2177, 27.72, 79
1789090448.055841141,2177, 27.24, 82
1789090450.121127415,2177, 27.14, 91
1789090452.181491818,2177, 27.67, 96
1789090454.223862083,2177, 26.82, 91
1789090456.275733558,2177, 27.68, 90
1789090458.333496214,2177, 27.38, 83
1789090460.388965557,2177, 27.38, 81
1789090462.461293868,2177, 27.72, 88
1789090464.523787590,2177, 27.56, 81
1789090466.599519432,2177, 31.87, 68
1789090468.685458693,2177, 28.09, 79
1789090470.727949027,2177, 28.09, 92
1789090472.771198416,2177, 27.77, 79
1789090474.817614762,2177, 27.21, 83
1789090476.862870019,2177, 27.91, 93
1789090478.918841111,2177, 28.00, 93
1789090480.974140089,2177, 26.61, 59
1789090483.016601375,2177, 26.50, 89
1789090485.073211199,2177, 25.89, 90
1789090487.125576030,2177, 26.76, 89
1789090489.177517485,2177, 27.17, 83
1789090491.225624540,2177, 26.31, 81
1789090493.276143577,2177, 25.89, 90
1789090495.323998454,2177, 25.96, 83
1789090497.375638799,2177, 26.50, 83
1789090499.435516660,2177, 25.87, 82
1789090501.489836234,2177, 26.95, 82
1789090503.535136579,2177, 26.13, 94
1789090505.584700937,2177, 26.52, 90
1789090507.631742367,2177, 26.23, 82
1789090509.685776608,2177, 26.18, 92
1789090511.729269317,2177, 26.73, 93
1789090513.787235330,2177, 26.95, 90
1789090515.840464385,2177, 26.93, 91
1789090517.892304174,2177, 28.73, 91
1789090519.949956344,2177, 28.52, 90
1789090521.995514246,2177, 29.36, 93
1789090524.064042808,2177, 28.43, 81
1789090526.130675082,2177, 27.68, 96
1789090528.184551377,2177, 27.03, 86
1789090530.226892812,2177, 27.37, 96
1789090532.287894733,2177, 27.95, 78
1789090534.359080536,2177, 27.23, 93
1789090536.411031547,2177, 27.74, 91
1789090538.475526087,2177, 27.60, 82
1789090540.537800563,2177, 28.33, 90
1789090542.603583820,2177, 28.29, 92
1789090544.705475267,2177, 28.03, 92
1789090546.764587597,2177, 28.77, 92
1789090548.812398107,2177, 28.29, 77
1789090550.862623191,2177, 28.29, 92
1789090552.911735586,2177, 28.23, 91
1789090554.965433546,2177, 28.19, 83
1789090557.027456204,2177, 27.82, 78
1789090559.089250590,2177, 28.43, 81
1789090561.137301750,2177, 28.59, 81
1789090563.200205653,2177, 29.08, 91
1789090565.255952838,2177, 28.46, 92
1789090567.310171287,2177, 28.30, 93
1789090569.368319621,2177, 27.64, 76
1789090571.432023328,2177, 27.14, 92
1789090573.482190367,2177, 26.03, 94
1789090575.539312315,2177, 26.74, 88
1789090577.581571148,2177, 27.08, 91
1789090579.626275499,2177, 27.17, 90
1789090581.681783172,2177, 26.09, 81
1789090583.729371071,2177, 26.57, 86
1789090585.781680344,2177, 27.27, 91
1789090587.831530512,2177, 26.83, 93
1789090589.883402407,2177, 27.09, 93
1789090591.936673115,2177, 26.94, 91
1789090593.988228384,2177, 27.25, 94
1789090596.042065282,2177, 27.09, 90
1789090598.094880180,2177, 27.27, 91
1789090600.152063347,2177, 26.68, 92
1789090602.197383798,2177, 27.60, 89
1789090604.252923348,2177, 27.11, 93
1789090606.299950741,2177, 28.22, 92
1789090608.345288597,2177, 28.61, 91
1789090610.397327345,2177, 29.56, 93
1789090612.458687576,2177, 28.95, 90
1789090614.518088942,2177, 28.00, 90
1789090616.576123013,2177, 27.96, 80
1789090618.630282092,2177, 27.92, 81
1789090620.709068550,2177, 28.18, 88
1789090622.760949917,2177, 28.17, 96
1789090624.814085298,2177, 28.44, 89
1789090626.864820071,2177, 28.26, 83
1789090628.903227205,2177, 28.17, 96
1789090630.958732219,2177, 28.49, 82
1789090633.015452510,2177, 29.06, 92
1789090635.062647515,2177, 29.14, 92
1789090637.123892340,2177, 29.17, 90
1789090639.187430744,2177, 28.38, 91
1789090641.245107458,2177, 29.12, 91
1789090643.301184281,2177, 28.61, 84
1789090645.348861035,2177, 29.32, 91
1789090647.405510602,2177, 29.21, 91
1789090649.456907526,2177, 29.34, 91
1789090651.512595145,2177, 28.79, 90
1789090653.568540199,2177, 29.50, 96
1789090655.620418311,2177, 28.95, 91
1789090657.673693287,2177, 28.85, 93
1789090659.730268071,2177, 21.72, 93
1789090661.762419916,2177, 17.00, 32
1789090664.198190521,2177, 24.02, 96
1789090666.230596862,2177, 19.48, 0
1789090672.930176849,2177, 27.20, 96
1789090674.974166154,2171, 25.52, 90
1789090677.007385611,2177, 19.02, 96
1789090679.046708849,2177, 30.85, 96
1789090681.083714868,2177, 31.80, 96
1789090683.127281817,2177, 14.10, 0
1789090685.160327360,2177, 34.01, 96
1789090687.210345743,2177, 34.93, 96
1789090689.250357948,2177, 13.41, 0
1789090691.287491401,2177, 37.17, 96
1789090693.337600898,2177, 37.49, 96
1789090695.378990764,2177, 22.09, 96
1789090699.025327575,2177, 26.71, 96
1789090701.066724524,2177, 24.66, 96
1789090703.102804132,2177, 20.00, 47
1789090705.135965547,2177, 24.04, 96
1789090707.179392788,2177, 28.43, 96
1789090709.215126194,2171, 27.65, 96
1789090711.248967382,2171, 20.72, 96
1789090713.284712688,2177, 32.04, 96
1789090715.337144199,2177, 37.97, 96
1789090717.378772445,2177, 15.08, 0
1789090719.408428953,2177, 25.40, 96
1789090721.445371918,2177, 23.87, 96
1789090723.484271608,2177, 24.42, 96
1789090725.521796115,2177, 23.89, 96
1789090727.558289641,2184, 22.76, 96
1789090729.616007611,2171, 36.46, 96
1789090731.671195573,2177, 23.41, 96
1789090733.703694280,2177, 36.10, 96
1789090735.760575054,2177, 37.14, 96
1789090737.804086897,2177, 13.93, 96
1789090739.836468639,2177, 35.88, 96
1789090741.889287872,2177, 38.04, 96
1789090743.954374884,2177, 19.35, 96
1789090745.987010057,2177, 37.71, 96
1789090748.034808459,2177, 30.67, 96
1789090750.062811496,2177, 26.34, 96
1789090752.097264532,2177, 32.79, 96
1789090754.155310542,2177, 36.93, 96
1789090756.222911041,2177, 19.02, 96
1789090758.262293358,2171, 25.52, 96
1789090760.298873169,2177, 24.66, 96
1789090762.331922432,2177, 23.63, 96
1789090764.367348765,2184, 18.17, 0
1789090766.399065367,2177, 30.94, 96
1789090768.441864429,2177, 28.51, 96
1789090770.482061592,2177, 25.99, 96
1789090772.522113715,2184, 14.54, 96
1789090774.550006313,2177, 38.75, 96
1789090776.589614391,2171, 38.78, 96
1789090778.626777111,2184, 26.77, 96
1789090780.737476968,2177, 23.76, 96
1789090782.767767450,2171, 25.89, 96
1789090784.798696214,2177, 28.11, 96
1789090786.825849948,2177, 34.41, 96
1789090788.879562494,2177, 25.14, 96
1789090790.908907488,2177, 21.61, 96
1789090792.948475238,2177, 20.84, 96
1789090794.977388631,2177, 38.79, 96
1789090797.030458679,2177, 39.60, 96
1789090799.077871247,2177, 15.34, 11
1789090801.112198562,2177, 36.89, 96
1789090803.184816721,2171, 40.60, 96
1789090805.241769614,2177, 13.87, 0
1789090807.273652202,2177, 38.77, 96
1789090809.327404888,2177, 32.27, 96
1789090811.370257344,2177, 31.46, 96
1789090813.418419647,2184, 15.66, 96
1789090815.453329159,2177, 31.82, 96
1789090817.510290082,2171, 41.43, 96
1789090819.548322172,2184, 13.63, 0
1789090821.575190751,2177, 37.59, 96
1789090823.604688603,2171, 41.33, 96
1789090825.647463623,2184, 13.58, 0
1789090827.677409958,2177, 30.54, 96
1789090829.704407059,2177, 33.27, 96
1789090831.748542934,2171, 40.08, 96
1789090833.791466476,2184, 14.95, 53
1789090835.824673342,2177, 37.39, 96
1789090837.863755491,2177, 39.78, 96
1789090839.915940586,2177, 26.39, 86
1789090841.972563085,2177, 26.42, 90
1789090844.034516999,2177, 26.40, 89
1789090846.082287227,2177, 26.04, 79
1789090848.131045554,2177, 26.11, 84
1789090850.181482983,2177, 25.77, 80
1789090852.238536042,2177, 26.41, 83
1789090854.298437781,2177, 26.26, 83
1789090856.348643592,2177, 26.17, 82
1789090858.388532680,2177, 26.57, 91
1789090860.434422217,2177, 26.34, 88
1789090862.487125798,2177, 26.25, 93
1789090864.529976268,2177, 26.31, 92
1789090866.585903798,2177, 26.44, 80
1789090868.639445895,2177, 26.37, 93
1789090870.721640616,2177, 26.03, 78
1789090872.774532782,2177, 26.64, 90
1789090874.819635566,2177, 26.53, 92
1789090876.866850696,2177, 26.17, 94
1789090878.921807400,2177, 26.09, 92
1789090880.968967824,2177, 24.72, 93
1789090883.010459236,2177, 24.25, 93
1789090885.047498170,2177, 26.01, 94
1789090887.097606421,2177, 26.06, 91
1789090889.152508936,2177, 26.52, 92
1789090891.203512859,2177, 26.18, 93
1789090893.246682052,2177, 26.09, 92
1789090895.297183142,2177, 26.06, 92
1789090897.342647917,2177, 25.47, 83
1789090899.390522827,2177, 26.19, 91
1789090901.442240695,2177, 26.14, 88
1789090903.490218208,2177, 26.13, 93
1789090905.537837120,2177, 26.21, 83
1789090907.584100221,2177, 26.10, 92
1789090909.633959658,2177, 26.87, 91
1789090911.684606791,2177, 26.18, 87
1789090913.733456243,2177, 26.10, 94
1789090915.783929179,2177, 24.64, 92
1789090917.827569152,2177, 25.00, 92
1789090919.876434825,2177, 24.66, 92
1789090921.920359013,2177, 23.74, 92
1789090923.965308526,2177, 24.28, 83
1789090926.008679428,2177, 23.80, 93
1789090928.050458728,2177, 23.57, 92
1789090930.090280091,2177, 24.49, 93
1789090932.136749658,2177, 26.66, 89
1789090934.194355786,2177, 26.14, 93
1789090936.242323287,2177, 25.99, 94
1789090938.292228507,2177, 26.47, 82
1789090940.328234115,2177, 27.06, 91
1789090942.381024572,2177, 26.75, 91
1789090944.436569960,2177, 26.94, 92
1789090946.488922297,2177, 26.34, 93
1789090948.543220913,2177, 26.48, 78
1789090950.592732424,2177, 26.82, 92
1789090952.640669017,2177, 26.89, 88
1789090954.692550518,2177, 26.26, 90
1789090956.759316976,2177, 26.25, 84
1789090958.816551394,2177, 26.29, 93
1789090960.864122221,2177, 26.28, 80
1789090962.916361822,2177, 26.88, 90
1789090964.966617853,2177, 26.36, 92
1789090967.013698926,2177, 26.48, 91
1789090969.065234936,2177, 26.49, 89
1789090971.118983206,2177, 26.64, 91
1789090973.168051759,2177, 26.56, 80
1789090975.214079194,2177, 26.74, 92
1789090977.262512200,2177, 26.74, 88
1789090979.312683116,2177, 26.34, 92
1789090981.362733634,2177, 26.68, 90
1789090983.415490664,2177, 26.51, 80
1789090985.470410243,2177, 26.19, 81
1789090987.522380447,2177, 26.65, 94
1789090989.574046539,2177, 26.74, 93
1789090991.621422751,2177, 26.94, 91
1789090993.674878545,2177, 26.61, 94
1789090995.736937172,2177, 26.87, 90
1789090997.796527284,2177, 26.93, 89
1789090999.846665702,2177, 26.78, 94
1789091001.893584888,2177, 26.81, 92
1789091003.942919036,2177, 27.20, 90
1789091005.997043990,2177, 27.04, 94
1789091008.056791777,2177, 26.54, 90
1789091010.109031442,2177, 26.25, 93
1789091012.158435808,2177, 26.65, 90
1789091014.209914930,2177, 27.14, 93
1789091016.259788955,2177, 26.97, 93
1789091018.310888075,2177, 27.07, 87
1789091020.358329740,2177, 27.08, 93
1789091022.406900165,2177, 26.87, 90
1789091024.466799088,2177, 27.07, 91
1789091026.522516464,2177, 26.35, 82
1789091028.583288818,2177, 26.05, 93
1789091030.636967655,2177, 27.09, 89
1789091032.691189047,2177, 27.10, 90
1789091034.787207822,2177, 26.93, 90
1789091036.833971086,2177, 26.41, 91
1789091038.880091374,2177, 26.52, 92
1789091040.931613631,2177, 26.64, 91
1789091042.988216036,2177, 26.90, 92
1789091045.043516891,2177, 26.92, 94
1789091047.098352562,2177, 26.78, 90
1789091049.155265771,2177, 26.84, 91
1789091051.204505846,2177, 26.34, 82
1789091053.255131511,2177, 26.98, 93
1789091055.310799146,2177, 26.43, 88
1789091057.362553117,2177, 26.27, 91
1789091059.409058981,2177, 26.13, 91
1789091061.457899933,2177, 25.77, 93
1789091063.507416078,2177, 26.61, 90
1789091065.558183683,2177, 26.55, 89
1789091067.606414577,2177, 26.65, 93
1789091069.651342681,2177, 26.69, 90
1789091071.701787650,2177, 26.93, 91
1789091073.757265245,2177, 26.85, 93
1789091075.808380056,2177, 27.07, 89
1789091077.856301565,2177, 26.71, 92
1789091079.904703675,2177, 27.17, 92
1789091081.958351993,2177, 27.06, 91
1789091084.017559048,2177, 26.95, 93
1789091086.067234528,2177, 26.69, 94
1789091088.119007607,2177, 27.23, 93
1789091090.166412221,2177, 27.20, 92
1789091092.222166885,2177, 26.53, 84
1789091094.270360651,2177, 26.83, 67
1789091096.321719052,2177, 26.91, 91
1789091098.372300747,2177, 26.83, 89
1789091100.423283409,2177, 27.11, 92
1789091102.466837811,2177, 27.11, 90
1789091104.510867004,2177, 26.94, 91
1789091106.555661147,2177, 26.60, 92
1789091108.606402727,2177, 27.11, 92
1789091110.655053846,2177, 26.94, 83
1789091112.697801545,2177, 26.61, 91
1789091114.795933974,2177, 26.75, 91
1789091116.842288699,2177, 26.70, 93
1789091118.893927919,2177, 26.42, 89
1789091120.939972662,2177, 26.22, 90
1789091122.987808237,2177, 26.30, 89
1789091125.030394581,2177, 26.55, 93
1789091127.082458682,2177, 26.70, 93
1789091129.128223427,2177, 26.28, 89
1789091131.179489515,2177, 26.75, 90
1789091133.231909527,2177, 26.49, 90
1789091135.285093575,2177, 26.60, 90
1789091137.336437831,2177, 26.39, 80
1789091139.385053115,2177, 26.87, 93
1789091141.443411435,2177, 26.34, 90
1789091143.492808346,2177, 26.58, 91
1789091145.546679886,2177, 26.77, 92
1789091147.598325810,2177, 26.83, 90
1789091149.646228365,2177, 27.07, 83
1789091151.696476134,2177, 26.69, 92
1789091153.750332470,2177, 26.72, 91
1789091155.798511526,2177, 26.68, 93
1789091157.848142999,2177, 26.96, 91
1789091159.894945786,2177, 26.61, 93
1789091161.947749946,2177, 26.93, 92
1789091164.001142702,2177, 26.96, 90
1789091166.056979726,2177, 26.77, 90
1789091168.112436743,2177, 26.50, 90
1789091170.165753055,2177, 26.53, 80
1789091172.215413821,2177, 26.76, 88
1789091174.268670738,2177, 26.89, 92
1789091176.320478899,2177, 26.77, 94
1789091178.370095667,2177, 27.62, 93
1789091180.433507087,2177, 26.58, 89
1789091182.487646440,2177, 25.96, 83
1789091184.530419959,2177, 26.96, 92
1789091186.582196917,2177, 27.54, 93
1789091188.638029624,2177, 26.39, 83
1789091190.688351879,2177, 25.91, 91
1789091192.743694391,2177, 25.80, 91
1789091194.821775166,2177, 26.25, 90
1789091196.867039474,2177, 26.07, 92
1789091198.911972205,2177, 27.06, 92
1789091200.967316498,2177, 25.88, 90
1789091203.014607453,2177, 26.56, 93
1789091205.064161091,2177, 26.71, 90
1789091207.133830989,2177, 26.09, 90
1789091209.185163590,2177, 26.85, 93
1789091211.235261624,2177, 26.64, 84
1789091213.286951049,2177, 24.71, 90
1789091215.319526539,2171, 29.98, 96
1789091245.037225639,2184, 11.43, 0
1789091247.066580950,2184, 24.50, 88
1789091249.115296124,2184, 22.92, 94
1789091251.159190296,2184, 24.91, 82
1789091253.207724052,2184, 26.36, 91
1789091255.269293986,2184, 25.80, 94
1789091257.316620121,2184, 25.93, 90
1789091259.365063566,2184, 25.31, 83
1789091261.407726460,2184, 25.22, 94
1789091263.457580369,2184, 26.22, 92
1789091265.512903252,2184, 25.53, 92
1789091267.560517799,2184, 26.71, 90
1789091269.616860507,2184, 25.66, 92
1789091271.659223958,2177, 26.08, 91
1789091273.710014323,2177, 25.62, 94
1789091275.752450450,2177, 27.82, 96
1789091277.801794265,2177, 26.03, 90
1789091279.870485098,2177, 26.55, 93
1789091281.925992686,2177, 26.69, 93
1789091283.979732234,2177, 27.56, 92
1789091286.025321239,2177, 27.88, 92
1789091288.076496385,2177, 29.13, 91
1789091290.124069690,2177, 28.35, 91
1789091292.182907707,2177, 27.38, 92
1789091294.239043303,2177, 27.56, 81
1789091296.293298348,2177, 27.86, 83
1789091298.352109153,2177, 28.00, 92
1789091300.414698730,2177, 27.58, 92
1789091302.482041827,2177, 26.55, 82
1789091304.533640279,2177, 27.75, 90
1789091306.590223146,2177, 28.12, 94
1789091308.654599138,2177, 28.34, 83
1789091310.717182657,2177, 28.67, 91
1789091312.770273460,2177, 27.16, 90
1789091314.865397360,2177, 28.19, 93
1789091316.945793154,2177, 28.89, 88
1789091318.987845280,2177, 28.55, 90
1789091321.045308535,2177, 27.86, 95
1789091323.092754178,2177, 30.80, 96
1789091325.135848013,2177, 28.67, 90
1789091327.195449998,2177, 28.81, 82
1789091329.241638223,2177, 28.12, 90
1789091331.303382121,2177, 28.34, 82
1789091333.363316410,2177, 28.17, 91
1789091335.422972364,2177, 28.10, 93
1789091337.468333792,2177, 27.17, 92
1789091339.507381835,2177, 27.07, 90
1789091341.559799959,2177, 26.03, 80
1789091343.612839616,2177, 27.13, 93
1789091345.661402857,2177, 27.65, 93
1789091347.708774518,2177, 27.07, 92
1789091349.770394577,2177, 26.05, 91
1789091351.819704454,2177, 25.50, 93
1789091353.881905183,2177, 27.00, 92
1789091355.943931447,2177, 26.74, 93
1789091357.995287157,2177, 27.50, 89
1789091360.046585809,2177, 26.92, 91
1789091362.096454211,2177, 26.57, 81
1789091364.142278897,2177, 26.11, 91
1789091366.189780040,2177, 26.99, 90
1789091368.238277212,2177, 26.56, 92
1789091370.295556832,2177, 27.14, 85
1789091372.345437837,2177, 26.85, 93
1789091374.394479980,2177, 25.16, 93
1789091376.445985297,2177, 28.42, 91
1789091378.505196331,2177, 29.44, 91
1789091380.555112675,2177, 26.75, 83
1789091382.616870082,2177, 28.11, 90
1789091384.662568566,2177, 25.74, 96
1789091386.729817792,2177, 27.63, 81
1789091388.784431235,2177, 27.77, 84
1789091390.866990600,2177, 28.19, 81
1789091392.941132071,2177, 28.18, 91
1789091394.994677994,2177, 28.06, 89
1789091397.042988124,2177, 27.77, 90
1789091399.090198849,2177, 28.01, 94
1789091401.172757855,2177, 27.99, 91
1789091403.229615600,2177, 27.79, 91
1789091405.281118608,2177, 28.35, 96
1789091407.341853537,2177, 26.64, 81
1789091409.395749974,2177, 27.46, 90
1789091411.436428132,2177, 28.77, 90
1789091413.500194629,2177, 30.83, 89
1789091415.558268070,2177, 28.49, 91
1789091417.612292546,2177, 28.50, 91
1789091419.657215545,2177, 28.93, 92
1789091421.709767222,2177, 28.51, 85
1789091423.758287245,2177, 28.05, 92
1789091425.810809828,2177, 27.42, 93
1789091427.866635423,2177, 27.74, 94
1789091429.912922357,2177, 26.38, 93
1789091431.955212134,2177, 27.24, 94
1789091434.004608269,2177, 26.90, 93
1789091436.077032680,2177, 26.91, 94
1789091438.129187601,2177, 25.69, 89
1789091440.176106936,2177, 26.14, 92
1789091442.231459170,2177, 24.29, 90
1789091444.275956138,2177, 26.29, 82
1789091446.327568105,2177, 26.29, 93
1789091448.370709376,2177, 26.73, 93
1789091450.424459795,2177, 27.46, 94
1789091452.472104837,2177, 26.30, 91
1789091454.524172502,2177, 29.24, 94
1789091456.577042098,2177, 26.71, 91
1789091458.635619576,2177, 26.92, 92
1789091460.691533460,2177, 26.81, 89
1789091462.744606277,2177, 28.07, 91
1789091464.796226631,2177, 29.02, 89
1789091466.911215745,2177, 29.06, 92
1789091468.972725294,2177, 28.13, 90
1789091471.030724739,2177, 27.73, 83
1789091473.069595822,2177, 27.34, 87
1789091475.128118954,2177, 24.83, 96
1789091477.175854354,2177, 27.94, 81
1789091479.235441267,2177, 27.75, 91
1789091481.290458526,2177, 28.18, 89
1789091483.339716151,2177, 27.96, 89
1789091485.397785424,2177, 27.50, 90
1789091487.456775012,2177, 27.81, 96
1789091489.511290800,2177, 28.05, 90
1789091491.573257139,2177, 28.59, 89
1789091493.627709623,2177, 28.57, 96
1789091495.685849757,2177, 28.84, 91
1789091497.745990056,2177, 29.23, 96
1789091499.788365733,2177, 28.42, 85
1789091501.847000204,2171, 32.22, 96
1789091503.910233298,2177, 28.41, 90
1789091505.955635704,2177, 29.09, 90
1789091507.994607517,2177, 26.12, 93
1789091510.038264303,2177, 28.75, 91
1789091512.091804527,2177, 28.14, 92
1789091514.142393300,2177, 28.52, 93
1789091516.185914793,2177, 14.03, 0
1789091518.215443426,2177, 34.92, 96
1789091520.246287618,2177, 33.59, 96
1789091522.306733687,2177, 32.54, 96
1789091524.349708890,2177, 25.34, 96
1789091526.401595422,2177, 26.99, 82
1789091528.454081819,2177, 26.75, 93
1789091530.495664131,2177, 26.55, 94
1789091532.542538599,2177, 26.63, 92
1789091534.584403796,2177, 26.80, 94
1789091536.627271929,2177, 26.81, 91
1789091538.675383001,2177, 25.72, 91
1789091540.730073026,2177, 26.47, 92
1789091542.783492969,2177, 26.62, 84
1789091544.852780765,2177, 26.97, 91
1789091546.914226082,2177, 26.32, 80
1789091548.963750004,2177, 26.19, 93
1789091551.014691293,2177, 26.39, 90
1789091553.066632558,2177, 26.68, 89
1789091555.118945352,2177, 26.53, 89
1789091557.171355228,2177, 26.52, 89
1789091559.220057013,2177, 26.51, 92
1789091561.272800286,2177, 26.86, 91
1789091563.320524414,2177, 26.88, 92
1789091565.369377030,2177, 26.58, 92
1789091567.417253707,2177, 26.06, 89
1789091569.468341169,2177, 26.69, 92
1789091571.513969121,2177, 24.58, 93
1789091573.565963000,2177, 26.52, 91
1789091575.619674037,2177, 26.79, 90
1789091577.666161025,2177, 26.53, 93
1789091579.708536354,2177, 27.06, 93
1789091581.760370258,2177, 26.62, 93
1789091583.809663939,2177, 26.12, 88
1789091585.865231741,2177, 26.65, 92
1789091587.919281173,2177, 26.32, 92
1789091589.969044819,2177, 27.11, 89
1789091592.016345841,2177, 26.69, 92
1789091594.071499331,2177, 27.00, 90
1789091596.122712346,2177, 26.37, 82
1789091598.172416159,2177, 26.64, 92
1789091600.222718524,2177, 26.83, 92
1789091602.268808110,2177, 26.87, 93
1789091604.316839156,2177, 26.81, 88
1789091606.371950913,2177, 26.33, 94
1789091608.419758490,2177, 27.29, 89
1789091610.468329339,2177, 26.34, 90
1789091612.518928960,2177, 27.00, 90
1789091614.576071677,2177, 26.87, 89
1789091616.617882668,2177, 26.99, 93
1789091618.679375167,2177, 26.06, 93
1789091620.712210969,2177, 23.86, 94
1789091622.754663779,2177, 24.92, 91
1789091624.795893080,2177, 23.59, 91
1789091626.838745698,2177, 25.28, 89
1789091628.913652160,2177, 26.46, 89
1789091630.959848131,2177, 26.12, 93
1789091633.005673377,2177, 26.34, 92
1789091635.052173782,2177, 26.59, 92
1789091637.094125247,2177, 26.10, 82
1789091639.141111877,2177, 24.41, 92
1789091641.196768332,2177, 26.26, 89
1789091643.252305660,2177, 26.30, 92
1789091645.298313566,2177, 26.05, 92
1789091647.344491673,2177, 26.29, 82
1789091649.386499223,2177, 26.08, 90
1789091651.438909139,2177, 26.29, 83
1789091653.490141450,2177, 26.63, 89
1789091655.546073982,2177, 26.36, 89
1789091657.605883152,2177, 26.34, 82
1789091659.667281991,2177, 26.33, 81
1789091661.711116468,2177, 23.72, 92
1789091663.755809800,2177, 23.99, 93
1789091665.800588275,2177, 24.13, 92
1789091667.836881757,2177, 24.20, 93
1789091669.872799504,2177, 23.87, 93
1789091671.909208907,2177, 23.23, 93
1789091673.954463510,2177, 23.66, 83
1789091675.998610237,2177, 24.22, 92
1789091678.044341560,2177, 24.42, 93
1789091680.080740963,2177, 24.97, 93
1789091682.130822195,2177, 26.35, 93
1789091684.188902263,2177, 26.18, 93
1789091686.239521174,2177, 26.59, 93
1789091688.289906653,2177, 26.19, 89
1789091690.345031393,2177, 26.44, 93
1789091692.395055770,2177, 26.68, 92
1789091694.445568441,2177, 26.77, 94
1789091696.505719688,2177, 27.06, 93
1789091698.560526669,2177, 26.39, 91
1789091700.611470339,2177, 26.40, 93
1789091702.666326712,2177, 26.85, 89
1789091704.710867070,2177, 26.70, 93
1789091706.758479588,2177, 27.00, 92
1789091708.806640497,2177, 27.23, 93
1789091710.862355634,2177, 26.42, 89
1789091712.934726497,2177, 23.99, 93
1789091714.978870303,2177, 24.17, 93
1789091717.030915169,2177, 23.93, 93
1789091719.073403602,2177, 23.98, 93
1789091721.114575471,2177, 23.53, 93
1789091723.156305921,2177, 24.13, 93
1789091725.198778937,2177, 23.78, 93
1789091727.242348134,2177, 24.18, 92
1789091729.281598884,2177, 25.06, 92
1789091731.336957555,2177, 26.43, 91
1789091733.379840583,2177, 26.57, 86
1789091735.425003677,2177, 26.22, 93
1789091737.476118508,2177, 26.35, 90
1789091739.525029880,2177, 26.70, 93
1789091741.581041786,2177, 26.48, 90
1789091743.626844475,2177, 26.51, 93
1789091745.678235127,2177, 26.62, 90
1789091747.729939401,2177, 26.12, 89
1789091749.778087114,2177, 26.29, 92
1789091751.829560923,2177, 25.92, 82
1789091753.878091946,2177, 26.11, 92
1789091755.925199108,2177, 26.36, 90
1789091757.976855033,2177, 25.92, 82
1789091760.019384476,2177, 26.34, 85
1789091762.073493642,2177, 24.28, 93
1789091764.115333852,2177, 23.67, 93
1789091766.155206154,2177, 23.90, 93
1789091768.196284637,2177, 23.50, 92
1789091770.236339912,2177, 23.77, 93
1789091772.275558556,2177, 23.64, 93
1789091774.321035271,2177, 23.71, 92
1789091776.363397186,2177, 23.77, 93
1789091778.406201841,2177, 23.82, 92
1789091780.447923563,2177, 23.90, 92
1789091782.490247897,2177, 23.17, 92
1789091784.533766459,2177, 23.25, 92
1789091786.574939866,2177, 23.32, 92
1789091788.616920221,2177, 23.47, 93
1789091790.660928594,2184, 23.26, 90
1789091792.701828981,2177, 26.11, 91
1789091794.751862936,2177, 26.34, 92
1789091796.804046494,2177, 26.28, 91
1789091798.856378633,2177, 26.30, 92
1789091800.904768212,2177, 26.43, 93
1789091802.964547931,2177, 26.69, 93
1789091805.013754369,2177, 26.62, 90
1789091807.071028155,2177, 26.16, 93
1789091809.116661878,2177, 26.22, 92
1789091811.162768615,2177, 26.59, 94
1789091813.205684070,2177, 26.74, 93
1789091815.256632904,2177, 26.48, 90
1789091817.306483522,2177, 25.23, 90
1789091819.352748716,2177, 26.15, 90
1789091821.407729447,2177, 26.60, 89
1789091823.462447258,2177, 26.59, 92
1789091825.517473729,2177, 23.54, 93
1789091827.559945772,2177, 23.45, 92
1789091829.599705684,2177, 23.48, 93
1789091831.640046144,2177, 23.94, 93
1789091833.683636779,2177, 23.68, 85
1789091835.722945669,2177, 23.80, 93
1789091837.764676289,2177, 23.41, 93
1789091839.805285540,2177, 23.88, 92
1789091841.857016804,2177, 26.63, 92
1789091843.909229689,2177, 26.29, 94
1789091845.960765829,2177, 26.49, 93
1789091848.014333939,2177, 26.49, 90
1789091850.067964278,2177, 24.44, 92
1789091852.115866589,2177, 26.80, 93
1789091854.169927083,2177, 26.84, 93
1789091856.224412382,2177, 26.96, 94
1789091858.275756558,2177, 26.44, 89
1789091860.322064384,2177, 26.84, 91
1789091862.373228844,2177, 26.96, 92
1789091864.422313314,2177, 27.08, 91
1789091866.473839865,2177, 26.63, 90
1789091868.528953470,2177, 26.41, 83
1789091870.581095566,2177, 27.08, 93
1789091872.631104778,2177, 24.83, 93
1789091874.674293818,2177, 23.80, 93
1789091876.720135578,2177, 23.79, 93
1789091878.762656182,2177, 23.61, 93
1789091880.800933154,2177, 23.57, 93
1789091882.842841740,2177, 23.07, 93
1789091884.878982791,2177, 23.42, 93
1789091886.923109366,2177, 23.77, 93
1789091888.965590223,2177, 26.04, 88
1789091891.026507059,2177, 27.08, 92
1789091893.075922071,2177, 25.89, 89
1789091895.118747551,2177, 26.83, 94
1789091897.171252246,2177, 26.25, 85
1789091899.220053451,2177, 25.95, 93
1789091901.260474360,2177, 25.62, 92
1789091903.306562190,2177, 25.48, 92
1789091905.361553318,2177, 26.56, 92
1789091907.401897363,2177, 25.72, 91
1789091909.454385690,2177, 26.60, 92
1789091911.501635186,2177, 26.00, 87
1789091913.556186016,2177, 26.06, 92
1789091915.599510875,2177, 25.56, 90
1789091917.650972010,2177, 26.20, 89
1789091919.706869156,2177, 25.58, 86
1789091921.751116684,2177, 24.25, 93
1789091923.796811879,2177, 23.78, 93
1789091925.841986536,2177, 23.45, 89
1789091927.888697322,2184, 20.56, 21
1789092587.986938277,208, 5.52, 0
1789093516.826984252,2184, 11.42, 0
1789093518.858657989,2184, 23.61, 90
1789093520.913457849,2184, 24.72, 88
1789093522.953728951,2184, 24.60, 88
1789093524.994864888,2184, 25.37, 89
1789093527.046988895,2184, 25.92, 80
1789093529.090931402,2184, 25.14, 93
1789093531.146575036,2184, 25.15, 92
1789093533.189601339,2184, 25.37, 90
1789093535.235522354,2184, 25.86, 92
1789093537.293432271,2184, 25.01, 84
1789093539.333222274,2184, 23.75, 77
1789093541.374938411,2184, 22.64, 93
1789093543.421236062,2184, 23.62, 84
1789093545.468611094,2184, 22.61, 88
1789093547.510306601,2184, 22.37, 89
1789093549.539055833,2184, 22.85, 88
1789093551.584812952,2184, 22.74, 89
1789093553.623172879,2184, 23.90, 96
1789093555.670258423,2184, 24.60, 81
1789093557.709734038,2184, 22.97, 91
1789093559.749860186,2184, 24.62, 84
1789093561.800850851,2184, 24.10, 93
1789093563.843046513,2184, 24.27, 90
1789093565.888500888,2177, 25.97, 96
1789093567.940081803,2177, 23.77, 96
1789093569.989892976,2177, 24.82, 94
1789093572.036792724,2177, 23.96, 88
1789093574.080333542,2177, 24.02, 92
1789093576.116954610,2177, 26.99, 79
1789093578.164829347,2177, 27.23, 96
1789093580.205638509,2177, 27.21, 78
1789093582.267669675,2177, 27.55, 81
1789093584.310961441,2177, 27.15, 80
1789093586.362857256,2177, 27.50, 81
1789093588.410763868,2177, 27.33, 90
1789093590.466270209,2177, 27.76, 92
1789093592.516444225,2177, 27.69, 92
1789093594.572038270,2177, 27.20, 82
1789093596.663021730,2177, 27.56, 90
1789093598.722393565,2177, 27.80, 93
1789093600.782020043,2177, 27.71, 81
1789093602.840489533,2177, 26.49, 91
1789093604.894652573,2177, 27.23, 80
1789093606.951527541,2177, 26.90, 80
1789093609.004109499,2177, 25.64, 96
1789093611.051710239,2177, 25.33, 96
1789093613.089467225,2177, 25.69, 96
1789093615.136937366,2177, 25.01, 93
1789093617.198155483,2177, 24.83, 92
1789093619.249769047,2177, 24.95, 96
1789093621.296026897,2177, 25.19, 96
1789093623.341163934,2177, 24.62, 93
1789093625.385165774,2177, 26.05, 90
1789093627.429880676,2177, 25.23, 90
1789093629.488085218,2177, 25.31, 81
1789093631.535470854,2177, 27.07, 94
1789093633.584221889,2184, 25.15, 90
1789093635.628275834,2177, 25.60, 84
1789093637.675649437,2177, 25.61, 90
1789093639.725125961,2177, 26.39, 81
1789093641.769430195,2177, 26.45, 90
1789093643.816785414,2177, 27.15, 93
1789093645.866064081,2177, 26.25, 93
1789093647.912198941,2177, 26.61, 93
1789093649.962876549,2177, 25.63, 86
1789093652.017061511,2177, 26.04, 93
1789093654.070130940,2177, 26.01, 90
1789093656.129979552,2177, 26.83, 89
1789093658.180023005,2184, 23.33, 94
1789093660.222399893,2184, 23.09, 94
1789093662.278653877,2184, 23.93, 92
1789093664.325911424,2184, 24.31, 93
1789093666.379165335,2177, 29.09, 90
1789093668.446616567,2177, 28.81, 91
1789093670.501352716,2177, 27.71, 94
1789093672.552420610,2177, 26.50, 85
1789093674.599589577,2177, 26.63, 80
1789093676.713926043,2177, 27.13, 80
1789093678.773276941,2177, 27.66, 78
1789093680.807940166,2177, 27.40, 88
1789093682.873472508,2177, 26.22, 96
1789093684.933613873,2177, 27.79, 90
1789093686.986136579,2177, 27.48, 89
1789093689.048404807,2177, 28.36, 93
1789093691.097349873,2177, 28.01, 93
1789093693.146406545,2177, 28.26, 91
1789093695.196533129,2177, 27.19, 96
1789093697.249326506,2177, 27.64, 89
1789093699.305504646,2177, 26.78, 80
1789093701.363356826,2177, 27.69, 85
1789093703.416648799,2177, 29.92, 93
1789093705.452600038,2177, 28.27, 94
1789093707.521966315,2177, 28.04, 79
1789093709.573372481,2177, 28.15, 82
1789093711.625504255,2177, 28.44, 91
1789093713.678363636,2177, 27.89, 92
1789093715.736780247,2177, 26.40, 94
1789093717.783620803,2177, 27.34, 92
1789093719.834581610,2177, 26.34, 83
1789093721.877954159,2177, 25.10, 80
1789093723.937831838,2177, 26.54, 93
1789093725.983617636,2177, 27.41, 81
1789093728.029947330,2177, 26.20, 82
1789093730.077993960,2177, 25.46, 89
1789093732.128206407,2184, 22.98, 90
1789093734.173050856,2177, 26.62, 94
1789093736.218510225,2177, 26.32, 92
1789093738.277075103,2177, 27.06, 90
1789093740.326893994,2177, 26.00, 91
1789093742.376120749,2177, 26.46, 92
1789093744.430012939,2177, 25.69, 91
1789093746.478308987,2177, 26.21, 92
1789093748.530445654,2184, 23.35, 82
1789093750.579556789,2177, 24.71, 96
1789093752.626298280,2177, 23.71, 90
1789093754.680808188,2184, 24.10, 93
1789093756.728712992,2177, 27.61, 93
1789093758.781494768,2177, 28.54, 90
1789093760.835195961,2177, 29.22, 87
1789093762.905578939,2177, 28.22, 95
1789093764.952939500,2177, 27.74, 91
1789093766.996208145,2184, 24.08, 96
1789093769.037234154,2177, 26.84, 83
1789093771.086716149,2177, 27.66, 87
1789093773.124091242,2177, 27.40, 81
1789093775.182775965,2177, 27.73, 80
1789093777.239619686,2177, 27.31, 93
1789093779.283693770,2177, 27.73, 82
1789093781.344811831,2177, 28.28, 83
1789093783.402749112,2177, 28.03, 93
1789093785.457872943,2177, 28.02, 91
1789093787.501958466,2177, 27.79, 93
1789093789.564167407,2177, 27.85, 91
1789093791.611489382,2177, 28.51, 90
1789093793.654035311,2177, 28.14, 82
1789093795.709563982,2177, 31.60, 30
1789093797.762932514,2177, 28.29, 92
1789093799.827232842,2177, 28.30, 96
1789093801.891435161,2177, 28.34, 92
1789093803.949387658,2177, 26.80, 92
1789093806.006849811,2177, 27.97, 84
1789093808.050830103,2177, 27.95, 93
1789093810.104879357,2184, 20.30, 0
1789093812.141725163,2184, 14.38, 96
1789093814.448551605,2184, 22.22, 96
1789093816.481208719,2177, 25.74, 96
1789093818.515873875,2177, 26.26, 96
1789093820.548515661,2177, 24.84, 96
1789093822.583733650,2184, 19.47, 96
1789093824.618355840,2177, 27.96, 96
1789093826.659960380,2184, 13.82, 0
1789093828.689953591,2184, 24.47, 96
1789093830.730659764,2177, 26.45, 96
1789093832.761418352,2184, 25.35, 96
1789093834.809627318,2184, 14.56, 96
1789093836.838369250,2184, 26.89, 96
1789093838.884756391,2184, 26.84, 96
1789093840.915988295,2184, 26.80, 96
1789093842.946819872,2184, 22.36, 96
1789093844.974025790,2184, 22.47, 64
1789093847.004620424,2177, 36.83, 96
1789093849.059753201,2184, 24.85, 0
1789093851.093140944,2184, 25.32, 96
1789093853.127111336,2184, 29.03, 96
1789093855.169377104,2184, 32.44, 96
1789093857.213882243,2184, 13.62, 96
1789093859.248762135,2177, 35.78, 96
1789093861.295965391,2177, 36.20, 96
1789093863.329669652,2184, 19.04, 96
1789093865.376399598,2184, 34.45, 96
1789093867.411281670,2184, 20.19, 76
1789093869.444830103,2184, 19.19, 96
1789093871.474907373,2177, 26.66, 96
1789093873.527552449,2177, 28.50, 96
1789093875.561390509,2177, 29.27, 96
1789093877.605439820,2177, 31.13, 96
1789093879.637310729,2184, 14.48, 0
1789093881.666444670,2177, 34.40, 96
1789093883.726278310,2177, 36.53, 96
1789093885.779955154,2184, 13.52, 0
1789093887.810876116,2177, 33.54, 96
1789093889.861596064,2177, 36.83, 96
1789093891.911249029,2184, 17.54, 0
1789093893.960495203,2177, 36.19, 96
1789093896.020438003,2177, 26.89, 96
1789093898.047306977,2184, 32.61, 96
1789093900.093519001,2177, 38.75, 96
1789093902.147340193,2184, 16.21, 0
1789093904.177459535,2177, 35.43, 96
1789093906.228461559,2177, 39.16, 96
1789093908.272786948,2184, 13.68, 0
1789093910.303725183,2177, 36.12, 96
1789093912.347808975,2177, 37.60, 96
1789093914.406690341,2184, 22.00, 96
1789093916.452238825,2177, 38.36, 96
1789093918.490616466,2177, 28.52, 96
1789093920.524276209,2184, 27.56, 96
1789093922.569535266,2177, 38.81, 96
1789093924.620244034,2184, 20.43, 0
1789093926.652397677,2177, 37.76, 96
1789093928.752670952,2177, 34.24, 96
1789093930.809193369,2184, 17.61, 0
1789093932.840985746,2177, 37.12, 96
1789093934.888488145,2177, 38.87, 96
1789093936.934068456,2184, 13.79, 0
1789093938.964788510,2177, 36.62, 96
1789093941.008500440,2171, 40.76, 96
1789093943.049122457,2184, 13.66, 0
1789093945.076959275,2177, 37.17, 96
1789093947.128003721,2171, 39.24, 96
1789093949.169530362,2184, 14.01, 0
1789093951.198203019,2177, 36.63, 96
1789093953.250828904,2171, 42.70, 96
1789093955.286438099,2184, 14.24, 0
1789093957.317403829,2177, 37.44, 96
1789093959.368173647,2177, 40.60, 96
1789093961.402048968,2184, 14.49, 0
1789093963.435920203,2177, 36.04, 96
1789093965.490857591,2177, 41.32, 96
1789093967.533863189,2184, 21.50, 0
1789093969.588010854,2171, 40.11, 96
1789093971.628906967,2184, 27.44, 90
1789093973.672584709,2184, 25.52, 87
1789093975.721892065,2184, 25.99, 86
1789093977.772832457,2184, 26.00, 92
1789093979.822636939,2184, 25.76, 92
1789093981.868623796,2184, 26.04, 91
1789093983.910893509,2184, 24.44, 93
1789093985.955802963,2184, 23.16, 91
1789093987.996446504,2184, 22.94, 91
1789093990.034113669,2184, 22.97, 93
1789093992.080847220,2184, 22.53, 83
1789093994.122122729,2184, 22.81, 91
1789093996.159530759,2184, 23.12, 92
1789093998.205255301,2184, 23.41, 90
1789094000.243219592,2184, 22.69, 92
1789094002.278417492,2184, 23.00, 91
1789094004.325680595,2184, 23.09, 90
1789094006.366058152,2184, 22.85, 94
1789094008.413728253,2184, 23.36, 94
1789094010.462421085,2184, 22.77, 92
1789094012.501342866,2184, 25.63, 89
1789094014.553714522,2184, 26.38, 90
1789094016.602804123,2184, 22.91, 84
1789094018.649799542,2184, 23.10, 92
1789094020.690423687,2184, 22.84, 90
1789094022.760235734,2184, 23.13, 92
1789094024.809204899,2184, 23.10, 89
1789094026.853009687,2184, 22.85, 93
1789094028.899296887,2184, 23.68, 90
1789094030.946285507,2184, 25.51, 92
1789094032.991507305,2184, 25.21, 91
1789094035.043636111,2184, 25.33, 84
1789094037.091721069,2184, 25.84, 91
1789094039.143198408,2184, 25.57, 92
1789094041.198697984,2184, 26.09, 91
1789094043.248486976,2184, 25.74, 92
1789094045.298163564,2184, 26.10, 89
1789094047.352843157,2184, 25.55, 91
1789094049.409047019,2184, 25.82, 88
1789094051.455608053,2184, 26.06, 93
1789094053.505530525,2184, 25.99, 91
1789094055.557424978,2184, 26.11, 88
1789094057.606429487,2184, 26.05, 84
1789094059.663317069,2184, 26.39, 93
1789094061.710714625,2184, 23.82, 92
1789094063.765085460,2184, 23.55, 92
1789094065.817416753,2184, 23.12, 84
1789094067.865731910,2184, 23.62, 91
1789094069.911102934,2184, 23.32, 92
1789094071.952328782,2184, 23.05, 93
1789094073.994108050,2184, 24.12, 91
1789094076.042506805,2184, 26.11, 92
1789094078.087847075,2184, 26.53, 90
1789094080.144673810,2184, 26.80, 89
1789094082.199201211,2184, 23.80, 89
1789094084.246244667,2184, 23.58, 94
1789094086.290500678,2184, 23.51, 93
1789094088.333902315,2184, 23.69, 93
1789094090.386932849,2184, 23.36, 91
1789094092.428610957,2184, 23.45, 93
1789094094.475232119,2184, 24.80, 93
1789094096.534989796,2184, 26.14, 90
1789094098.595481229,2184, 26.29, 90
1789094100.648139133,2184, 26.15, 92
1789094102.695851893,2184, 24.10, 93
1789094104.772785450,2184, 23.15, 94
1789094106.821957867,2184, 22.98, 91
1789094108.868734487,2184, 23.03, 94
1789094110.913923501,2184, 23.12, 92
1789094112.952890987,2184, 23.40, 93
1789094115.000143738,2184, 26.25, 92
1789094117.054725561,2184, 25.95, 84
1789094119.104186224,2184, 25.57, 93
1789094121.159454247,2184, 26.32, 92
1789094123.210433911,2177, 25.69, 93
1789094125.264607140,2184, 23.61, 94
1789094127.313896923,2184, 23.44, 94
1789094129.359703003,2184, 23.39, 94
1789094131.401103285,2184, 23.62, 92
1789094133.444746397,2184, 23.46, 93
1789094135.494746003,2184, 24.95, 95
1789094137.543561077,2184, 25.77, 93
1789094139.598169270,2184, 26.11, 90
1789094141.651019842,2184, 26.32, 93
1789094143.695864854,2184, 26.43, 92
1789094145.738591540,2184, 26.50, 90
1789094147.786509186,2184, 26.47, 90
1789094149.835606699,2184, 26.16, 90
1789094151.876724717,2184, 26.75, 91
1789094153.924082702,2184, 26.50, 92
1789094155.978210047,2184, 26.29, 93
1789094158.033953453,2184, 26.43, 94
1789094160.089872262,2184, 26.60, 93
1789094162.140417609,2177, 26.72, 92
1789094164.192516457,2177, 26.56, 92
1789094166.248647495,2184, 26.09, 91
1789094168.306492963,2184, 24.17, 94
1789094170.342910079,2184, 23.67, 94
1789094172.386714172,2184, 23.22, 94
1789094174.437790632,2184, 23.61, 93
1789094176.487734672,2184, 23.53, 83
1789094178.533267730,2184, 23.65, 93
1789094180.579430512,2184, 26.57, 91
1789094182.631373086,2184, 23.39, 93
1789094184.674716708,2184, 23.13, 88
1789094186.719586439,2184, 23.54, 93
1789094188.757743155,2184, 23.56, 93
1789094190.801037757,2184, 23.79, 93
1789094192.846668534,2184, 23.60, 93
1789094194.893102763,2184, 23.30, 94
1789094196.950964210,2184, 26.36, 90
1789094198.997252959,2184, 25.69, 80
1789094201.045585530,2184, 26.22, 90
1789094203.097090771,2184, 26.48, 90
1789094205.141068917,2184, 25.85, 79
1789094207.187785173,2184, 26.11, 91
1789094209.237224050,2184, 26.30, 90
1789094211.281715849,2184, 26.11, 91
1789094213.325644589,2184, 26.34, 91
1789094215.378991842,2184, 25.87, 91
1789094217.426525280,2184, 25.95, 93
1789094219.473546411,2184, 26.28, 93
1789094221.524659604,2177, 26.47, 93
1789094223.576146362,2177, 26.27, 91
1789094225.621588041,2177, 26.31, 91
1789094227.671372168,2177, 25.26, 93
1789094229.707854188,2184, 23.46, 93
1789094231.750300161,2184, 23.45, 92
1789094233.797168131,2184, 23.56, 94
1789094235.842246002,2184, 23.52, 93
1789094237.884843452,2184, 23.33, 93
1789094239.926029234,2184, 25.67, 94
1789094241.972646584,2177, 26.58, 92
1789094244.027317421,2177, 26.37, 91
1789094246.079116734,2177, 26.48, 90
1789094248.128685243,2177, 26.45, 88
1789094250.176492772,2177, 26.56, 92
1789094252.228987995,2177, 26.79, 91
1789094254.284977873,2177, 25.64, 83
1789094256.334674864,2177, 26.59, 90
1789094258.381908908,2177, 26.60, 92
1789094260.426445619,2177, 26.59, 93
1789094262.476464441,2177, 26.82, 90
1789094264.527080973,2177, 26.49, 93
1789094266.585961584,2177, 26.59, 89
1789094268.636591533,2177, 26.85, 93
1789094270.687743015,2177, 26.21, 92
1789094272.742871952,2177, 23.42, 93
1789094274.782403631,2177, 23.52, 92
1789094276.828101053,2177, 23.49, 94
1789094278.869338535,2177, 23.47, 92
1789094280.953516335,2184, 23.66, 93
1789094283.000318500,2184, 23.25, 93
1789094285.044705270,2184, 25.80, 89
1789094287.102688314,2184, 26.00, 92
1789094289.160464155,2184, 26.29, 90
1789094291.213038087,2184, 26.60, 92
1789094293.262055950,2184, 26.57, 89
1789094295.314130452,2184, 26.45, 88
1789094297.364477158,2184, 26.62, 92
1789094299.415075173,2184, 26.52, 90
1789094301.466339489,2184, 26.13, 94
1789094303.516802586,2184, 26.22, 84
1789094305.560839470,2184, 23.87, 93
1789094307.606812063,2184, 23.73, 94
1789094309.653948734,2184, 23.39, 91
1789094311.700529946,2184, 23.76, 82
1789094313.749488868,2184, 23.33, 94
1789094315.798666891,2184, 23.72, 94
1789094317.844194814,2184, 26.53, 93
1789094319.905633828,2184, 26.40, 90
1789094321.964830166,2184, 24.09, 93
1789094324.006240895,2184, 23.66, 92
1789094326.048256213,2184, 23.67, 92
1789094328.099264524,2184, 23.60, 93
1789094330.144024989,2184, 23.66, 93
1789094332.195469535,2177, 26.05, 92
1789094334.251355071,2184, 23.11, 92
1789094336.290848710,2184, 23.34, 93
1789094338.337190445,2184, 23.22, 93
1789094340.377692272,2184, 23.38, 91
1789094342.418211055,2184, 23.51, 93
1789094344.463943982,2177, 26.18, 91
1789094346.514380236,2184, 25.87, 89
1789094348.557055396,2184, 27.08, 93
1789094350.607258940,2184, 25.76, 90
1789094352.662591108,2184, 26.35, 88
1789094354.717249848,2184, 26.57, 88
1789094356.771119850,2184, 26.42, 93
1789094358.831870651,2184, 25.36, 92
1789094360.887356744,2184, 25.97, 90
1789094362.986256978,2177, 26.28, 91
1789094365.027863060,2177, 25.67, 92
1789094367.080784664,2177, 25.72, 93
1789094369.126877271,2177, 25.73, 92
1789094371.176041365,2177, 26.62, 83
1789094373.226298960,2177, 25.78, 94
1789094375.277057593,2177, 27.89, 96
1789094377.332619585,2177, 26.20, 88
1789094379.381222980,2177, 26.71, 78
1789094381.436519431,2177, 26.48, 93
1789094383.489584743,2177, 26.33, 90
1789094385.547775734,2184, 38.43, 96
1789095219.727092105,2184, 11.24, 0
1789095221.757218989,2184, 23.97, 83
1789095223.804529848,2184, 25.01, 89
1789095225.845931796,2184, 24.58, 87
1789095227.896837222,2184, 26.24, 93
1789095229.940526497,2184, 25.28, 93
1789095231.993231542,2184, 24.76, 93
1789095234.045511296,2184, 24.43, 89
1789095236.089215630,2184, 24.26, 86
1789095238.130184241,2184, 25.03, 90
1789095240.185497860,2184, 25.55, 91
1789095242.233420592,2184, 24.89, 88
1789095244.285322877,2184, 22.68, 91
1789095246.325285622,2184, 22.48, 91
1789095248.397574133,2184, 22.55, 89
1789095250.446166714,2184, 22.89, 90
1789095252.495234171,2184, 25.40, 88
1789095254.552686234,2184, 23.20, 91
1789095256.599250202,2184, 23.28, 91
1789095258.645342077,2184, 23.26, 92
1789095260.696204778,2184, 23.08, 92
1789095262.746232826,2184, 22.86, 90
1789095264.800236939,2184, 23.61, 93
1789095266.843202797,2184, 24.48, 92
1789095268.897576822,2184, 24.87, 96
1789095270.950525287,2184, 25.92, 85
1789095273.006021091,2184, 23.83, 84
1789095275.063416254,2177, 24.54, 93
1789095277.117757581,2184, 23.64, 89
1789095279.158350334,2184, 24.25, 81
1789095281.196015744,2177, 23.82, 96
1789095283.241702836,2184, 24.16, 83
1789095285.287257588,2177, 24.10, 88
1789095287.338540422,2177, 24.44, 95
1789095289.385114582,2184, 24.05, 91
1789095291.437657206,2177, 24.13, 82
1789095293.484836424,2177, 24.31, 88
1789095295.560412041,2177, 27.34, 81
1789095297.620357255,2177, 27.67, 82
1789095299.688272870,2177, 26.67, 92
1789095301.751557122,2177, 27.35, 80
1789095303.803983990,2184, 27.42, 78
1789095305.869702342,2177, 27.80, 82
1789095307.929471259,2177, 27.51, 86
1789095309.998715048,2177, 27.74, 96
1789095312.060350421,2177, 32.01, 96
1789095314.110953178,2184, 26.91, 94
1789095316.162624368,2184, 25.11, 80
1789095318.209770512,2184, 27.36, 96
1789095320.271818897,2177, 28.04, 92
1789095322.311472358,2184, 26.95, 93
1789095324.365054980,2184, 27.72, 94
1789095326.417327923,2184, 25.01, 92
1789095328.472583543,2184, 23.80, 92
1789095330.533170334,2184, 23.37, 92
1789095332.575525867,2184, 22.70, 82
1789095334.613592412,2184, 23.35, 92
1789095336.668712369,2184, 23.54, 93
1789095338.719195261,2184, 24.43, 90
1789095340.765271775,2184, 23.07, 93
1789095342.803039743,2184, 22.81, 90
1789095344.846650143,2184, 22.71, 91
1789095346.892384360,2184, 22.75, 92
1789095348.933744709,2184, 25.19, 93
1789095350.974855882,2184, 23.31, 93
1789095353.017673129,2184, 25.80, 86
1789095355.086751746,2184, 26.09, 92
1789095357.161114639,2184, 26.66, 96
1789095359.215706804,2184, 25.62, 93
1789095361.255723088,2184, 26.84, 96
1789095363.305938078,2184, 25.58, 94
1789095365.357364729,2177, 26.33, 96
1789095367.409621429,2184, 26.08, 91
1789095369.456091228,2184, 26.23, 91
1789095371.509128606,2184, 27.83, 90
1789095373.568588891,2184, 28.67, 93
1789095375.622094164,2184, 27.39, 81
1789095377.684913030,2177, 27.50, 91
1789095379.731339062,2177, 26.87, 92
1789095381.772704858,2184, 24.28, 79
1789095383.816891249,2184, 24.23, 96
1789095385.854022760,2184, 24.03, 96
1789095387.907640763,2184, 24.06, 96
1789095389.950948066,2184, 24.03, 79
1789095391.985628516,2184, 24.04, 82
1789095394.038129849,2184, 23.90, 80
1789095396.090016805,2184, 24.41, 89
1789095398.138717753,2184, 26.87, 95
1789095400.199873218,2184, 27.89, 90
1789095402.241974117,2184, 27.17, 95
1789095404.306672751,2184, 28.08, 91
1789095406.364696437,2184, 26.76, 83
1789095408.412984042,2177, 27.65, 80
1789095410.468797491,2184, 27.71, 91
1789095412.529870463,2177, 28.44, 96
1789095414.608740112,2177, 27.16, 96
1789095416.658826036,2177, 27.78, 79
1789095418.717374471,2177, 28.00, 81
1789095420.766018327,2177, 28.30, 91
1789095422.820261655,2177, 28.15, 92
1789095424.866826407,2184, 24.15, 96
1789095426.905159753,2184, 24.23, 93
1789095428.951909179,2184, 24.74, 80
1789095431.000359331,2184, 24.68, 96
1789095433.048693597,2184, 24.17, 93
1789095435.105327030,2184, 22.77, 90
1789095437.152669560,2184, 23.97, 82
1789095439.202350316,2184, 23.36, 93
1789095441.253220281,2184, 24.71, 96
1789095443.303118765,2184, 23.26, 93
1789095445.351164364,2184, 22.54, 91
1789095447.391362088,2184, 22.99, 90
1789095449.439263960,2184, 23.65, 91
1789095451.491912379,2184, 25.63, 95
1789095453.533618926,2184, 25.69, 82
1789095455.582024666,2184, 26.16, 92
1789095457.636854032,2184, 26.85, 93
1789095459.686508562,2184, 25.66, 89
1789095461.736633042,2184, 28.01, 92
1789095463.781244992,2184, 25.80, 88
1789095465.834075310,2184, 24.51, 91
1789095467.893279350,2184, 23.61, 93
1789095469.938914746,2184, 23.96, 93
1789095471.995886141,2177, 27.32, 96
1789095474.058143457,2177, 27.86, 92
1789095476.107826090,2184, 29.02, 92
1789095478.173856134,2177, 27.62, 82
1789095480.234719949,2177, 26.92, 91
1789095482.279831482,2184, 23.96, 91
1789095484.328964351,2184, 23.99, 96
1789095486.365635639,2184, 24.84, 77
1789095488.419098463,2184, 24.34, 92
1789095490.474589561,2184, 24.79, 78
1789095492.540826757,2184, 24.49, 96
1789095494.609452802,2184, 23.81, 96
1789095496.660553277,2184, 24.23, 90
1789095498.718941293,2184, 27.47, 94
1789095500.767385472,2184, 27.33, 83
1789095502.821072340,2184, 25.13, 92
1789095504.864271757,2184, 24.24, 90
1789095506.905892859,2184, 24.32, 90
1789095508.942846511,2184, 25.53, 91
1789095511.002801954,2177, 28.52, 91
1789095513.056232934,2177, 27.87, 85
1789095515.117905401,2177, 27.18, 89
1789095517.181791709,2177, 30.64, 96
1789095519.242403679,2177, 28.17, 96
1789095521.296685694,2177, 28.07, 80
1789095523.354071561,2177, 27.90, 81
1789095525.407891986,2184, 28.34, 96
1789095527.470673864,2177, 27.89, 90
1789095529.526916187,2177, 27.44, 91
1789095531.587625699,2177, 22.88, 0
1789095533.627311748,2184, 12.55, 0
1789095535.646396795,2184, 14.46, 96
1789095537.676274388,2184, 14.30, 96
1789095539.704842271,2184, 22.14, 96
1789095541.734268383,2184, 24.50, 96
1789095543.764822755,2184, 26.12, 96
1789095545.803208312,2184, 26.75, 96
1789095547.830578961,2184, 26.10, 96
1789095549.876416116,2184, 12.04, 0
1789095551.903506738,2184, 12.63, 0
1789095553.942142814,2184, 20.34, 96
1789095555.968845584,2184, 23.81, 96
1789095558.006655267,2184, 26.39, 96
1789095560.041349856,2184, 26.32, 96
1789095562.083201185,2177, 26.68, 96
1789095564.122342074,2184, 25.83, 96
1789095566.156830915,2184, 22.77, 96
1789095568.196392460,2184, 24.64, 96
1789095570.231987761,2184, 18.40, 96
1789095572.262987799,2184, 14.25, 96
1789095574.293251624,2184, 14.21, 96
1789095576.321614060,2184, 19.66, 96
1789095578.351534416,2184, 11.81, 0
1789095580.380760095,2184, 23.52, 96
1789095582.417966304,2177, 37.06, 96
1789095584.452545094,2177, 38.88, 96
1789095586.519020870,2177, 39.79, 96
1789095588.567765447,2184, 19.48, 0
1789095590.597483773,2184, 15.17, 96
1789095592.631170039,2177, 36.51, 96
1789095594.668930757,2177, 37.87, 96
1789095596.704535317,2177, 38.03, 96
1789095598.772479184,2177, 26.16, 91
1789095600.805757963,2184, 12.34, 0
1789095602.851246722,2184, 27.58, 96
1789095604.891835448,2177, 37.12, 96
1789095606.945817573,2177, 38.96, 96
1789095609.007945395,2177, 38.02, 96
1789095611.049654394,2184, 12.30, 0
1789095613.081679670,2184, 14.50, 96
1789095615.115201393,2177, 38.17, 96
1789095617.172547939,2177, 38.81, 96
1789095619.241327477,2177, 38.52, 96
1789095621.269807453,2177, 26.31, 96
1789095623.302726390,2184, 15.16, 0
1789095625.332709571,2177, 28.22, 96
1789095627.360835359,2177, 29.83, 96
1789095629.391159559,2177, 39.05, 96
1789095631.446413713,2171, 39.92, 96
1789095633.480088037,2177, 34.07, 96
1789095635.511682473,2184, 14.96, 0
1789095637.546497555,2184, 32.68, 96
1789095639.595969200,2177, 39.51, 96
1789095641.642088946,2177, 42.62, 96
1789095643.711621470,2177, 38.68, 96
1789095645.762982387,2177, 15.07, 0
1789095647.791221112,2184, 14.64, 96
1789095649.824352348,2171, 38.39, 96
1789095651.875063685,2177, 40.18, 96
1789095653.909521437,2177, 40.53, 96
1789095655.956108371,2177, 43.31, 96
1789095658.012491795,2177, 12.57, 0
1789095660.041067221,2184, 14.65, 96
1789095662.068382994,2171, 39.37, 96
1789095664.124896879,2177, 36.51, 96
1789095666.174227250,2177, 42.86, 96
1789095668.214893329,2171, 42.22, 96
1789095670.266725794,2184, 12.46, 0
1789095672.300988903,2184, 19.52, 96
1789095674.351553399,2177, 40.63, 96
1789095676.395661896,2177, 41.63, 96
1789095678.451098683,2177, 40.35, 96
1789095680.504990234,2171, 41.90, 96
1789095682.567872405,2184, 12.50, 0
1789095684.597553191,2177, 22.49, 96
1789095686.654474357,2177, 41.55, 96
1789095688.727185538,2177, 42.25, 96
1789095690.787416234,2177, 43.04, 96
1789095692.828211611,2177, 42.75, 96
1789095694.874375575,2184, 13.25, 0
1789095696.914806049,2177, 32.40, 96
1789095698.978743976,2177, 34.39, 96
1789095701.045374679,2177, 44.47, 96
1789095703.084870527,2177, 41.51, 96
1789095705.178964608,2177, 27.01, 78
1789095707.228257092,2177, 26.15, 83
1789095709.274618649,2177, 26.35, 90
1789095711.327674116,2177, 26.58, 93
1789095713.363759547,2177, 25.88, 91
1789095715.423823022,2177, 26.20, 93
1789095717.472733988,2177, 26.14, 92
1789095719.512326596,2177, 26.05, 80
1789095721.567486981,2177, 24.58, 96
1789095723.622229082,2177, 26.07, 92
1789095725.669220867,2177, 25.59, 92
1789095727.719994254,2177, 26.27, 92
1789095729.764122231,2177, 23.64, 91
1789095731.811305079,2177, 26.14, 77
1789095733.861945257,2177, 26.03, 89
1789095735.915779921,2177, 26.80, 88
1789095737.965971579,2177, 25.91, 94
1789095740.011970280,2177, 25.91, 83
1789095742.067288528,2177, 26.18, 93
1789095744.122028797,2177, 26.38, 88
1789095746.177206346,2177, 26.63, 91
1789095748.227128654,2177, 26.33, 89
1789095750.279945368,2177, 26.51, 80
1789095752.318334016,2177, 26.90, 90
1789095754.366264001,2177, 26.63, 93
1789095756.417441175,2177, 26.47, 90
1789095758.465395035,2177, 26.78, 91
1789095760.508958963,2177, 26.05, 93
1789095762.559795870,2177, 26.64, 90
1789095764.620847394,2177, 26.14, 92
1789095766.669239849,2177, 26.47, 92
1789095768.729764913,2177, 26.64, 81
1789095770.782610425,2177, 26.83, 92
1789095772.835267507,2177, 26.57, 90
1789095774.881769750,2177, 26.37, 93
1789095776.922503186,2177, 26.84, 90
1789095778.981831203,2177, 26.85, 92
1789095781.034397873,2177, 27.11, 91
1789095783.096356474,2177, 26.52, 91
1789095785.157646982,2177, 26.46, 81
1789095787.218725732,2177, 26.64, 93
1789095789.276691999,2177, 26.51, 83
1789095791.318090204,2177, 26.65, 93
1789095793.363321145,2177, 26.37, 93
1789095795.408954054,2177, 26.57, 92
1789095797.464484331,2177, 26.57, 89
1789095799.513875849,2177, 26.62, 92
1789095801.565569486,2177, 26.15, 91
1789095803.625080357,2177, 26.63, 92
1789095805.679758510,2177, 26.25, 87
1789095807.728302783,2177, 26.26, 83
1789095809.776493537,2177, 26.40, 91
1789095811.821714591,2177, 26.71, 90
1789095813.867641353,2177, 26.14, 91
1789095815.920584967,2177, 26.07, 90
1789095817.975422159,2177, 26.44, 93
1789095820.031014050,2177, 26.87, 92
1789095822.081071915,2177, 26.52, 89
1789095824.135658514,2177, 26.51, 93
1789095826.181438601,2177, 26.37, 87
1789095828.230745715,2177, 26.56, 92
1789095830.281947748,2177, 26.95, 90
1789095832.337035078,2177, 26.64, 93
1789095834.388208773,2177, 26.97, 93
1789095836.437002397,2177, 26.87, 93
1789095838.489327254,2177, 26.91, 90
1789095840.538769433,2177, 27.02, 93
1789095842.593218168,2177, 26.20, 93
1789095844.641586044,2177, 26.15, 80
1789095846.689732720,2177, 26.67, 92
1789095848.740314042,2177, 26.27, 93
1789095850.796673197,2177, 26.71, 93
1789095852.859849365,2177, 27.24, 92
1789095854.910852568,2177, 26.82, 93
1789095856.970995129,2177, 27.58, 93
1789095859.020816734,2177, 27.16, 92
1789095861.071129391,2177, 26.93, 91
1789095863.118569002,2177, 27.07, 93
1789095865.167939419,2177, 26.82, 93
1789095867.240760949,2177, 27.05, 89
1789095869.292086619,2177, 26.27, 88
1789095871.342658818,2177, 26.52, 90
1789095873.385600532,2177, 26.61, 91
1789095875.432638196,2177, 26.71, 94
1789095877.484938014,2177, 26.92, 94
1789095879.535237246,2177, 26.36, 93
1789095881.579747072,2177, 26.57, 89
1789095883.632399795,2177, 26.85, 90
1789095885.686166911,2177, 26.69, 90
1789095887.738023936,2177, 26.57, 93
1789095889.801208821,2177, 27.09, 94
1789095891.849059551,2177, 26.50, 82
1789095893.905970614,2177, 27.18, 89
1789095895.957566254,2177, 27.02, 90
1789095898.007289450,2177, 26.44, 90
1789095900.058328174,2177, 27.10, 93
1789095902.099322259,2177, 26.35, 91
1789095904.142399854,2177, 26.79, 93
1789095906.192837435,2177, 26.36, 94
1789095908.240072897,2177, 26.74, 91
1789095910.288986734,2177, 26.91, 92
1789095912.344400385,2177, 27.33, 94
1789095914.392436779,2177, 27.48, 88
1789095916.442483403,2177, 27.08, 92
1789095918.496415914,2177, 27.18, 90
1789095920.546596994,2177, 27.21, 93
1789095922.594671151,2177, 27.28, 91
1789095924.643803605,2177, 27.41, 92
1789095926.694573649,2177, 26.59, 93
1789095928.747087940,2177, 27.03, 93
1789095930.793245018,2177, 27.26, 94
1789095932.848800795,2177, 25.49, 84
1789095934.900328231,2177, 25.89, 92
1789095936.946392130,2177, 24.38, 82
1789095938.992487145,2177, 24.52, 87
1789095941.037375600,2177, 24.23, 93
1789095943.091172837,2177, 24.00, 92
1789095945.139769704,2177, 23.87, 84
1789095947.200233870,2177, 23.92, 93
1789095949.247501054,2177, 24.25, 94
1789095951.288281903,2177, 24.32, 93
1789095953.327283891,2177, 23.94, 94
1789095955.369351000,2177, 24.09, 94
1789095957.409538815,2177, 24.07, 93
1789095959.454103954,2177, 23.90, 92
1789095961.494831375,2177, 23.93, 92
1789095963.547207488,2177, 24.02, 92
1789095965.593349121,2177, 23.72, 94
1789095967.634056592,2177, 24.09, 93
1789095969.678343599,2177, 25.83, 87
1789095971.733617940,2177, 26.53, 88
1789095973.785980799,2177, 25.77, 82
1789095975.835285295,2177, 26.38, 92
1789095977.887577217,2177, 26.70, 89
1789095979.936454505,2177, 26.92, 89
1789095981.992394917,2177, 26.37, 91
1789095984.043815932,2177, 26.34, 94
1789095986.091837257,2177, 26.57, 90
1789095988.144222994,2177, 26.69, 92
1789095990.192500325,2177, 26.90, 93
1789095992.243617017,2177, 26.21, 93
1789095994.299549704,2177, 26.91, 89
1789095996.359690533,2177, 27.14, 93
1789095998.410680794,2177, 27.03, 91
1789096000.462527016,2177, 27.39, 93
1789096002.521553193,2177, 24.43, 93
1789096004.572542911,2177, 23.74, 93
1789096006.618813711,2177, 23.53, 93
1789096008.666486197,2177, 23.75, 92
1789096010.709699909,2177, 24.19, 94
1789096012.752000130,2177, 24.10, 93
1789096014.795978580,2177, 23.86, 92
1789096016.833386821,2177, 23.75, 93
1789096018.873598168,2177, 23.75, 93
1789096020.921113294,2177, 24.19, 93
1789096022.966395990,2177, 23.69, 92
1789096025.010560059,2177, 23.87, 93
1789096027.056616885,2177, 23.99, 93
1789096029.108952484,2177, 23.70, 93
1789096031.151953820,2177, 24.01, 94
1789096033.195386509,2177, 23.88, 93
1789096035.263882088,2177, 27.00, 90
1789096037.323614217,2177, 26.67, 91
1789096039.380506381,2177, 26.26, 91
1789096041.417454043,2177, 26.70, 93
1789096043.469343715,2177, 26.53, 90
1789096045.521831683,2177, 26.60, 93
1789096047.576244135,2177, 26.65, 91
1789096049.627892862,2177, 26.68, 92
1789096051.678648530,2177, 26.54, 92
1789096053.724801277,2177, 26.49, 93
1789096055.771172818,2177, 26.54, 93
1789096057.829202636,2177, 26.56, 91
1789096059.879127817,2177, 26.48, 91
1789096061.931999366,2177, 26.75, 89
1789096063.982045814,2177, 26.09, 93
1789096066.035343974,2177, 26.48, 93
1789096068.075947782,2177, 24.28, 90
1789096070.118206043,2177, 23.51, 92
1789096072.166721318,2177, 24.47, 94
1789096074.210267785,2177, 23.40, 82
1789096076.256139455,2177, 24.82, 93
1789096078.299082279,2177, 24.17, 93
1789096080.340315453,2177, 23.18, 86
1789096082.379047189,2177, 23.25, 91
1789096084.422323704,2177, 23.23, 90
1789096086.464611014,2184, 23.38, 92
1789096088.511487024,2177, 23.25, 91
1789096090.552196982,2177, 24.60, 92
1789096092.594112321,2177, 23.33, 93
1789096094.640464599,2177, 24.18, 93
1789096096.681010361,2177, 23.54, 93
1789096098.728326510,2177, 23.93, 89
1789096100.781249083,2177, 26.11, 89
1789096102.833388068,2177, 26.16, 87
1789096104.893045183,2177, 26.63, 91
1789096106.944442907,2177, 26.58, 94
1789096109.000930705,2184, 18.89, 0
1789097981.690231367,2177, 10.80, 0
1789097983.720187790,2177, 22.52, 79
1789097985.768246680,2184, 25.03, 90
1789097987.823667258,2184, 24.24, 90
1789097989.871650682,2184, 24.95, 93
1789097991.921591059,2184, 25.70, 88
1789097993.958572636,2184, 22.00, 88
1789097995.993266128,2184, 21.67, 91
1789097998.041549369,2184, 21.69, 91
1789098000.081486145,2184, 21.52, 91
1789098002.127469280,2184, 22.03, 91
1789098004.180816072,2184, 21.86, 91
1789098006.220790383,2184, 22.30, 91
1789098008.271019469,2184, 23.05, 91
1789098010.312259929,2184, 22.13, 91
1789098012.356700255,2184, 24.11, 85
1789098014.402461583,2184, 24.17, 91
1789098016.453353831,2184, 26.39, 96
1789098018.499537853,2184, 25.34, 85
1789098020.543147006,2184, 25.37, 91
1789098022.584013899,2184, 25.20, 91
1789098024.640456701,2184, 26.43, 85
1789098026.696227929,2184, 25.48, 92
1789098028.744053684,2184, 23.60, 83
1789098030.795826584,2184, 26.67, 88
1789098032.846770216,2184, 23.81, 96
1789098034.888939574,2184, 24.24, 96
1789098036.931876671,2184, 24.67, 80
1789098038.978197025,2184, 26.46, 80
1789098041.030962748,2184, 26.28, 89
1789098043.084415601,2184, 26.84, 87
1789098045.124855351,2184, 27.11, 84
1789098047.179396434,2184, 27.31, 92
1789098049.223330589,2184, 26.58, 89
1789098051.264974707,2184, 26.86, 90
1789098053.327115548,2184, 26.68, 82
1789098055.375399750,2184, 27.26, 90
1789098057.427110682,2184, 27.47, 91
1789098059.480310712,2184, 27.38, 84
1789098061.529134419,2184, 26.88, 90
1789098063.585525590,2184, 27.95, 90
1789098065.633567113,2184, 26.05, 88
1789098067.683032165,2184, 24.17, 96
1789098069.746301191,2184, 25.43, 96
1789098071.794438907,2184, 24.38, 96
1789098073.844038617,2184, 24.20, 96
1789098075.898302001,2184, 24.59, 80
1789098077.947507047,2184, 24.73, 89
1789098079.996470328,2184, 25.75, 88
1789098082.071730647,2184, 23.96, 91
1789098084.117731792,2184, 24.53, 92
1789098086.169383026,2184, 23.83, 96
1789098088.207673206,2184, 23.93, 93
1789098090.249789172,2184, 24.06, 93
1789098092.299258617,2184, 24.24, 92
1789098094.342195389,2184, 23.01, 88
1789098096.394132712,2184, 23.52, 91
1789098098.434840517,2184, 24.04, 92
1789098100.478935995,2184, 23.00, 93
1789098102.516700704,2177, 24.33, 93
1789098104.567298058,2184, 23.65, 93
1789098106.605333926,2184, 22.60, 92
1789098108.646448141,2184, 22.92, 84
1789098110.686219439,2184, 22.83, 91
1789098112.727824765,2177, 23.54, 83
1789098114.772637972,2184, 22.73, 93
1789098116.813409706,2184, 22.97, 92
1789098118.856270058,2184, 22.72, 93
1789098120.902923699,2184, 22.72, 93
1789098122.948041577,2177, 24.86, 93
1789098124.998817608,2177, 25.34, 91
1789098127.053946129,2184, 24.75, 93
1789098129.098759723,2177, 25.22, 91
1789098131.154185578,2177, 26.93, 89
1789098133.209160710,2177, 26.25, 93
1789098135.258493617,2177, 27.18, 96
1789098137.322501072,2177, 28.30, 92
1789098139.378695966,2177, 28.00, 93
1789098141.432862330,2177, 28.70, 82
1789098143.485348274,2177, 27.81, 93
1789098145.550409296,2177, 27.00, 80
1789098147.598900882,2177, 26.73, 93
1789098149.651799935,2177, 27.45, 96
1789098151.700570505,2177, 27.33, 94
1789098153.797162404,2177, 27.70, 83
1789098155.845759111,2177, 24.50, 96
1789098157.895685188,2177, 24.22, 96
1789098159.940277601,2177, 27.38, 90
1789098161.999305138,2177, 27.65, 96
1789098164.048844260,2177, 27.56, 93
1789098166.096894483,2177, 27.33, 92
1789098168.144309374,2177, 27.73, 96
1789098170.196451267,2177, 27.70, 84
1789098172.260322509,2177, 25.67, 84
1789098174.299789522,2177, 27.87, 96
1789098176.369514017,2177, 30.78, 86
1789098178.417708632,2177, 26.54, 96
1789098180.470205594,2184, 28.08, 81
1789098182.523839959,2177, 27.41, 93
1789098184.569413349,2177, 27.31, 92
1789098186.625683784,2177, 28.07, 92
1789098188.674647549,2177, 27.33, 91
1789098190.717228257,2177, 25.82, 94
1789098192.761238561,2184, 25.84, 92
1789098194.813084121,2184, 25.20, 84
1789098196.861486271,2184, 26.61, 90
1789098198.912999040,2184, 26.46, 90
1789098200.970840856,2184, 25.90, 93
1789098203.019625235,2184, 25.60, 91
1789098205.070661513,2184, 25.62, 82
1789098207.118011293,2184, 26.52, 93
1789098209.171344587,2184, 26.44, 92
1789098211.226793043,2177, 27.07, 83
1789098213.283683831,2184, 24.31, 93
1789098215.328287998,2184, 22.95, 93
1789098217.373578130,2184, 22.74, 93
1789098219.420242946,2177, 26.02, 96
1789098221.484342531,2184, 24.47, 92
1789098223.535931816,2184, 25.15, 94
1789098225.598958083,2184, 23.68, 87
1789098227.643536758,2184, 23.35, 93
1789098229.693038690,2184, 27.62, 94
1789098231.766025372,2184, 28.04, 92
1789098233.823493660,2184, 28.54, 93
1789098235.870374816,2184, 27.70, 93
1789098237.920774318,2184, 27.22, 92
1789098239.972294728,2184, 27.19, 91
1789098242.032803881,2184, 26.89, 89
1789098244.090469656,2184, 27.48, 82
1789098246.160427580,2184, 27.12, 79
1789098248.209002586,2184, 26.32, 82
1789098250.257093829,2184, 27.07, 92
1789098252.318495653,2184, 27.49, 91
1789098254.385730413,2184, 27.33, 81
1789098256.429589041,2184, 28.50, 96
1789098258.488287528,2184, 27.35, 89
1789098260.544443902,2184, 28.00, 90
1789098262.595976947,2184, 27.35, 90
1789098264.641274938,2184, 27.98, 88
1789098266.695051751,2184, 27.80, 96
1789098268.755737309,2184, 27.36, 82
1789098270.816626799,2177, 30.95, 96
1789098272.859524426,2177, 28.62, 90
1789098274.922764324,2184, 26.49, 81
1789098276.981623503,2184, 26.27, 91
1789098279.040063222,2184, 27.50, 93
1789098281.087097281,2184, 27.49, 92
1789098283.143691428,2184, 27.71, 94
1789098285.191822728,2184, 12.23, 0
1789098287.234294014,2184, 20.74, 96
1789098290.688452142,2184, 25.75, 96
1789098292.728930461,2184, 23.96, 96
1789098294.765943931,2184, 22.42, 96
1789098296.796797819,2184, 26.17, 96
1789098298.827716935,2184, 24.90, 96
1789098300.858239249,2184, 17.96, 48
1789098302.887378296,2184, 25.37, 96
1789098304.931289955,2184, 24.66, 96
1789098306.962416819,2184, 16.06, 96
1789098308.995923151,2184, 23.95, 96
1789098311.036414291,2177, 34.64, 96
1789098313.091557706,2177, 27.63, 96
1789098315.128877307,2184, 13.91, 0
1789098317.156592815,2177, 27.27, 96
1789098319.214055804,2184, 33.31, 96
1789098321.255793985,2184, 17.57, 96
1789098327.964517825,2184, 22.09, 96
1789098330.008034712,2177, 26.86, 96
1789098332.057339081,2184, 16.89, 69
1789098334.110563475,2177, 32.21, 96
1789098336.162275853,2177, 37.83, 96
1789098338.199564653,2184, 24.74, 12
1789098340.250203409,2177, 40.24, 96
1789098342.294416824,2184, 13.66, 0
1789098344.323046598,2177, 28.89, 96
1789098346.359020285,2177, 29.99, 96
1789098348.396894815,2184, 12.91, 0
1789098350.427360053,2177, 36.04, 96
1789098352.478291640,2184, 30.45, 96
1789098354.516997298,2184, 13.97, 96
1789098356.546538272,2177, 33.91, 96
1789098358.605394054,2177, 32.42, 96
1789098360.632914464,2184, 26.65, 96
1789098362.682396087,2177, 36.07, 96
1789098364.737776296,2184, 17.65, 0
1789098366.766537065,2177, 36.30, 96
1789098368.810590845,2177, 35.93, 96
1789098370.860833417,2184, 13.62, 0
1789098372.887612628,2177, 35.57, 96
1789098374.936176620,2177, 38.01, 96
1789098376.974665146,2184, 17.80, 96
1789098379.041097520,2177, 37.52, 96
1789098381.083928693,2177, 33.84, 96
1789098383.113777537,2184, 22.70, 96
1789098385.147744327,2184, 27.27, 96
1789098387.195890480,2177, 25.23, 96
1789098389.228687203,2184, 27.94, 96
1789098391.257839157,2184, 13.40, 0
1789098393.287020101,2184, 29.72, 96
1789098395.330553016,2184, 28.00, 96
1789098397.360002435,2184, 26.17, 96
1789098399.394138664,2177, 28.90, 0
1789098401.421401984,2184, 21.96, 96
1789098403.455703376,2184, 25.90, 96
1789098405.513188924,2184, 23.40, 96
1789098407.544627321,2177, 37.25, 96
1789098409.588329003,2184, 18.44, 96
1789098411.641599459,2177, 38.68, 96
1789098413.693806714,2177, 37.77, 96
1789098415.721941600,2184, 18.76, 96
1789098417.771700803,2177, 38.82, 96
1789098419.858350872,2177, 36.32, 96
1789098421.887353831,2184, 26.40, 96
1789098423.946444796,2177, 39.56, 96
1789098425.998513108,2177, 31.06, 96
1789098428.026247741,2184, 23.79, 96
1789098430.075789330,2184, 27.78, 96
1789098432.125698885,2184, 20.89, 96
1789098434.164253807,2184, 24.66, 96
1789098436.210701104,2184, 25.48, 96
1789098438.243529609,2184, 13.34, 56
1789098440.272498595,2184, 26.64, 96
1789098442.302237834,2184, 35.49, 96
1789098444.352373455,2177, 39.73, 96
1789098446.386830366,2184, 13.82, 0
1789098448.420850715,2171, 39.21, 96
1789098450.465844445,2171, 40.56, 96
1789098452.518724295,2184, 14.06, 96
1789098454.550878175,2184, 25.98, 96
1789098456.593544429,2177, 37.80, 96
1789098458.624635281,2184, 20.02, 96
1789098460.665957644,2184, 28.84, 96
1789098462.710670865,2184, 21.46, 96
1789098464.745092972,2184, 23.70, 96
1789098466.783650210,2184, 25.38, 96
1789098468.828253025,2177, 38.93, 96
1789098470.880667112,2184, 24.74, 91
1789098472.927447409,2184, 23.42, 93
1789098474.967567213,2184, 23.03, 93
1789098477.013673746,2184, 22.94, 92
1789098479.061491188,2184, 23.32, 93
1789098481.110106499,2184, 25.82, 93
1789098483.159438703,2184, 25.84, 93
1789098485.209896937,2184, 25.85, 91
1789098487.259657041,2177, 25.94, 91
1789098489.313762355,2177, 26.08, 88
1789098491.368439714,2177, 26.02, 90
1789098493.416438230,2177, 25.73, 90
1789098495.454517919,2177, 26.15, 88
1789098497.508760792,2177, 26.13, 90
1789098499.554919735,2177, 26.01, 93
1789098501.606484687,2177, 26.44, 94
1789098503.652281306,2177, 26.52, 93
1789098505.694494037,2177, 26.51, 90
1789098507.743258585,2177, 27.03, 91
1789098509.790115549,2177, 26.28, 91
1789098511.880213564,2177, 24.25, 93
1789098513.934716821,2177, 23.43, 91
1789098515.983592242,2177, 23.68, 93
1789098518.030783757,2177, 23.11, 93
1789098520.072936827,2177, 23.26, 93
1789098522.117441589,2177, 23.18, 85
1789098524.152950644,2177, 23.40, 92
1789098526.194467389,2177, 23.27, 92
1789098528.241746670,2177, 23.46, 93
1789098530.289018222,2177, 23.58, 82
1789098532.335906781,2177, 23.47, 93
1789098534.378793148,2177, 23.96, 84
1789098536.420008924,2177, 23.49, 92
1789098538.463710183,2177, 23.24, 92
1789098540.505642914,2177, 25.95, 91
1789098542.553753846,2177, 26.33, 93
1789098544.604519062,2177, 26.55, 85
1789098546.653452293,2177, 26.02, 91
1789098548.703279570,2177, 25.71, 91
1789098550.755631067,2177, 26.41, 91
1789098552.809739953,2177, 26.30, 92
1789098554.861384999,2177, 26.32, 90
1789098556.911566572,2177, 26.84, 93
1789098558.968531626,2177, 26.84, 91
1789098561.020543386,2177, 26.77, 90
1789098563.074213367,2177, 26.65, 86
1789098565.131109887,2177, 26.42, 93
1789098567.183142570,2177, 26.43, 84
1789098569.231690902,2177, 26.30, 89
1789098571.285652907,2177, 26.13, 90
1789098573.327250746,2177, 23.52, 92
1789098575.375863584,2177, 23.48, 93
1789098577.425131972,2177, 23.33, 93
1789098579.472264057,2177, 23.65, 84
1789098581.516347038,2177, 23.40, 94
1789098583.564610974,2177, 23.45, 94
1789098585.610301614,2177, 23.48, 92
1789098587.656712332,2177, 23.38, 93
1789098589.699820267,2177, 23.38, 92
1789098591.744117688,2177, 23.52, 93
1789098593.788871490,2177, 23.54, 93
1789098595.841419604,2177, 24.07, 93
1789098597.916064706,2177, 23.53, 93
1789098599.964838307,2177, 24.44, 93
1789098602.018471024,2177, 26.28, 80
1789098604.066464175,2177, 26.41, 89
1789098606.116988042,2177, 26.52, 93
1789098608.167374580,2177, 26.34, 89
1789098610.224917750,2177, 26.59, 93
1789098612.272839487,2177, 26.55, 93
1789098614.325391858,2177, 26.68, 91
1789098616.375321957,2177, 26.25, 89
1789098618.425029368,2177, 26.17, 81
1789098620.480156100,2177, 25.85, 93
1789098622.540039098,2184, 26.06, 93
1789098624.592087174,2177, 26.28, 93
1789098626.641234626,2177, 26.15, 92
1789098628.691145388,2177, 26.00, 92
1789098630.743693106,2177, 26.39, 94
1789098632.790027564,2177, 24.05, 93
1789098634.837844228,2184, 23.28, 93
1789098636.877883664,2184, 23.42, 93
1789098638.919870889,2184, 23.47, 93
1789098640.959695347,2184, 23.28, 91
1789098643.007716980,2184, 23.33, 93
1789098645.053562453,2184, 23.56, 93
1789098647.101500243,2184, 23.45, 93
1789098649.144810067,2184, 22.99, 93
1789098651.182228343,2184, 23.32, 93
1789098653.224545541,2184, 23.28, 93
1789098655.275049531,2184, 23.11, 91
1789098657.326453262,2184, 23.35, 93
1789098659.372733429,2184, 23.35, 92
1789098661.415204573,2184, 25.76, 90
1789098663.471668615,2184, 26.16, 90
1789098665.523957364,2184, 26.34, 92
1789098667.581788266,2184, 26.31, 80
1789098669.642049117,2184, 26.70, 91
1789098671.696435860,2184, 26.63, 93
1789098673.752292887,2184, 26.27, 93
1789098675.805794347,2184, 26.34, 92
1789098677.856601825,2184, 26.06, 94
1789098679.955802298,2184, 26.52, 90
1789098682.001867280,2184, 26.35, 90
1789098684.048382421,2184, 26.30, 91
1789098686.101539554,2184, 25.98, 92
1789098688.151567633,2184, 26.51, 93
1789098690.206763946,2184, 26.59, 93
1789098692.262506769,2184, 25.23, 91
1789098694.305636081,2184, 23.52, 92
1789098696.344311333,2184, 23.03, 92
1789098698.388442786,2184, 22.92, 84
1789098700.431614526,2184, 23.52, 93
1789098702.479663413,2184, 23.12, 93
1789098704.530397320,2184, 23.19, 93
1789098706.577654717,2184, 22.93, 93
1789098708.621707235,2184, 23.18, 92
1789098710.666142872,2184, 23.04, 93
1789098712.704981632,2184, 23.16, 92
1789098714.743401463,2184, 23.33, 93
1789098716.791769220,2184, 23.25, 93
1789098718.831358536,2184, 23.13, 93
1789098720.871069946,2184, 26.17, 93
1789098722.922700016,2184, 26.19, 94
1789098724.973602166,2184, 26.34, 92
1789098727.024842442,2184, 26.70, 85
1789098729.076498284,2184, 26.14, 94
1789098731.125171424,2184, 25.95, 92
1789098733.184230665,2184, 26.68, 93
1789098735.241648338,2184, 26.62, 91
1789098737.298269243,2184, 26.61, 90
1789098739.347251801,2184, 26.26, 93
1789098741.400418706,2184, 26.41, 90
1789098743.452661291,2184, 26.70, 93
1789098745.502577173,2184, 26.57, 93
1789098747.556772185,2184, 26.49, 92
1789098749.604852882,2184, 25.95, 89
1789098751.649798876,2184, 26.76, 93
1789098753.698041762,2184, 23.83, 83
1789098755.744594473,2184, 23.38, 93
1789098757.790868782,2184, 22.93, 93
1789098759.831680984,2184, 23.19, 92
1789098761.881832999,2184, 23.24, 94
1789098763.970051315,2184, 23.14, 85
1789098766.019615696,2184, 23.33, 93
1789098768.069892044,2184, 23.15, 93
1789098770.113563341,2184, 23.31, 93
1789098772.156161069,2184, 23.21, 93
1789098774.198799820,2184, 23.12, 92
1789098776.239262732,2184, 23.43, 93
1789098778.281845497,2184, 23.26, 93
1789098780.327125858,2184, 23.33, 93
1789098782.367215775,2184, 26.22, 93
1789098784.416012418,2184, 25.17, 85
1789098786.465474196,2184, 25.98, 83
1789098788.519586817,2184, 26.00, 94
1789098790.569398016,2184, 26.13, 92
1789098792.616244097,2184, 25.99, 89
1789098794.666014478,2184, 26.26, 90
1789098796.716606137,2184, 26.35, 93
1789098798.784501347,2184, 26.48, 93
1789098800.836521083,2184, 26.24, 88
1789098802.891760094,2184, 26.47, 93
1789098804.947596608,2184, 26.34, 90
1789098807.003112865,2184, 26.74, 92
1789098809.060069359,2184, 25.76, 89
1789098811.109302676,2184, 26.19, 89
1789098813.161142549,2184, 26.25, 90
1789098815.209919367,2184, 23.01, 93
1789098817.254453357,2184, 23.34, 92
1789098819.293277702,2184, 22.99, 92
1789098821.340103976,2184, 23.20, 92
1789098823.384522697,2184, 22.96, 92
1789098825.425464089,2184, 23.05, 92
1789098827.461469567,2184, 23.24, 93
1789098829.501308844,2184, 23.00, 94
1789098831.545246977,2184, 23.45, 93
1789098833.589361660,2184, 23.23, 92
1789098835.639250976,2184, 23.31, 93
1789098837.690311563,2184, 23.38, 92
1789098839.737488891,2184, 23.07, 85
1789098841.829686956,2184, 26.40, 93
1789098843.913884001,2184, 26.02, 93
1789098845.972258968,2184, 25.58, 83
1789098848.014997475,2184, 26.18, 92
1789098850.064868005,2184, 26.05, 90
1789098852.116540160,2184, 26.84, 93
1789098854.170704689,2184, 26.39, 84
1789098856.226165770,2184, 25.97, 93
1789098858.272273432,2184, 25.54, 92
1789098860.324030254,2184, 26.49, 93
1789098862.374868843,2184, 23.38, 93
1789098864.426930320,2184, 23.93, 83
1789098866.467557769,2184, 23.75, 83
1789098868.511578331,2184, 24.75, 87
1789098870.601921083,2184, 25.80, 92
1789098872.661368797,2184, 26.14, 87
1789098874.721963687,2184, 22.79, 94
1789098876.770038999,2184, 23.07, 93
1789098878.812615261,2184, 23.86, 96
1789098880.855553866,2184, 22.57, 93
1789098882.904626176,2184, 23.99, 96
1789098884.951531390,2184, 22.92, 92
1789098886.994924722,2184, 22.60, 93
1789098889.038484334,2184, 23.39, 81
1789098891.082915025,2184, 23.00, 93
1789098893.124468796,2184, 23.07, 81
1789098895.188402321,2184, 23.22, 94
1789098897.233239964,2184, 24.83, 94
1789098899.284919951,2184, 19.00, 87
1789099513.591741413,2177, 11.00, 0
1789099515.626931841,2177, 23.94, 0
1789099517.672456740,2184, 24.74, 86
1789099519.727713758,2184, 24.71, 90
1789099521.777911609,2184, 25.49, 89
1789099523.824338916,2184, 23.59, 82
1789099525.886894434,2184, 25.09, 81
1789099527.936992662,2184, 23.59, 91
1789099529.983356714,2184, 22.83, 90
1789099532.028158060,2184, 22.95, 90
1789099534.078954056,2184, 25.24, 90
1789099536.149108550,2184, 25.20, 86
1789099538.192196194,2184, 25.88, 82
1789099540.244521494,2184, 22.44, 91
1789099542.283505360,2184, 22.82, 91
1789099544.334622192,2184, 23.10, 91
1789099546.377870162,2184, 22.29, 90
1789099548.445240100,2184, 23.29, 90
1789099550.478303064,2184, 23.46, 90
1789099552.519797109,2184, 22.99, 91
1789099554.566241980,2184, 22.56, 92
1789099556.614308785,2184, 23.17, 90
1789099558.655739255,2184, 23.56, 92
1789099560.703088871,2184, 25.09, 90
1789099562.776028901,2184, 25.17, 96
1789099564.840072629,2184, 27.38, 81
1789099566.883738577,2177, 27.34, 96
1789099568.937456404,2177, 26.57, 94
1789099570.979216045,2184, 25.96, 96
1789099573.042835093,2184, 27.01, 96
1789099575.095458082,2177, 26.48, 95
1789099577.133955622,2184, 26.87, 78
1789099579.197807816,2177, 27.11, 89
1789099581.250003806,2184, 24.71, 80
1789099583.289452411,2184, 24.96, 82
1789099585.327182455,2184, 25.11, 77
1789099587.387649234,2177, 27.32, 80
1789099589.438028465,2184, 23.83, 83
1789099591.483451746,2184, 24.50, 87
1789099593.520889525,2184, 24.11, 96
1789099595.569955743,2184, 24.91, 96
1789099597.635005180,2184, 23.82, 96
1789099599.690050558,2184, 24.03, 84
1789099601.740143249,2184, 24.40, 83
1789099603.779448857,2177, 27.27, 80
1789099605.833449941,2177, 26.96, 81
1789099607.874396584,2177, 27.97, 88
1789099609.922032228,2177, 27.92, 79
1789099611.992434015,2184, 25.87, 88
1789099614.058144971,2177, 24.80, 96
1789099616.099729125,2177, 25.00, 96
1789099618.143536108,2177, 27.38, 93
1789099620.201648983,2184, 24.69, 92
1789099622.252067077,2177, 24.97, 91
1789099624.298054548,2184, 23.98, 82
1789099626.349557229,2184, 23.12, 90
1789099628.398872454,2177, 24.38, 94
1789099630.444502352,2177, 23.63, 94
1789099632.490832375,2184, 24.64, 93
1789099634.534688829,2184, 24.03, 83
1789099636.583063119,2184, 23.11, 84
1789099638.624982515,2184, 22.86, 92
1789099640.672103314,2184, 23.12, 89
1789099642.714677666,2184, 23.43, 93
1789099644.787392027,2184, 23.28, 93
1789099646.835982371,2184, 23.34, 92
1789099648.887086519,2184, 23.25, 90
1789099650.928394608,2177, 26.46, 93
1789099652.988116171,2184, 23.47, 93
1789099655.028521745,2184, 23.33, 93
1789099657.069777316,2177, 24.93, 96
1789099659.108929975,2184, 23.65, 92
1789099661.155851043,2184, 23.36, 91
1789099663.220694449,2177, 23.75, 92
1789099665.263554844,2184, 23.60, 94
1789099667.308556468,2184, 23.48, 93
1789099669.386556419,2177, 24.83, 96
1789099671.443054975,2177, 24.98, 96
1789099673.487501185,2177, 24.89, 91
1789099675.543887722,2177, 27.43, 92
1789099677.601011712,2177, 28.02, 92
1789099679.657789845,2177, 25.74, 87
1789099681.706527757,2184, 24.10, 84
1789099683.759179873,2177, 24.00, 80
1789099685.805266520,2177, 24.20, 96
1789099687.854367690,2184, 24.59, 88
1789099689.889404405,2177, 27.60, 90
1789099691.944808176,2184, 25.08, 81
1789099693.996646364,2184, 24.31, 79
1789099696.043472713,2177, 24.44, 86
1789099698.081107195,2177, 24.48, 91
1789099700.131364755,2177, 24.53, 88
1789099702.196462366,2177, 24.33, 95
1789099704.245252787,2177, 26.90, 90
1789099706.296981957,2177, 25.02, 90
1789099708.347766869,2177, 25.48, 96
1789099710.402684545,2177, 24.60, 78
1789099712.454427949,2177, 25.27, 95
1789099714.500773532,2177, 24.71, 81
1789099716.554486435,2177, 25.23, 94
1789099718.609475480,2177, 31.50, 82
1789099720.658124688,2177, 27.60, 91
1789099722.711603475,2177, 27.56, 81
1789099724.803456968,2177, 26.60, 92
1789099726.862119668,2177, 24.46, 92
1789099728.912607620,2177, 25.05, 93
1789099730.967212879,2177, 24.44, 94
1789099733.014178895,2177, 25.18, 96
1789099735.070686197,2177, 24.27, 92
1789099737.128335466,2177, 25.15, 92
1789099739.161092126,2177, 22.85, 91
1789099741.195396800,2177, 24.44, 94
1789099743.245534485,2177, 25.14, 91
1789099745.293553369,2177, 25.96, 93
1789099747.343069628,2177, 25.27, 89
1789099749.399535671,2177, 25.42, 82
1789099751.446923400,2177, 26.41, 91
1789099753.498984371,2177, 26.54, 93
1789099755.548117248,2177, 27.16, 93
1789099757.607016531,2177, 26.30, 91
1789099759.658076219,2177, 26.59, 90
1789099761.708901329,2177, 25.20, 90
1789099763.768535360,2177, 26.88, 90
1789099765.811469129,2177, 27.16, 96
1789099767.868573910,2177, 26.83, 93
1789099769.928246448,2177, 26.77, 89
1789099771.981512749,2177, 26.48, 96
1789099774.026253359,2177, 28.37, 91
1789099776.090513489,2177, 29.70, 78
1789099778.136334447,2177, 27.78, 82
1789099780.197274529,2177, 27.27, 81
1789099782.246323833,2177, 27.45, 91
1789099784.296043280,2177, 27.12, 87
1789099786.342122008,2177, 27.84, 80
1789099788.403447715,2177, 27.35, 80
1789099790.462460879,2177, 27.58, 91
1789099792.514605710,2177, 27.77, 84
1789099794.571402600,2177, 27.95, 92
1789099796.630357599,2177, 28.26, 89
1789099798.697674095,2177, 28.46, 92
1789099800.751061624,2177, 27.95, 96
1789099802.836614935,2177, 28.47, 83
1789099804.892835227,2177, 28.48, 90
1789099806.942444930,2177, 28.47, 84
1789099808.996752484,2177, 28.00, 82
1789099811.043182634,2177, 32.02, 93
1789099813.087511185,2177, 28.73, 89
1789099815.139906528,2177, 28.71, 91
1789099817.185238452,2177, 28.91, 93
1789099819.240042399,2177, 28.23, 96
1789099821.295756120,2177, 27.87, 93
1789099823.347893090,2177, 22.76, 94
1789099825.376910044,2184, 14.06, 0
1789099827.405590309,2184, 18.69, 96
1789099829.432473006,2184, 22.19, 96
1789099831.462331971,2184, 26.88, 96
1789099833.490146521,2184, 23.22, 96
1789099835.523810249,2184, 23.84, 96
1789099837.550602940,2184, 23.55, 96
1789099839.583570698,2184, 22.61, 96
1789099841.611318011,2184, 15.07, 78
1789099843.642113128,2184, 12.38, 0
1789099845.686286474,2184, 14.29, 96
1789099847.706176972,2184, 23.29, 96
1789099849.734820791,2184, 22.45, 96
1789099851.768845516,2184, 21.70, 96
1789099853.803738528,2184, 21.70, 96
1789099855.831500328,2184, 22.20, 96
1789099857.870092646,2184, 23.12, 96
1789099859.900006666,2184, 22.78, 96
1789099861.933436521,2184, 23.82, 96
1789099863.967424487,2184, 22.19, 96
1789099866.003293251,2184, 20.53, 96
1789099868.033296369,2184, 14.41, 96
1789099870.067121212,2184, 14.36, 96
1789099872.099256518,2184, 14.36, 96
1789099874.132194687,2184, 14.32, 96
1789099876.165604646,2184, 14.31, 96
1789099878.196913310,2184, 14.31, 96
1789099880.231566274,2184, 14.28, 96
1789099882.261079000,2184, 14.29, 96
1789099884.294007163,2184, 20.73, 96
1789099886.334037543,2184, 11.90, 0
1789099888.363402826,2184, 14.21, 96
1789099890.391469581,2184, 21.55, 96
1789099892.430466503,2184, 29.92, 96
1789099894.463281764,2184, 26.35, 96
1789099896.519387870,2184, 33.15, 96
1789099898.551144281,2184, 24.16, 96
1789099900.582103812,2184, 26.91, 96
1789099902.612581470,2184, 19.74, 96
1789099904.642530424,2184, 14.84, 0
1789099906.674512319,2177, 24.78, 96
1789099908.724176839,2184, 30.52, 96
1789099910.757799274,2184, 24.67, 96
1789099912.810069678,2177, 33.05, 96
1789099914.856836133,2177, 33.62, 96
1789099916.908621990,2190, 19.36, 96
1789099918.941574966,2177, 22.09, 0
1789099920.976698530,2184, 13.21, 0
1789099923.011965758,2184, 15.99, 96
1789099925.043694267,2177, 33.77, 96
1789099927.090296411,2177, 29.31, 96
1789099929.147641458,2177, 37.56, 96
1789099931.196369950,2177, 37.74, 96
1789099933.228966150,2184, 12.21, 0
1789099935.258780815,2184, 15.89, 96
1789099937.308836887,2177, 37.65, 96
1789099939.359536318,2177, 34.96, 96
1789099941.425902487,2177, 37.73, 96
1789099943.467553235,2177, 26.67, 96
1789099945.501206244,2184, 15.34, 0
1789099947.536132162,2177, 36.94, 96
1789099949.573533422,2177, 36.56, 96
1789099951.616798708,2177, 39.18, 96
1789099953.662550263,2177, 37.11, 96
1789099955.718291393,2184, 12.38, 0
1789099957.748731630,2184, 14.47, 96
1789099959.782519783,2177, 38.41, 96
1789099961.818680638,2177, 36.95, 96
1789099963.852275525,2177, 42.25, 96
1789099965.894957845,2177, 38.83, 96
1789099967.935803556,2184, 14.26, 0
1789099969.966600267,2177, 29.36, 96
1789099972.010296454,2177, 36.90, 96
1789099974.095512272,2177, 40.37, 96
1789099976.147362755,2177, 40.74, 96
1789099978.182203747,2177, 22.62, 0
1789099980.214100195,2184, 15.97, 96
1789099982.247449986,2171, 39.48, 96
1789099984.290350200,2177, 40.00, 96
1789099986.329232416,2177, 40.90, 96
1789099988.389779671,2177, 41.74, 96
1789099990.426836734,2184, 18.46, 0
1789099992.455425452,2184, 14.69, 96
1789099994.488274933,2177, 40.03, 96
1789099996.524276507,2177, 40.16, 96
1789099998.569964456,2171, 43.44, 96
1789100000.627626891,2177, 40.60, 96
1789100002.658050530,2184, 16.67, 81
1789100004.691231478,2184, 14.64, 96
1789100006.719645198,2177, 39.61, 96
1789100008.779710347,2177, 39.00, 96
1789100010.853548268,2177, 42.92, 96
1789100012.903310815,2177, 41.60, 96
1789100014.961532299,2177, 19.62, 0
1789100016.990394205,2184, 14.70, 96
1789100019.019661629,2177, 38.84, 96
1789100021.077350167,2177, 40.56, 96
1789100023.121849818,2177, 39.17, 96
1789100025.180626496,2177, 40.77, 96
1789100027.238035511,2177, 25.86, 89
1789100029.285740901,2177, 25.98, 88
1789100031.339244029,2177, 26.45, 93
1789100033.396207009,2177, 26.36, 92
1789100035.435274691,2177, 26.00, 92
1789100037.490613863,2177, 26.05, 92
1789100039.545717354,2177, 26.08, 91
1789100041.601032140,2177, 26.10, 91
1789100043.658114844,2177, 24.97, 92
1789100045.720072183,2177, 26.03, 92
1789100047.771442234,2177, 26.06, 84
1789100049.811382693,2177, 26.31, 92
1789100051.858404457,2177, 26.52, 85
1789100053.918268226,2177, 26.47, 86
1789100055.973156623,2177, 26.57, 93
1789100058.021011840,2177, 26.30, 93
1789100060.081008758,2177, 26.34, 82
1789100062.123314842,2177, 27.01, 91
1789100064.180250721,2177, 26.70, 92
1789100066.233180603,2177, 27.27, 92
1789100068.286420868,2177, 27.20, 92
1789100070.332123553,2177, 26.43, 94
1789100072.387739318,2177, 26.60, 91
1789100074.444851289,2177, 26.53, 91
1789100076.501665324,2177, 26.68, 93
1789100078.548015174,2177, 26.54, 90
1789100080.597019933,2177, 26.30, 94
1789100082.650994559,2177, 26.31, 88
1789100084.704372193,2177, 26.98, 92
1789100086.756627331,2177, 26.77, 94
1789100088.806232406,2177, 26.67, 93
1789100090.887855934,2177, 26.18, 93
1789100092.933900515,2177, 26.39, 90
1789100094.988079120,2177, 26.73, 91
1789100097.039940862,2177, 26.27, 91
1789100099.092515851,2177, 26.40, 91
1789100101.145606743,2177, 26.84, 90
1789100103.203976205,2177, 26.83, 92
1789100105.247640351,2177, 26.59, 90
1789100107.299391482,2177, 26.26, 93
1789100109.344425433,2177, 26.28, 93
1789100111.389742775,2177, 26.63, 92
1789100113.451908358,2177, 26.83, 93
1789100115.500127968,2177, 26.58, 93
1789100117.553036806,2177, 26.81, 93
1789100119.610141927,2177, 26.44, 89
1789100121.662580636,2177, 27.06, 92
1789100123.712023778,2177, 26.83, 93
1789100125.762297111,2177, 26.81, 91
1789100127.822159907,2177, 26.41, 93
1789100129.870073656,2177, 25.93, 93
1789100131.920458602,2177, 27.31, 94
1789100133.971093276,2177, 27.22, 88
1789100136.017526592,2177, 27.55, 85
1789100138.067531360,2177, 26.77, 91
1789100140.119209967,2177, 26.73, 92
1789100142.164278466,2177, 27.24, 89
1789100144.217370174,2177, 27.18, 93
1789100146.269344906,2177, 26.84, 91
1789100148.326255233,2177, 26.75, 93
1789100150.389647298,2177, 27.05, 83
1789100152.445754824,2177, 26.61, 84
1789100154.495806931,2177, 26.38, 77
1789100156.550352905,2177, 26.69, 80
1789100158.594004408,2177, 26.88, 91
1789100160.638589845,2177, 26.31, 91
1789100162.689548700,2177, 26.99, 90
1789100164.739131556,2177, 27.34, 93
1789100166.790362329,2177, 27.17, 94
1789100168.839440512,2177, 27.09, 90
1789100170.894745408,2177, 27.08, 90
1789100172.945533332,2177, 27.19, 93
1789100174.990571628,2177, 26.85, 90
1789100177.039494736,2177, 27.05, 88
1789100179.086544277,2177, 27.10, 93
1789100181.133643785,2177, 27.06, 90
1789100183.191583028,2177, 26.72, 93
1789100185.240496085,2177, 27.01, 93
1789100187.288732502,2177, 27.12, 93
1789100189.340056804,2177, 27.15, 91
1789100191.400984538,2177, 27.05, 93
1789100193.457877426,2177, 26.72, 89
1789100195.512964826,2177, 26.76, 91
1789100197.565161525,2177, 26.91, 91
1789100199.622078203,2177, 27.16, 93
1789100201.672124790,2177, 27.01, 93
1789100203.727976716,2177, 27.04, 91
1789100205.778719509,2177, 26.99, 93
1789100207.836417016,2177, 26.68, 89
1789100209.888139999,2177, 26.52, 93
1789100211.943597523,2177, 26.43, 93
1789100213.991323628,2177, 26.92, 92
1789100216.046102430,2177, 27.29, 93
1789100218.097298979,2177, 26.40, 93
1789100220.148404104,2177, 26.80, 93
1789100222.201570090,2177, 26.90, 92
1789100224.256540458,2177, 26.20, 81
1789100226.302726993,2177, 27.03, 89
1789100228.356608513,2177, 26.82, 81
1789100230.412903918,2177, 26.69, 88
1789100232.467403340,2177, 26.65, 89
1789100234.520062010,2177, 26.97, 92
1789100236.576357206,2177, 26.85, 92
1789100238.627022821,2177, 26.59, 93
1789100240.675494598,2177, 26.08, 82
1789100242.724201333,2177, 26.55, 89
1789100244.777941328,2177, 26.87, 88
1789100246.836847495,2177, 27.19, 92
1789100248.920418135,2177, 26.82, 91
1789100250.963079994,2177, 26.90, 92
1789100253.026033243,2177, 26.95, 93
1789100255.085049854,2177, 26.81, 92
1789100257.136564008,2177, 26.75, 92
1789100259.184930995,2177, 26.85, 82
1789100261.241957078,2177, 27.08, 93
1789100263.294548077,2177, 26.86, 92
1789100265.348685538,2177, 26.94, 93
1789100267.397339083,2177, 26.82, 92
1789100269.452004446,2177, 27.20, 90
1789100271.504169971,2177, 27.33, 94
1789100273.558118293,2177, 26.72, 93
1789100275.615269285,2177, 27.16, 95
1789100277.658852383,2177, 26.81, 93
1789100279.714284943,2177, 27.08, 90
1789100281.758641223,2177, 26.95, 93
1789100283.813485303,2177, 26.86, 89
1789100285.865761143,2177, 27.03, 89
1789100287.925928641,2177, 27.31, 92
1789100289.973968820,2177, 26.96, 93
1789100292.025888132,2177, 27.33, 92
1789100294.075966068,2177, 27.17, 90
1789100296.127333123,2177, 27.41, 93
1789100298.181238351,2177, 26.76, 81
1789100300.231894893,2177, 26.48, 89
1789100302.284215786,2177, 26.96, 93
1789100304.337319333,2177, 27.43, 93
1789100306.400145047,2177, 27.24, 93
1789100308.457227870,2177, 27.40, 90
1789100310.511090887,2177, 27.33, 93
1789100312.555670311,2177, 27.24, 89
1789100314.604202612,2177, 27.03, 90
1789100316.651612145,2177, 27.15, 93
1789100318.711567026,2177, 27.37, 90
1789100320.767783479,2177, 27.58, 94
1789100322.820567790,2177, 26.81, 91
1789100324.879652798,2177, 26.71, 90
1789100326.926571913,2177, 26.61, 89
1789100328.979943438,2177, 27.11, 93
1789100331.031255220,2177, 26.93, 92
1789100333.088328309,2177, 26.82, 94
1789100335.137605275,2177, 26.58, 91
1789100337.191296526,2177, 27.23, 93
1789100339.240615716,2177, 26.91, 92
1789100341.293666006,2177, 26.60, 93
1789100343.340271981,2177, 27.24, 94
1789100345.396352667,2177, 27.27, 93
1789100347.449672603,2177, 27.22, 94
1789100349.499179567,2177, 26.83, 89
1789100351.553165933,2177, 26.57, 84
1789100353.602207584,2177, 26.24, 85
1789100355.649278356,2177, 25.88, 84
1789100357.703282721,2177, 27.02, 92
1789100359.753264577,2177, 26.52, 91
1789100361.799850116,2177, 26.29, 93
1789100363.850499651,2177, 25.92, 92
1789100365.901774593,2177, 26.31, 89
1789100367.954304717,2177, 26.80, 92
1789100370.003319707,2177, 26.16, 91
1789100372.047954750,2177, 26.38, 89
1789100374.096925787,2177, 26.61, 88
1789100376.147038984,2177, 27.35, 84
1789100378.196370420,2177, 26.61, 92
1789100380.244313362,2177, 28.92, 85
1789100382.295572300,2177, 26.88, 90
1789100384.341890074,2177, 27.34, 96
1789100386.393482035,2177, 26.59, 93
1789100388.444642012,2177, 26.71, 94
1789100390.496258436,2171, 37.10, 96
1789100396.792130525,2184, 12.22, 0
1789100398.822274262,2177, 27.08, 90
1789100400.872805149,2177, 25.47, 91
1789100402.945234320,2177, 26.14, 90
1789100405.003893087,2177, 26.02, 92
1789100407.054964036,2177, 26.22, 93
1789100409.111127348,2177, 25.85, 93
1789100411.158410251,2177, 25.74, 85
1789100413.205842802,2177, 26.04, 87
1789100415.249890651,2177, 25.99, 92
1789100417.292549029,2177, 26.09, 93
1789100419.333910688,2177, 26.00, 92
1789100421.384810018,2177, 26.71, 93
1789100423.430851640,2177, 26.44, 94
1789100425.487921508,2177, 28.40, 67
1789100427.539366500,2177, 26.56, 93
1789100429.597184478,2177, 26.38, 93
1789100431.662029298,2177, 26.46, 90
1789100433.716316383,2177, 25.96, 93
1789100435.754457321,2177, 26.83, 84
1789100437.813100337,2177, 27.13, 93
1789100439.858728244,2177, 26.74, 93
1789100441.911342929,2177, 27.59, 93
1789100443.962266702,2177, 27.76, 91
1789100446.024437538,2177, 27.98, 84
1789100448.074585487,2177, 27.81, 90
1789100450.121464015,2177, 27.84, 85
1789100452.163644866,2177, 27.92, 91
1789100454.215250541,2177, 27.72, 92
1789100456.276012064,2177, 28.18, 91
1789100458.322259071,2177, 28.46, 89
1789100460.373025497,2177, 27.71, 93
1789100462.424589667,2177, 28.16, 91
1789100464.478389610,2177, 28.71, 90
1789100466.535713245,2177, 28.49, 91
1789100468.598405004,2177, 28.56, 93
1789100470.644585784,2177, 27.86, 90
1789100472.696707903,2177, 28.02, 90
1789100474.749755493,2177, 27.86, 92
1789100476.804483465,2177, 28.11, 91
1789100478.859855436,2177, 28.79, 92
1789100480.964792292,2177, 28.62, 91
1789100483.016129594,2177, 27.77, 96
1789100485.079398021,2177, 27.62, 96
1789100487.132932840,2177, 27.10, 86
1789100489.182606254,2177, 27.72, 93
1789100491.238892638,2177, 27.72, 86
1789100493.305677237,2177, 28.16, 94
1789100495.342305621,2177, 27.25, 85
1789100497.400440210,2177, 27.00, 91
1789100499.459101487,2177, 27.59, 91
1789100501.517736539,2177, 28.00, 96
1789100503.565101857,2177, 28.25, 96
1789100505.614187188,2177, 27.80, 92
1789100507.674254702,2177, 31.00, 74
1789100509.730477819,2177, 27.94, 83
1789100511.782849259,2177, 27.86, 95
1789100513.841757173,2177, 28.32, 84
1789100515.907625080,2177, 28.09, 95
1789100517.960288391,2177, 27.71, 93
1789100520.011006134,2177, 27.63, 82
1789100522.066022370,2177, 28.62, 92
1789100524.120610158,2177, 29.26, 96
1789100526.189487405,2177, 28.59, 91
1789100528.235416063,2177, 28.78, 93
1789100530.280440674,2177, 27.77, 90
1789100532.340786552,2177, 27.49, 95
1789100534.382714989,2177, 28.10, 79
1789100536.441878307,2177, 27.97, 81
1789100538.497012460,2177, 28.01, 96
1789100540.561727164,2177, 27.84, 81
1789100542.622842271,2177, 27.71, 81
1789100544.669027711,2177, 28.30, 91
1789100546.716592541,2177, 28.12, 95
1789100548.780160301,2177, 28.26, 92
1789100550.831552903,2177, 28.31, 91
1789100552.880065987,2177, 28.32, 91
1789100554.979717603,2177, 29.14, 82
1789100557.041705251,2177, 28.80, 82
1789100559.104167410,2177, 27.28, 83
1789100561.137895114,2177, 27.66, 80
1789100563.201939511,2177, 28.88, 96
1789100565.256127133,2177, 28.85, 96
1789100567.307815876,2177, 28.75, 96
1789100569.357176973,2177, 28.62, 90
1789100571.409509251,2177, 28.22, 92
1789100573.455441982,2177, 28.58, 93
1789100575.526395028,2177, 29.04, 96
1789100577.584861892,2177, 29.14, 96
1789100579.628206480,2177, 28.85, 83
1789100581.687031503,2177, 29.06, 89
1789100583.736990886,2177, 27.76, 95
1789100585.785301677,2177, 27.99, 91
1789100587.848597927,2177, 28.16, 96
1789100589.908597716,2177, 28.30, 78
1789100591.968947168,2177, 28.31, 82
1789100594.022650145,2177, 28.91, 80
1789100596.066993403,2177, 28.18, 95
1789100598.136638398,2177, 28.19, 83
1789100600.196066698,2177, 28.70, 93
1789100602.266779675,2177, 29.28, 96
1789100604.316848094,2177, 27.87, 83
1789100606.374842826,2177, 29.16, 90
1789100608.420915760,2177, 28.99, 92
1789100610.474234144,2177, 28.95, 93
1789100612.527449791,2177, 29.64, 90
1789100614.590020358,2177, 29.00, 96
1789100616.655979530,2177, 29.37, 83
1789100618.712310421,2177, 28.46, 88
1789100620.771200991,2177, 29.40, 88
1789100622.834221364,2177, 29.01, 96
1789100624.903836035,2177, 28.95, 96
1789100626.994456000,2177, 28.40, 93
1789100629.053542648,2177, 28.39, 92
1789100631.109968386,2177, 28.58, 91
1789100633.164745740,2177, 29.79, 96
1789100635.217933480,2177, 30.04, 91
1789100637.269360006,2177, 31.10, 87
1789100639.334370807,2177, 30.57, 83
1789100641.390330208,2177, 30.00, 89
1789100643.435672290,2177, 28.77, 91
1789100645.488715309,2177, 29.14, 83
1789100647.547245091,2177, 29.13, 80
1789100649.611308851,2177, 29.57, 82
1789100651.669682633,2177, 29.60, 82
1789100653.731236379,2177, 28.59, 96
1789100655.782088695,2177, 29.39, 96
1789100657.833417170,2177, 29.73, 96
1789100659.892188998,2177, 30.15, 84
1789100661.941759954,2177, 30.14, 82
1789100663.999575286,2177, 29.50, 92
1789100666.052962798,2177, 30.64, 91
1789100668.117379836,2177, 29.96, 91
1789100670.175807055,2177, 30.47, 89
1789100672.241290812,2177, 30.96, 87
1789100674.304080714,2177, 30.20, 81
1789100676.357903504,2177, 30.19, 83
1789100678.421123534,2177, 30.20, 93
1789100680.476600579,2177, 29.70, 81
1789100682.524450205,2177, 30.71, 82
1789100684.592845878,2177, 30.40, 88
1789100686.652623670,2177, 29.06, 96
1789100688.714981699,2177, 30.01, 91
1789100690.764167532,2177, 29.97, 92
1789100692.815927826,2177, 30.01, 92
1789100694.869507862,2177, 26.42, 92
1789100696.902255036,2177, 25.34, 96
1789100698.947581639,2177, 18.84, 96
1789100701.033135919,2177, 36.36, 96
1789100703.092058253,2171, 31.21, 96
1789100705.128993711,2177, 16.01, 0
1789100707.158292679,2184, 16.19, 96
1789100709.188411870,2177, 39.40, 96
1789100711.242503840,2177, 37.83, 96
1789100713.293083813,2177, 38.40, 96
1789100715.348278261,2177, 31.91, 96
1789100717.376938269,2184, 15.15, 69
1789100719.406354723,2184, 35.11, 96
1789100721.461307635,2177, 38.33, 96
1789100723.491969496,2177, 38.99, 96
1789100725.543723898,2177, 40.01, 96
1789100727.603382502,2184, 12.43, 0
1789100729.631916284,2177, 25.36, 96
1789100731.673800822,2177, 34.56, 96
1789100733.708054279,2177, 39.20, 96
1789100735.753813821,2177, 32.75, 96
1789100737.784877264,2184, 14.91, 0
1789100739.820008943,2177, 33.37, 96
1789100741.860746826,2177, 35.78, 96
1789100743.911996298,2177, 38.65, 96
1789100745.956059313,2177, 37.08, 96
1789100747.985548516,2184, 12.23, 0
1789100750.018592581,2184, 17.44, 96
1789100752.107387059,2177, 37.27, 96
1789100754.144494255,2177, 32.90, 96
1789100756.175849952,2177, 36.57, 96
1789100758.229290621,2177, 30.07, 48
1789100760.258479344,2184, 15.32, 96
1789100762.287935122,2177, 37.72, 96
1789100764.328492105,2177, 38.82, 96
1789100766.372657598,2177, 39.29, 96
1789100768.414819092,2177, 40.77, 96
1789100770.452058702,2184, 12.16, 0
1789100772.484693388,2184, 15.96, 96
1789100774.529654671,2177, 38.03, 96
1789100776.577303952,2177, 39.99, 96
1789100778.632840665,2177, 40.58, 96
1789100780.668522835,2177, 34.91, 96
1789100782.701454592,2184, 15.01, 0
1789100784.728929122,2177, 35.57, 96
1789100786.764740603,2177, 39.07, 96
1789100788.840441794,2177, 37.90, 96
1789100790.889805023,2177, 40.92, 96
1789100792.945118711,2184, 19.56, 96
1789100794.972607351,2184, 22.85, 96
1789100797.017135561,2177, 36.13, 96
1789100799.049644820,2177, 38.68, 96
1789100801.099617728,2177, 28.55, 0
1789100803.140727571,2184, 14.69, 96
1789100805.169286530,2184, 34.66, 96
1789100807.212031875,2177, 37.78, 96
1789100809.255856372,2177, 38.44, 96
1789100811.294408345,2177, 37.52, 96
1789100813.346181138,2184, 14.19, 0
1789100815.378947852,2184, 27.71, 96
1789100817.430968916,2177, 36.63, 96
1789100819.502793307,2177, 39.17, 96
1789100821.553037941,2177, 39.21, 96
1789100823.603758702,2177, 12.27, 0
1789100825.631541755,2184, 14.36, 96
1789100827.663432244,2177, 38.47, 96
1789100829.691479089,2184, 29.96, 96
1789100831.747365461,2171, 39.78, 96
1789100833.792963873,2177, 33.46, 96
1789100835.825635625,2184, 15.45, 0
1789100837.854858308,2177, 39.30, 96
1789100839.899073825,2177, 38.01, 96
1789100841.952033655,2177, 40.40, 96
1789100843.988522059,2177, 40.26, 96
1789100846.031355065,2184, 15.96, 96
1789100848.064597407,2184, 14.53, 96
1789100850.096360134,2177, 38.84, 96
1789100852.132446474,2177, 39.21, 96
1789100854.177321493,2177, 39.63, 96
1789100856.228064267,2177, 44.54, 96
1789100858.267068140,2184, 12.35, 0
1789100860.300040913,2184, 14.93, 96
1789100862.363340316,2171, 40.07, 96
1789100864.413736497,2177, 41.49, 96
1789100866.463889031,2177, 41.10, 96
1789100868.501281448,2171, 39.51, 96
1789100870.539076957,2184, 14.41, 0
1789100872.571799098,2184, 27.55, 96
1789100874.615261709,2177, 40.86, 96
1789100876.671000240,2177, 41.58, 96
1789100878.707443658,2177, 41.64, 96
1789100880.742589430,2177, 40.38, 96
1789100882.819406208,2184, 14.91, 96
1789100884.853486677,2177, 35.66, 96
1789100886.913043766,2177, 39.80, 96
1789100888.958525804,2171, 40.85, 96
1789100891.029571304,2177, 43.78, 96
1789100893.081892436,2177, 36.33, 96
1789100895.113786572,2184, 14.74, 93
1789100897.143991809,2171, 37.66, 96
1789100899.185335084,2171, 38.56, 96
1789100901.235672813,2177, 44.90, 96
1789100903.283965982,2177, 40.06, 96
1789100905.347673621,2177, 25.83, 88
1789100907.397519759,2177, 26.57, 93
1789100909.441063289,2177, 26.87, 94
1789100911.491636772,2177, 26.86, 93
1789100913.544763205,2177, 26.75, 90
1789100915.594931485,2177, 26.73, 82
1789100917.641445542,2177, 26.46, 92
1789100919.691044379,2177, 26.45, 91
1789100921.739582716,2177, 26.52, 94
1789100923.791980787,2177, 26.75, 90
1789100925.851113776,2177, 26.93, 89
1789100927.905828346,2177, 25.97, 93
1789100929.950846849,2177, 26.36, 91
1789100932.012409609,2177, 26.08, 94
1789100934.056996893,2177, 26.50, 94
1789100936.106365016,2177, 26.94, 92
1789100938.165752328,2177, 26.92, 91
1789100940.219890130,2177, 26.56, 89
1789100942.275411699,2177, 27.02, 92
1789100944.329923885,2177, 26.30, 90
1789100946.379290587,2177, 26.94, 92
1789100948.433201945,2177, 26.80, 93
1789100950.481588658,2177, 26.78, 93
1789100952.540743254,2177, 26.65, 91
1789100954.586815586,2177, 27.03, 84
1789100956.639386417,2177, 26.94, 80
1789100958.689548372,2177, 26.83, 90
1789100960.740030723,2177, 27.19, 92
1789100962.791515878,2177, 26.87, 88
1789100964.847877176,2177, 27.03, 93
1789100966.905045415,2177, 26.58, 93
1789100968.950591628,2177, 26.78, 93
1789100971.009213940,2177, 27.14, 92
1789100973.075874506,2177, 25.68, 93
1789100975.124408577,2177, 26.55, 92
1789100977.170261934,2177, 25.98, 93
1789100979.226205103,2177, 26.40, 90
1789100981.286594308,2177, 26.85, 93
1789100983.338262102,2177, 26.18, 93
1789100985.394450256,2177, 26.23, 93
1789100987.448060679,2177, 26.60, 93
1789100989.502112186,2177, 26.99, 94
1789100991.549713559,2177, 26.72, 89
1789100993.601384145,2177, 26.53, 90
1789100995.652286660,2177, 26.72, 91
1789100997.705209253,2177, 26.93, 91
1789100999.750905409,2177, 26.76, 93
1789101001.790001835,2177, 26.64, 93
1789101003.845799134,2177, 26.55, 93
1789101005.896683763,2177, 26.59, 83
1789101007.949175389,2177, 26.86, 90
1789101010.003792781,2177, 26.77, 93
1789101012.051596281,2177, 27.04, 90
1789101014.114090155,2177, 27.05, 93
1789101016.166886730,2177, 26.99, 92
1789101018.218279706,2177, 26.84, 91
1789101020.279213560,2177, 26.92, 93
1789101022.334603568,2177, 26.58, 90
1789101024.381510544,2177, 27.29, 93
1789101026.429216004,2177, 26.64, 82
1789101028.486654349,2177, 27.11, 93
1789101030.535114051,2177, 27.29, 92
1789101032.593855278,2177, 27.44, 89
1789101034.648675048,2177, 26.96, 89
1789101036.701873893,2177, 26.92, 93
1789101038.754025909,2177, 26.27, 92
1789101040.817000024,2177, 26.39, 92
1789101042.874538915,2177, 26.97, 84
1789101044.928253207,2177, 26.90, 90
1789101046.981268955,2177, 26.38, 94
1789101049.073355373,2177, 26.78, 91
1789101051.135121992,2177, 26.55, 92
1789101053.192720613,2177, 26.69, 89
1789101055.240107394,2177, 26.79, 89
1789101057.298881983,2177, 27.00, 94
1789101059.348056958,2177, 27.10, 90
1789101061.400216472,2177, 26.90, 92
1789101063.440720146,2177, 26.67, 87
1789101065.493126441,2177, 26.27, 90
1789101067.542052127,2177, 26.38, 90
1789101069.593350242,2177, 26.84, 84
1789101071.649920288,2177, 26.62, 92
1789101073.699139622,2177, 26.95, 82
1789101075.737284118,2177, 26.87, 94
1789101077.787013083,2177, 26.87, 90
1789101079.847953624,2177, 27.00, 92
1789101081.888812644,2177, 26.15, 87
1789101083.940011443,2177, 26.58, 79
1789101085.987645127,2177, 26.51, 90
1789101088.032249646,2177, 26.36, 91
1789101090.079883129,2177, 27.08, 94
1789101092.125538085,2177, 26.62, 93
1789101094.175768862,2177, 26.63, 89
1789101096.222932302,2177, 26.58, 91
1789101098.272467266,2177, 27.10, 91
1789101100.326520288,2177, 27.06, 91
1789101102.382808911,2177, 27.13, 91
1789101104.437238055,2177, 27.18, 94
1789101106.489852617,2177, 27.42, 90
1789101108.545687735,2177, 27.00, 91
1789101110.591634950,2177, 26.43, 94
1789101112.641856284,2177, 26.59, 87
1789101114.699442774,2177, 26.78, 94
1789101116.749333996,2177, 26.66, 85
1789101118.790646234,2177, 26.47, 93
1789101120.837715335,2177, 27.00, 90
1789101122.886144148,2177, 26.62, 93
1789101124.937890194,2177, 26.58, 93
1789101127.000585645,2177, 27.11, 90
1789101129.078423925,2177, 26.42, 88
1789101131.128829583,2177, 26.17, 80
1789101133.183616502,2177, 26.83, 89
1789101135.231680859,2177, 26.95, 93
1789101137.283199800,2177, 26.86, 89
1789101139.330930957,2177, 26.42, 81
1789101141.389854434,2177, 26.29, 91
1789101143.431882153,2177, 26.15, 88
1789101145.493098542,2177, 26.76, 89
1789101147.545138239,2177, 26.88, 90
1789101149.594383908,2177, 26.59, 81
1789101151.649978263,2177, 26.38, 90
1789101153.706020364,2177, 26.69, 93
1789101155.750402327,2177, 27.01, 92
1789101157.796936862,2177, 26.70, 91
1789101159.850048410,2177, 26.73, 91
1789101161.911470544,2177, 26.18, 93
1789101163.966273479,2177, 26.89, 91
1789101166.020457434,2177, 26.77, 93
1789101168.072329154,2177, 26.92, 90
1789101170.123100622,2177, 26.75, 93
1789101172.174841501,2177, 26.63, 93
1789101174.234475358,2177, 26.49, 93
1789101176.284980157,2177, 26.43, 91
1789101178.344126879,2177, 26.49, 92
1789101180.400792119,2177, 26.82, 92
1789101182.457887897,2177, 26.70, 91
1789101184.510545895,2177, 26.61, 92
1789101186.562410101,2177, 26.78, 90
1789101188.611394052,2177, 26.85, 89
1789101190.665673469,2177, 26.75, 89
1789101192.723244320,2184, 26.37, 93
1789101194.772673443,2177, 26.76, 93
1789101196.831556586,2177, 26.44, 90
1789101198.883962792,2177, 26.36, 93
1789101200.940260687,2184, 26.76, 89
1789101202.985838162,2184, 27.00, 90
1789101205.037925208,2184, 26.59, 92
1789101207.112015474,2184, 27.61, 91
1789101209.187919975,2177, 27.77, 92
1789101211.235031686,2177, 27.70, 90
1789101213.295145172,2177, 28.39, 92
1789101215.339273829,2177, 27.82, 83
1789101217.394817428,2177, 27.97, 91
1789101219.452611708,2177, 27.96, 96
1789101221.514834221,2177, 28.53, 81
1789101223.578527751,2177, 28.55, 83
1789101225.653646188,2177, 28.60, 80
1789101227.727645683,2177, 29.11, 86
1789101229.782178971,2177, 28.76, 96
1789101231.851807053,2177, 28.58, 96
1789101233.912375662,2177, 28.67, 81
1789101235.974036418,2184, 18.37, 93
1789101238.003888753,2184, 14.48, 96
1789101240.037403998,2177, 37.24, 96
1789101242.074907950,2177, 35.98, 96
1789101244.133805800,2177, 38.16, 96
1789101246.175696261,2177, 25.22, 96
1789101248.208581279,2177, 32.74, 96
1789101250.252345609,2177, 37.34, 96
1789101252.300506208,2177, 36.33, 96
1789101254.341543051,2184, 28.41, 96
1789101256.402062883,2184, 26.19, 91
1789101258.455606466,2184, 26.28, 93
1789101260.512398711,2184, 26.80, 92
1789101262.566659005,2184, 27.39, 90
1789101264.626691996,2184, 26.65, 93
1789101266.672258640,2184, 26.37, 91
1789101268.727421418,2184, 26.60, 93
1789101270.785515588,2184, 26.47, 90
1789101272.836897153,2184, 26.93, 90
1789101274.889403308,2184, 26.45, 90
1789101276.942708351,2184, 26.84, 92
1789101279.000577811,2184, 26.42, 90
1789101281.054987948,2184, 26.58, 93
1789101283.147286541,2184, 26.48, 90
1789101285.205731925,2184, 26.28, 93
1789101287.256250814,2184, 26.29, 94
1789101289.304105968,2184, 26.30, 93
1789101291.358983237,2184, 30.75, 96
1789101293.421930224,2177, 35.90, 96
1789101295.473291593,2184, 29.57, 96
1789101297.522664874,2177, 37.18, 96
1789101299.621509490,2177, 39.39, 96
1789101301.659450981,2177, 39.59, 96
1789101303.712887179,2177, 38.36, 96
1789101305.755659064,2177, 27.00, 93
1789101307.810397526,2184, 25.63, 93
1789101309.863397170,2184, 26.24, 89
1789101311.919765742,2184, 26.36, 92
1789101313.968252136,2184, 25.75, 91
1789101316.010955016,2184, 26.22, 92
1789101318.067020992,2184, 26.14, 92
1789101320.116889095,2184, 26.47, 88
1789101322.175777431,2184, 26.54, 93
1789101324.237622848,2184, 26.16, 89
1789101326.283005982,2184, 26.19, 89
1789101328.331660893,2184, 26.33, 75
1789101330.377747634,2184, 26.74, 89
1789101332.426477500,2184, 26.64, 92
1789101334.486694314,2184, 26.84, 93
1789101336.540607564,2184, 26.43, 90
1789101338.594068059,2184, 26.68, 93
1789101340.654523838,2184, 26.70, 91
1789101342.710309188,2184, 26.61, 90
1789101344.758524666,2184, 26.49, 92
1789101346.814341583,2184, 26.79, 91
1789101348.871408945,2184, 26.80, 90
1789101350.922837640,2184, 26.12, 88
1789101352.972432041,2184, 26.34, 92
1789101355.029283713,2184, 26.73, 91
1789101357.078224648,2184, 26.76, 90
1789101359.166162128,2184, 26.12, 93
1789101361.212734833,2184, 25.50, 93
1789101363.273401665,2184, 26.13, 89
1789101365.330325420,2184, 26.24, 90
1789101367.387548311,2184, 26.29, 92
1789101369.436040728,2184, 26.17, 93
1789101371.495825495,2184, 26.27, 93
1789101373.553467886,2184, 26.23, 93
1789101375.603405631,2184, 26.50, 93
1789101377.651779139,2184, 26.44, 93
1789101379.706741205,2184, 25.90, 93
1789101381.768364278,2184, 26.34, 90
1789101383.815187148,2184, 26.36, 93
1789101385.873623396,2184, 26.31, 93
1789101387.936660249,2184, 26.59, 91
1789101389.988084155,2184, 25.82, 90
1789101392.047021514,2184, 26.27, 90
1789101394.103483056,2184, 26.26, 89
1789101396.147447591,2184, 26.64, 93
1789101398.196927788,2184, 26.45, 87
1789101400.246671288,2184, 26.71, 82
1789101402.299268646,2184, 26.83, 93
1789101404.343421884,2184, 26.34, 90
1789101406.399351621,2184, 26.76, 92
1789101408.447216319,2184, 26.62, 93
1789101410.501722633,2184, 26.67, 90
1789101412.562839378,2184, 26.29, 93
1789101414.617839084,2184, 26.08, 93
1789101416.674503526,2184, 26.43, 90
1789101418.722974513,2184, 26.62, 91
1789101420.778033004,2184, 26.72, 90
1789101422.834230655,2184, 26.59, 89
1789101424.892805949,2184, 26.75, 90
1789101426.950916379,2184, 26.59, 93
1789101429.009200546,2184, 26.82, 92
1789101431.068278059,2184, 26.14, 93
1789101433.126268395,2184, 26.24, 91
1789101435.197592819,2184, 26.43, 92
1789101437.256882534,2184, 26.35, 91
1789101439.310464953,2184, 26.41, 92
1789101441.362283817,2184, 25.86, 93
1789101443.412100676,2184, 26.06, 93
1789101445.457776872,2184, 26.14, 93
1789101447.508494342,2184, 26.07, 93
1789101449.555054638,2184, 26.02, 92
1789101451.603921493,2184, 26.28, 93
1789101453.665715646,2184, 26.34, 93
1789101455.719778523,2184, 25.93, 93
1789101457.775358412,2184, 26.41, 92
1789101459.834520831,2184, 26.09, 93
1789101461.885640932,2184, 25.76, 93
1789101463.940663522,2184, 26.35, 91
1789101465.994973906,2184, 25.95, 92
1789101468.050339582,2184, 26.11, 93
1789101470.104825371,2184, 25.60, 92
1789101472.155616142,2184, 25.82, 91
1789101474.213743278,2184, 26.26, 92
1789101476.262625795,2184, 26.45, 91
1789101478.320180201,2184, 26.22, 92
1789101480.369365185,2184, 26.53, 93
1789101482.421997613,2184, 25.98, 92
1789101484.472653020,2184, 26.61, 90
1789101486.524536573,2184, 26.63, 92
1789101488.575188398,2184, 25.88, 93
1789101490.626445641,2184, 25.95, 89
1789101492.675653943,2184, 26.03, 91
1789101494.727881204,2184, 26.64, 91
1789101496.788010677,2184, 26.23, 93
1789101498.842170786,2184, 25.86, 92
1789101500.891611453,2184, 26.61, 93
1789101502.947810189,2184, 26.50, 91
1789101505.003145060,2184, 26.44, 90
1789101507.055118637,2184, 26.55, 90
1789101509.112250804,2184, 26.35, 94
1789101511.201140467,2184, 25.90, 91
1789101513.250990138,2184, 26.04, 91
1789101515.296517577,2184, 25.96, 90
1789101517.353298076,2184, 26.20, 90
1789101519.410682925,2184, 26.49, 93
1789101521.465204747,2184, 25.55, 93
1789101523.520929904,2184, 25.69, 93
1789101525.563756551,2184, 25.98, 91
1789101527.614790760,2184, 26.17, 91
1789101529.671749250,2184, 26.38, 91
1789101531.723769919,2184, 26.00, 93
1789101533.777002293,2184, 25.86, 91
1789101535.826492462,2184, 25.85, 80
1789101537.874542252,2184, 26.49, 90
1789101539.930200395,2184, 26.34, 93
1789101541.990654709,2184, 26.07, 92
1789101544.044853761,2184, 26.13, 81
1789101546.095299971,2184, 26.30, 90
1789101548.144169129,2184, 26.55, 93
1789101550.193126474,2184, 25.92, 93
1789101552.244979421,2184, 26.03, 92
1789101554.299125625,2184, 25.36, 93
1789101556.343978835,2184, 25.82, 93
1789101558.403319227,2184, 26.63, 94
1789101560.453931369,2184, 26.17, 93
1789101562.512798641,2184, 26.15, 93
1789101564.563500343,2184, 25.84, 92
1789101566.617337588,2184, 26.32, 93
1789101568.671405039,2184, 25.80, 93
1789101570.737609976,2184, 25.76, 91
1789101572.793998235,2184, 25.63, 93
1789101574.843163261,2184, 26.17, 89
1789101576.898284122,2184, 25.97, 90
1789101578.954406369,2184, 25.76, 83
1789101581.004099091,2184, 25.69, 90
1789101583.060411960,2184, 26.23, 93
1789101585.120496477,2184, 26.24, 90
1789101587.196381868,2184, 26.22, 89
1789101589.243043584,2184, 26.16, 93
1789101591.292966141,2184, 26.07, 93
1789101593.342763464,2184, 26.14, 93
1789101595.399205977,2184, 26.25, 93
1789101597.458395372,2184, 26.38, 89
1789101599.508192696,2184, 26.33, 90
1789101601.563821870,2184, 25.99, 93
1789101603.614565767,2184, 26.29, 91
1789101605.676204668,2184, 26.34, 92
1789101607.728919456,2184, 26.22, 89
1789101609.779406906,2184, 25.81, 90
1789101611.836092964,2184, 26.21, 89
1789101613.893040595,2184, 26.17, 91
1789101615.943169502,2184, 26.23, 93
1789101618.003667054,2184, 26.22, 93
1789101620.051403457,2184, 26.36, 93
1789101622.108488203,2184, 26.30, 89
1789101624.155175239,2184, 25.94, 93
1789101626.210218846,2184, 26.40, 92
1789101628.265424811,2184, 26.38, 83
1789101630.317633511,2184, 26.25, 90
1789101632.376926959,2184, 26.38, 92
1789101634.431627138,2184, 26.19, 90
1789101636.483014450,2184, 26.24, 93
1789101638.542917726,2184, 26.42, 92
1789101640.603485672,2184, 26.32, 93
1789101642.654118046,2184, 26.41, 90
1789101644.705282207,2184, 26.40, 91
1789101646.764990799,2184, 26.51, 93
1789101648.817791921,2184, 26.28, 92
1789101650.875470228,2184, 26.17, 91
1789101652.929974887,2184, 26.11, 91
1789101654.974352615,2184, 26.33, 91
1789101657.028222688,2184, 26.28, 90
1789101659.078379636,2184, 26.42, 93
1789101661.134866795,2184, 25.98, 90
1789101663.184863404,2184, 26.06, 93
1789101665.247110951,2184, 26.26, 90
1789101667.308065738,2184, 26.26, 90
1789101669.363468340,2184, 26.18, 92
1789101671.416571659,2184, 26.19, 92
1789101673.474176527,2184, 26.40, 90
1789101675.528004929,2184, 26.25, 93
1789101677.578635926,2184, 25.97, 94
1789101679.628003910,2184, 26.11, 93
1789101681.676910907,2184, 24.50, 93
1789101683.735318408,2184, 26.19, 90
1789101685.784625350,2184, 24.22, 92
1789101687.828134315,2184, 23.61, 93
1789101689.874355755,2184, 23.17, 93
1789101691.919073508,2184, 25.28, 93
1789101693.969245816,2184, 25.32, 93
1789101696.018015591,2184, 26.01, 93
1789101698.069469695,2184, 26.24, 89
1789101700.124583742,2184, 25.70, 90
1789101702.178061493,2184, 26.03, 92
1789101704.225830392,2184, 25.22, 92
1789101706.273098833,2184, 25.83, 93
1789101708.331956971,2184, 26.02, 91
1789101710.382092990,2184, 25.86, 93
1789101712.426440893,2184, 26.01, 93
1789101714.480832107,2184, 26.13, 90
1789101716.527464287,2184, 25.69, 93
1789101718.573044421,2184, 25.50, 93
1789101720.630025288,2184, 25.91, 94
1789101722.682576152,2184, 25.79, 93
1789101724.741303162,2184, 26.08, 87
1789101726.788638397,2184, 25.94, 93
1789101728.842296435,2184, 25.81, 92
1789101730.889756901,2184, 26.29, 90
1789101732.937751051,2184, 26.30, 89
1789101734.993169538,2184, 25.84, 93
1789101737.047335035,2184, 25.67, 90
1789101739.102295195,2184, 25.73, 93
1789101741.153710212,2184, 23.77, 93
1789101743.224078844,2184, 25.98, 90
1789101745.275649031,2184, 23.35, 92
1789101747.318224480,2184, 25.94, 93
1789101749.374709441,2184, 25.60, 90
1789101751.427772333,2184, 25.91, 92
1789101753.483584824,2184, 25.84, 93
1789101755.532142566,2184, 26.01, 92
1789101757.581796449,2184, 25.99, 89
1789101759.626542361,2184, 26.05, 89
1789101761.680566599,2184, 25.99, 84
1789101763.739678252,2184, 26.02, 92
1789101765.796512123,2184, 25.67, 84
1789101767.854016835,2184, 25.51, 90
1789101769.910337712,2184, 26.09, 92
1789101771.958856413,2184, 25.84, 93
1789101774.011560249,2184, 26.28, 92
1789101776.058393914,2184, 25.70, 93
1789101778.111373855,2184, 25.86, 93
1789101780.170295942,2184, 26.10, 91
1789101782.220860600,2184, 26.22, 93
1789101784.276215856,2184, 25.85, 91
1789101786.331071878,2184, 26.35, 94
1789101788.382208458,2184, 25.88, 92
1789101790.431450190,2184, 25.98, 91
1789101792.481962148,2184, 26.16, 90
1789101794.531187761,2184, 25.96, 93
1789101796.580975272,2184, 25.89, 93
1789101798.642222075,2184, 26.45, 92
1789101800.686687990,2184, 26.64, 93
1789101802.733742753,2184, 25.81, 91
1789101804.785177614,2184, 26.14, 91
1789101806.837582715,2184, 25.98, 90
1789101808.892512807,2184, 26.05, 89
1789101810.950362439,2184, 26.30, 92
1789101813.002908951,2184, 26.27, 91
1789101815.057889365,2184, 26.44, 93
1789101817.107561620,2184, 26.57, 93
1789101819.160181111,2184, 26.40, 78
1789101821.228849331,2184, 25.66, 89
1789101823.283163605,2184, 25.92, 89
1789101825.341951642,2184, 25.59, 85
1789101827.396595437,2184, 25.63, 91
1789101829.441530726,2184, 26.34, 95
1789101831.494483607,2184, 25.91, 89
1789101833.544659860,2184, 25.99, 90
1789101835.595470096,2184, 25.88, 93
1789101837.644540194,2184, 26.15, 89
1789101839.693762670,2184, 25.86, 91
1789101841.745204824,2184, 26.34, 93
1789101843.799603656,2184, 26.06, 93
1789101845.846548727,2184, 25.97, 92
1789101847.898114797,2184, 26.20, 93
1789101849.945259425,2184, 26.21, 93
1789101851.996061025,2184, 25.78, 93
1789101854.049623621,2184, 26.33, 93
1789101856.098573302,2184, 25.75, 91
1789101858.149200641,2184, 26.21, 92
1789101860.208136247,2184, 26.00, 92
1789101862.263578004,2184, 26.10, 93
1789101864.312227625,2184, 26.33, 92
1789101866.370567143,2184, 26.72, 90
1789101868.417690994,2184, 26.60, 92
1789101870.466643081,2184, 25.67, 92
1789101872.516843096,2184, 26.53, 92
1789101874.568337822,2184, 26.49, 94
1789101876.619507611,2184, 26.69, 94
1789101878.670883398,2184, 26.46, 93
1789101880.720498588,2184, 25.93, 93
1789101882.779324564,2184, 26.32, 93
1789101884.836128229,2184, 26.30, 89
1789101886.888605816,2184, 26.45, 93
1789101888.942759095,2184, 26.49, 90
1789101890.996626927,2184, 26.42, 90
1789101893.049553162,2184, 26.49, 91
1789101895.102463248,2184, 26.14, 93
1789101897.152955453,2184, 26.34, 93
1789101899.210477880,2184, 26.36, 93
1789101901.303488284,2184, 26.47, 93
1789101903.358665370,2184, 25.81, 92
1789101905.408978231,2184, 25.79, 91
1789101907.455316845,2184, 25.62, 89
1789101909.517853703,2184, 25.75, 91
1789101911.566135657,2184, 26.31, 91
1789101913.629352755,2184, 26.32, 93
1789101915.683771354,2184, 26.09, 93
1789101917.734809135,2184, 26.45, 90
1789101919.785770017,2184, 26.05, 90
1789101921.838552162,2184, 26.24, 91
1789101923.896249183,2184, 26.24, 93
1789101925.948500360,2184, 26.42, 93
1789101928.000226378,2184, 26.45, 90
1789101930.045006988,2184, 25.84, 90
1789101932.088821316,2184, 26.22, 81
1789101934.137709112,2184, 25.91, 90
1789101936.191806764,2184, 25.98, 93
1789101938.241051282,2184, 26.20, 91
1789101940.295535576,2184, 25.81, 93
1789101942.347007553,2184, 25.83, 92
1789101944.404660242,2184, 26.08, 92
1789101946.457740457,2184, 25.92, 92
1789101948.498290064,2184, 26.28, 93
1789101950.552758179,2184, 25.56, 93
1789101952.614738858,2184, 26.29, 93
1789101954.663315577,2184, 26.55, 90
1789101956.721402429,2184, 26.38, 92
1789101958.775511038,2184, 26.11, 92
1789101960.830386231,2184, 26.31, 94
1789101962.886102871,2184, 25.82, 93
1789101964.930578965,2184, 26.04, 93
1789101966.984537560,2184, 26.36, 89
1789101969.028472803,2184, 26.01, 92
1789101971.092247646,2184, 25.86, 89
1789101973.146471366,2184, 26.26, 94
1789101975.203509976,2184, 26.54, 93
1789101977.271362043,2184, 25.64, 92
1789101979.322686702,2184, 25.97, 92
1789101981.380656845,2184, 25.44, 93
1789101983.427117018,2184, 25.72, 91
1789101985.480784407,2184, 26.11, 91
1789101987.545669832,2184, 25.77, 93
1789101989.582736074,2184, 25.96, 90
1789101991.636719121,2184, 25.89, 89
1789101993.682652309,2184, 26.27, 90
1789101995.736963988,2184, 26.22, 90
1789101997.793473097,2184, 26.14, 93
1789101999.848878231,2184, 26.25, 93
1789102001.904653228,2184, 26.27, 92
1789102003.951698024,2184, 26.01, 90
1789102006.004522409,2184, 25.68, 94
1789102008.055447757,2184, 25.67, 92
1789102010.107313981,2184, 25.90, 90
1789102012.157170607,2184, 26.32, 93
1789102014.203839625,2184, 26.35, 89
1789102016.249092428,2184, 25.56, 92
1789102018.304185654,2184, 25.97, 91
1789102020.361045539,2184, 26.35, 91
1789102022.412030083,2184, 26.23, 94
1789102024.462622339,2184, 25.91, 89
1789102026.512940214,2184, 26.25, 93
1789102028.573499299,2184, 26.58, 90
1789102030.626807704,2184, 26.62, 92
1789102032.674460338,2184, 26.17, 92
1789102034.725747855,2184, 25.89, 90
1789102036.774655165,2184, 26.57, 90
1789102038.830308073,2184, 26.50, 91
1789102040.879339251,2184, 26.62, 93
1789102042.936059138,2184, 26.04, 89
1789102044.992194242,2184, 25.86, 96
1789102047.042029234,2184, 26.29, 93
1789102049.098410430,2184, 26.47, 92
1789102051.155089714,2184, 26.26, 90
1789102053.218794982,2184, 26.55, 90
1789102055.304623413,2184, 26.26, 90
1789102057.354100351,2184, 26.28, 92
1789102059.409080492,2184, 26.40, 93
1789102061.466126720,2184, 25.79, 94
1789102063.514451747,2184, 26.22, 93
1789102065.565326433,2184, 26.41, 90
1789102067.619668595,2184, 26.24, 93
1789102069.667290515,2184, 26.23, 88
1789102071.718212182,2184, 25.42, 89
1789102073.770043399,2184, 25.96, 94
1789102075.818055136,2184, 26.23, 94
1789102077.870570340,2184, 26.36, 93
1789102079.923272273,2184, 26.26, 90
1789102081.978923181,2184, 25.84, 93
1789102084.030681376,2184, 26.42, 90
1789102086.088015416,2184, 26.26, 92
1789102088.146107086,2184, 26.41, 93
1789102090.201228547,2184, 25.93, 89
1789102092.257001413,2184, 26.37, 92
1789102094.314606381,2184, 26.37, 93
1789102096.369569016,2184, 26.43, 91
1789102098.431914646,2184, 26.43, 93
1789102100.494920256,2184, 26.02, 91
1789102102.549246942,2184, 25.99, 90
1789102104.596428379,2184, 26.08, 92
1789102106.649286382,2184, 26.57, 90
1789102108.694423452,2184, 26.44, 93
1789102110.744727196,2184, 26.23, 93
1789102112.795312854,2184, 26.57, 91
1789102114.844721024,2184, 26.12, 93
1789102116.897871233,2184, 26.44, 90
1789102118.951792112,2184, 26.66, 93
1789102121.008365613,2184, 25.93, 93
1789102123.068186269,2184, 26.59, 92
1789102125.118230793,2184, 26.48, 93
1789102127.175006147,2184, 26.68, 92
1789102129.223112787,2184, 26.05, 93
1789102131.276081858,2184, 26.32, 92
1789102133.360749170,2184, 26.40, 90
1789102135.409396658,2184, 26.01, 90
1789102137.455584025,2184, 25.94, 93
1789102139.503819578,2184, 26.01, 91
1789102141.558248293,2184, 26.38, 92
1789102143.612030933,2184, 26.31, 90
1789102145.667724686,2184, 26.07, 92
1789102147.719405186,2184, 26.31, 91
1789102149.776174055,2184, 26.29, 92
1789102151.836742964,2184, 26.47, 88
1789102153.888746042,2184, 26.42, 92
1789102155.942625576,2184, 26.34, 90
1789102157.991379370,2184, 25.71, 92
1789102160.048679960,2184, 25.64, 87
1789102162.104238979,2184, 26.48, 92
1789102164.158724529,2184, 26.33, 93
1789102166.212407843,2184, 26.14, 90
1789102168.267327834,2184, 26.01, 93
1789102170.319861994,2184, 26.22, 92
1789102172.380975943,2184, 26.67, 90
1789102174.440348993,2184, 26.53, 93
1789102176.495553559,2184, 26.43, 93
1789102178.555301067,2184, 26.24, 92
1789102180.608548777,2184, 26.69, 90
1789102182.664946618,2184, 25.93, 93
1789102184.715744525,2184, 26.37, 91
1789102186.760571343,2184, 25.92, 92
1789102188.821967114,2184, 26.25, 90
1789102190.871001283,2184, 26.44, 91
1789102192.926687962,2184, 26.42, 92
1789102194.980944755,2184, 26.08, 90
1789102197.032522020,2184, 26.28, 92
1789102199.086800133,2184, 26.64, 90
1789102201.145740629,2184, 26.59, 93
1789102203.198293714,2184, 26.44, 93
1789102205.245825142,2184, 26.59, 93
1789102207.300552124,2184, 26.58, 91
1789102209.381536370,2184, 26.57, 93
1789102211.440533809,2184, 26.63, 89
1789102213.498603942,2184, 26.27, 90
1789102215.548067960,2184, 26.15, 93
1789102217.600835215,2184, 26.19, 91
1789102219.655679091,2184, 25.75, 94
1789102221.705646640,2184, 25.75, 81
1789102223.755648042,2184, 25.92, 93
1789102225.810325572,2184, 26.14, 89
1789102227.864221942,2184, 26.34, 91
1789102229.915414674,2184, 26.35, 94
1789102231.961776119,2184, 26.37, 92
1789102234.017708928,2184, 26.18, 89
1789102236.074537965,2184, 26.54, 92
1789102238.131353176,2184, 26.44, 93
1789102240.177255777,2184, 26.33, 90
1789102242.233081536,2184, 26.20, 93
1789102244.285969943,2184, 26.37, 93
1789102246.343021451,2184, 26.31, 93
1789102248.398729491,2184, 26.69, 92
1789102250.450863104,2184, 26.56, 92
1789102252.504881992,2184, 26.67, 90
1789102254.560032679,2184, 26.38, 92
1789102256.619023504,2184, 26.53, 89
1789102258.677302978,2184, 26.64, 93
1789102260.736631546,2184, 26.71, 91
1789102262.794457253,2184, 26.82, 93
1789102264.857553317,2184, 26.34, 90
1789102266.907318772,2177, 37.52, 96
1789102268.962475945,2184, 26.44, 88
1789102271.015504765,2184, 32.53, 90
1789102273.060840280,2184, 30.95, 90
1789102275.115529814,2184, 26.53, 92
1789102277.170313235,2177, 37.79, 96
1789102279.222579758,2184, 26.36, 91
1789102281.263914618,2177, 32.78, 96
1789102283.319169096,2184, 31.33, 92
1789102285.382975459,2184, 26.60, 84
1789102287.435114042,2177, 32.93, 96
1789102289.507481647,2177, 34.31, 96
1789102291.562207335,2184, 26.28, 91
1789102293.609779501,2184, 26.32, 85
1789102295.672928751,2177, 37.60, 96
1789102297.732257927,2184, 26.76, 90
1789102299.786524970,2184, 37.18, 96
1789102301.834609906,2177, 27.60, 93
1789102303.893114547,2184, 26.46, 93
1789102305.946193918,2177, 37.71, 96
1789102308.000498802,2184, 26.93, 94
1789102310.054785365,2184, 25.51, 83
1789102312.107836160,2184, 26.28, 81
1789102314.156594685,2184, 27.99, 90
1789102316.203672271,2184, 27.92, 90
1789102318.268495548,2184, 27.92, 82
1789102320.319246169,2184, 13.52, 43
1789102322.352100777,2177, 30.56, 96
1789102324.391216869,2177, 35.81, 96
1789102326.433191270,2177, 34.39, 96
1789102328.492084030,2184, 11.98, 0
1789102330.521294888,2184, 14.17, 96
1789102332.553178310,2177, 38.24, 96
1789102334.599642922,2177, 38.83, 96
1789102336.648105805,2177, 38.62, 96
1789102338.692822039,2184, 19.26, 71
1789102340.721560932,2184, 15.93, 96
1789102342.752409537,2177, 39.25, 96
1789102344.788625172,2177, 36.71, 96
1789102346.829538969,2177, 38.75, 96
1789102348.878374950,2177, 36.73, 96
1789102350.958376939,2184, 14.51, 0
1789102352.985591094,2177, 37.73, 96
1789102355.037757502,2177, 38.23, 96
1789102357.079341327,2177, 36.05, 96
1789102359.115990816,2184, 30.50, 15
1789102361.145801669,2184, 14.33, 96
1789102363.175430218,2177, 29.33, 96
1789102365.234953661,2177, 38.22, 96
1789102367.268805554,2177, 37.83, 96
1789102369.310865378,2177, 37.26, 96
1789102371.376544980,2184, 12.12, 0
1789102373.410388256,2184, 19.08, 96
1789102375.504688440,2177, 37.79, 96
1789102377.560990416,2177, 38.80, 96
1789102379.594220879,2177, 37.46, 96
1789102381.640441959,2184, 16.70, 0
1789102383.673378456,2184, 14.47, 96
1789102385.707814677,2177, 39.00, 96
1789102387.776817119,2177, 39.21, 96
1789102389.845754426,2177, 39.52, 96
1789102391.901031243,2177, 37.95, 96
1789102393.963628865,2184, 14.95, 0
1789102395.997988571,2184, 33.47, 96
1789102398.050968213,2177, 38.07, 96
1789102400.093306314,2177, 42.23, 96
1789102402.134003783,2177, 39.84, 96
1789102404.184280247,2184, 16.62, 0
1789102406.215130632,2184, 14.67, 96
1789102408.250324489,2177, 39.63, 96
1789102410.295765042,2177, 41.00, 96
1789102412.337588069,2177, 44.44, 96
1789102414.371687929,2177, 39.56, 96
1789102416.406113826,2184, 12.54, 0
1789102418.438211343,2184, 19.59, 96
1789102420.495860761,2177, 33.60, 96
1789102422.540983267,2171, 27.55, 96
1789102424.580064809,2177, 34.54, 96
1789102426.616415920,2177, 40.95, 96
1789102428.668202624,2177, 44.05, 96
1789102430.736025886,2184, 13.41, 0
1789102432.765546067,2184, 19.21, 96
1789102434.838859004,2177, 38.53, 96
1789102436.876230524,2177, 42.07, 96
1789102438.915772654,2177, 42.02, 96
1789102440.966892272,2177, 41.01, 96
1789102443.029943524,2184, 12.66, 0
1789102445.061089162,2184, 28.64, 96
1789102447.099571412,2177, 40.54, 96
1789102449.143430790,2177, 42.02, 96
1789102451.187207803,2177, 43.13, 96
1789102453.231722073,2177, 41.53, 96
1789102455.282727254,2177, 12.71, 0
1789102457.323067601,2177, 37.17, 96
1789102459.378040416,2171, 39.51, 96
1789102461.507642425,2177, 41.04, 96
1789102463.567551712,2177, 43.77, 96
1789103126.583640031,2177, 10.69, 0
1789103128.617590799,2171, 24.04, 84
1789103130.669927601,2184, 23.17, 83
1789103132.710334430,2184, 21.90, 89
1789103134.759187351,2184, 22.33, 90
1789103136.809084034,2184, 22.17, 81
1789103138.856185627,2184, 23.00, 93
1789103140.913950635,2184, 22.00, 93
1789103142.950547460,2184, 23.41, 87
1789103144.990172890,2184, 22.20, 87
1789103147.031713848,2184, 22.54, 90
1789103149.071127656,2184, 22.73, 89
1789103151.113103170,2184, 22.51, 91
1789103153.164643549,2184, 22.57, 91
1789103155.198198676,2184, 22.17, 90
1789103157.245559234,2184, 25.05, 92
1789103159.326390052,2184, 25.14, 91
1789103161.378134917,2184, 23.81, 91
1789103163.432032462,2184, 25.59, 90
1789103165.500142834,2184, 25.87, 92
1789103167.575628826,2184, 25.15, 93
1789103169.619193554,2184, 25.12, 90
1789103171.666169642,2184, 26.69, 92
1789103173.728337297,2184, 26.76, 82
1789103175.788465355,2184, 28.19, 96
1789103177.831201538,2184, 26.98, 80
1789103179.886445883,2184, 27.11, 81
1789103181.957063605,2184, 26.38, 77
1789103184.013402830,2184, 24.07, 96
1789103186.060359761,2184, 25.14, 79
1789103188.104787380,2184, 23.90, 87
1789103190.150695452,2184, 25.83, 77
1789103192.212128709,2184, 26.82, 79
1789103194.262706145,2184, 27.04, 80
1789103196.323852515,2184, 26.31, 80
1789103198.367711652,2184, 26.96, 82
1789103200.421408601,2184, 25.26, 93
1789103202.484730990,2184, 26.75, 86
1789103204.537366791,2184, 26.40, 96
1789103206.587254318,2184, 27.34, 91
1789103208.634588757,2184, 27.27, 80
1789103210.684229957,2184, 27.33, 80
1789103212.751510898,2184, 27.78, 85
1789103214.817966216,2184, 24.98, 81
1789103216.862031362,2184, 27.67, 94
1789103218.913129936,2184, 27.75, 79
1789103220.971858100,2184, 27.57, 81
1789103223.020021708,2184, 27.01, 80
1789103225.066280551,2184, 27.72, 92
1789103227.110913719,2184, 25.11, 92
1789103229.169978642,2184, 27.08, 93
1789103231.218457826,2184, 26.01, 91
1789103233.272696430,2184, 25.35, 88
1789103235.321719323,2184, 26.61, 84
1789103237.374075591,2184, 25.96, 92
1789103239.422031178,2184, 26.19, 93
1789103241.468569250,2184, 25.53, 91
1789103243.516905169,2184, 25.35, 87
1789103245.581174499,2184, 26.13, 91
1789103247.643633546,2184, 25.69, 90
1789103249.686659749,2184, 26.67, 92
1789103251.739617603,2184, 25.77, 92
1789103253.777584189,2184, 26.22, 90
1789103255.828146297,2184, 25.48, 93
1789103257.868689565,2184, 25.92, 91
1789103259.915390335,2184, 24.34, 96
1789103261.951594695,2184, 25.37, 93
1789103264.011361802,2184, 26.12, 94
1789103266.061233334,2177, 27.74, 90
1789103268.117755204,2177, 28.03, 90
1789103270.177561648,2177, 28.76, 85
1789103272.251238533,2177, 27.45, 91
1789103274.308932098,2177, 27.74, 91
1789103276.353638950,2177, 27.02, 89
1789103278.423438798,2177, 27.29, 96
1789103280.480869666,2177, 27.03, 80
1789103282.546636656,2177, 27.02, 81
1789103284.613589954,2177, 27.64, 93
1789103286.660874057,2177, 26.92, 90
1789103288.716552361,2177, 27.47, 90
1789103290.775182344,2177, 27.86, 80
1789103292.842551955,2177, 27.99, 90
1789103294.896904773,2177, 28.65, 89
1789103296.952386396,2177, 27.90, 81
1789103299.015898171,2177, 27.42, 81
1789103301.061658905,2177, 28.34, 91
1789103303.126473338,2177, 27.83, 84
1789103305.190429477,2177, 28.64, 93
1789103307.259897723,2177, 27.92, 91
1789103309.304021335,2177, 25.18, 96
1789103311.355863114,2177, 28.56, 90
1789103313.406579301,2177, 28.43, 92
1789103315.470444644,2177, 28.06, 92
1789103317.533365195,2177, 27.98, 93
1789103319.612045733,2177, 27.85, 93
1789103321.671248804,2177, 24.14, 94
1789103323.723688461,2177, 25.95, 93
1789103325.776829704,2177, 25.65, 89
1789103327.823262956,2177, 26.63, 90
1789103329.870480659,2177, 27.11, 81
1789103331.929123076,2177, 26.75, 89
1789103333.983817438,2177, 25.36, 80
1789103336.028806306,2177, 25.63, 86
1789103338.080802186,2177, 25.04, 89
1789103340.135678879,2177, 26.14, 89
1789103342.187079343,2177, 25.58, 93
1789103344.233601587,2177, 25.55, 94
1789103346.280937129,2177, 27.03, 93
1789103348.326611332,2177, 26.40, 92
1789103350.372814864,2177, 28.57, 96
1789103352.421588711,2177, 25.99, 91
1789103354.472139846,2177, 27.13, 80
1789103356.516621267,2177, 26.45, 92
1789103358.562211956,2177, 26.89, 93
1789103360.637348560,2177, 28.64, 91
1789103362.696968183,2177, 28.77, 90
1789103364.748538593,2177, 28.56, 81
1789103366.810027310,2177, 28.09, 91
1789103368.869220941,2177, 27.27, 88
1789103370.937705116,2177, 27.54, 79
1789103373.001338382,2177, 28.07, 88
1789103375.056134448,2177, 27.85, 86
1789103377.110308780,2177, 26.89, 91
1789103379.157115615,2177, 27.37, 90
1789103381.203605166,2177, 28.02, 88
1789103383.270626569,2177, 27.67, 84
1789103385.326347701,2177, 28.70, 96
1789103387.384769166,2177, 29.34, 91
1789103389.445498914,2177, 28.65, 91
1789103391.493931170,2177, 28.90, 90
1789103393.555702983,2177, 28.56, 91
1789103395.608115640,2177, 28.11, 96
1789103397.671406066,2177, 25.86, 96
1789103399.725016726,2177, 27.93, 84
1789103401.789823011,2177, 28.81, 96
1789103403.848175341,2177, 28.35, 96
1789103405.902989617,2177, 28.76, 81
1789103407.955195494,2177, 25.86, 91
1789103410.010459818,2177, 27.97, 92
1789103412.062340361,2177, 27.97, 92
1789103414.111184951,2184, 12.54, 0
1789103416.157066963,2184, 21.98, 96
1789103418.180863128,2177, 24.49, 96
1789103420.211281550,2184, 22.97, 96
1789103422.252483164,2184, 22.76, 96
1789103424.284071077,2184, 22.14, 96
1789103426.313261744,2184, 14.61, 96
1789103428.342361800,2184, 14.56, 96
1789103430.370690123,2184, 14.37, 0
1789103432.399985025,2177, 30.66, 96
1789103434.438376837,2184, 13.16, 0
1789103436.471502988,2184, 21.05, 96
1789103438.529007138,2184, 25.71, 96
1789103440.559568440,2177, 32.86, 96
1789103442.594641748,2184, 16.92, 0
1789103444.662663773,2177, 33.19, 96
1789103446.714398078,2177, 35.13, 96
1789103448.762439577,2184, 13.32, 0
1789103450.795240402,2177, 29.84, 96
1789103452.847675378,2177, 32.81, 96
1789103454.900533746,2184, 13.71, 0
1789103456.935017935,2184, 23.93, 96
1789103458.978470410,2177, 28.98, 96
1789103461.018403440,2184, 26.15, 96
1789103463.046319750,2184, 21.09, 65
1789103465.081914562,2184, 20.79, 96
1789103467.117978911,2184, 28.04, 96
1789103469.161401922,2184, 27.95, 96
1789103471.217808935,2184, 25.40, 96
1789103473.285327878,2184, 23.49, 96
1789103475.326710937,2184, 26.94, 96
1789103477.358446551,2184, 27.57, 96
1789103479.398913522,2184, 13.49, 0
1789103481.430273467,2184, 25.08, 96
1789103483.461456433,2184, 25.18, 96
1789103485.513313796,2184, 25.98, 96
1789103487.553697176,2184, 12.32, 0
1789103489.601470161,2184, 27.02, 96
1789103491.657899095,2184, 27.67, 96
1789103493.696589325,2184, 22.80, 96
1789103495.724888619,2177, 30.26, 96
1789103497.761012017,2177, 32.87, 96
1789103499.806134549,2177, 26.35, 96
1789103501.838255794,2184, 26.07, 96
1789103503.894500014,2177, 35.79, 96
1789103505.958982595,2177, 20.42, 0
1789103507.988426078,2177, 36.06, 96
1789103510.047573876,2177, 34.14, 96
1789103512.091326727,2184, 13.17, 0
1789103514.124585058,2177, 34.97, 96
1789103516.177345218,2177, 37.61, 96
1789103518.225142566,2184, 13.99, 96
1789103520.260215814,2177, 36.21, 96
1789103522.315980513,2177, 36.75, 96
1789103524.385279362,2184, 18.43, 96
1789103526.420806560,2184, 27.62, 96
1789103528.478236735,2177, 27.75, 96
1789103530.512073617,2184, 17.32, 0
1789103532.544186617,2177, 35.44, 96
1789103534.575518202,2177, 34.65, 96
1789103536.633081093,2184, 15.22, 19
1789103538.665803115,2177, 35.71, 96
1789103540.749449916,2177, 39.41, 96
1789103542.792283365,2184, 13.67, 0
1789103544.824095266,2177, 38.18, 96
1789103546.856590370,2171, 37.40, 96
1789103548.902609127,2184, 14.22, 96
1789103550.931386416,2184, 30.48, 96
1789103552.960072024,2177, 29.28, 96
1789103554.994200074,2177, 37.92, 96
1789103557.027872297,2184, 22.37, 96
1789103559.059015497,2184, 28.56, 96
1789103561.101724405,2177, 31.54, 96
1789103563.154790294,2177, 24.42, 96
1789103565.182903138,2184, 19.61, 96
1789103567.215692293,2184, 27.98, 96
1789103569.259736643,2177, 39.60, 96
1789103571.303143243,2177, 29.12, 96
1789103573.335551897,2184, 31.65, 96
1789103575.399080744,2177, 40.26, 96
1789103577.452144256,2184, 28.55, 96
1789103579.480342899,2177, 31.86, 96
1789103581.524959899,2177, 40.18, 96
1789103583.602327694,2177, 27.30, 96
1789103585.633514589,2177, 35.83, 96
1789103587.667919372,2177, 40.24, 96
1789103589.718602591,2177, 27.60, 96
1789103591.747021740,2177, 39.19, 96
1789103593.799326629,2171, 41.19, 96
1789103595.846231552,2177, 25.32, 83
1789103597.893631597,2177, 25.72, 91
1789103599.941086456,2177, 26.05, 89
1789103601.988070272,2177, 25.90, 84
1789103604.036968801,2177, 25.82, 81
1789103606.095816948,2177, 25.82, 90
1789103608.146914974,2177, 25.60, 92
1789103610.195659178,2177, 25.83, 92
1789103612.250492405,2177, 25.77, 91
1789103614.296931490,2177, 26.19, 91
1789103616.350378035,2177, 25.74, 92
1789103618.400693091,2177, 25.91, 88
1789103620.449466553,2177, 25.89, 83
1789103622.495824001,2177, 26.28, 88
1789103624.543620655,2177, 26.08, 92
1789103626.593648712,2177, 25.56, 90
1789103628.649141261,2177, 25.99, 93
1789103630.705660069,2177, 26.81, 90
1789103632.758863915,2177, 26.79, 92
1789103634.816174358,2177, 26.29, 93
1789103636.864173374,2177, 26.48, 93
1789103638.920220927,2177, 26.49, 90
1789103640.974392326,2177, 26.13, 82
1789103643.032596128,2177, 26.26, 92
1789103645.084895898,2177, 26.12, 89
1789103647.128353109,2177, 26.83, 93
1789103649.183433148,2177, 26.68, 94
1789103651.228544573,2177, 26.66, 92
1789103653.283836418,2177, 25.88, 84
1789103655.330871723,2177, 26.41, 90
1789103657.383984946,2177, 26.46, 92
1789103659.435496848,2177, 26.54, 93
1789103661.487322063,2177, 26.66, 90
1789103663.540282706,2177, 26.53, 92
1789103665.598871778,2177, 26.18, 90
1789103667.662676732,2177, 26.24, 93
1789103669.712824797,2177, 25.93, 82
1789103671.763986419,2177, 25.93, 84
1789103673.810360750,2177, 26.28, 90
1789103675.860423260,2177, 26.39, 93
1789103677.913825065,2177, 26.62, 91
1789103679.973216117,2177, 26.10, 92
1789103682.014805092,2177, 26.47, 91
1789103684.061313370,2177, 26.23, 90
1789103686.112781386,2177, 26.30, 84
1789103688.158448026,2177, 26.71, 90
1789103690.203985256,2177, 26.29, 93
1789103692.254186974,2177, 26.52, 89
1789103694.308447656,2177, 26.44, 90
1789103696.356189710,2177, 26.08, 87
1789103698.409113423,2177, 26.27, 90
1789103700.464839085,2177, 26.66, 91
1789103702.511329994,2177, 26.50, 93
1789103704.568280605,2177, 26.50, 93
1789103706.626265620,2177, 26.30, 90
1789103708.676307968,2177, 26.31, 92
1789103710.727465922,2177, 26.80, 93
1789103712.780070586,2177, 26.60, 82
1789103714.834581082,2177, 26.43, 84
1789103716.885736904,2177, 26.66, 93
1789103718.940937339,2177, 26.76, 91
1789103720.995020054,2177, 26.39, 90
1789103723.048715951,2177, 26.72, 91
1789103725.099330070,2177, 26.54, 92
1789103727.150094125,2177, 26.35, 88
1789103729.204874536,2177, 26.32, 84
1789103731.247387314,2177, 26.55, 91
1789103733.302127947,2177, 26.59, 90
1789103735.362700498,2177, 26.58, 90
1789103737.410146195,2177, 26.10, 92
1789103739.459515500,2177, 26.32, 90
1789103741.513996944,2177, 26.46, 93
1789103743.564070908,2177, 26.74, 89
1789103745.621116347,2177, 26.54, 91
1789103747.685986642,2177, 26.47, 92
1789103749.737966213,2177, 26.41, 86
1789103751.791617791,2177, 26.53, 92
1789103753.841689814,2177, 26.42, 93
1789103755.891691084,2177, 26.17, 92
1789103757.937808716,2177, 26.52, 89
1789103759.979770102,2177, 26.49, 89
1789103762.028285906,2177, 26.54, 91
1789103764.074873810,2177, 25.90, 91
1789103766.124521953,2177, 26.06, 90
1789103768.183067934,2177, 26.32, 91
1789103770.228060435,2177, 26.60, 92
1789103772.277838480,2177, 26.49, 91
1789103774.326987561,2177, 26.54, 90
1789103776.382587074,2177, 26.68, 93
1789103778.433615923,2177, 26.49, 84
1789103780.481428323,2177, 26.41, 88
1789103782.530631768,2177, 26.51, 91
1789103784.582479755,2177, 26.60, 90
1789103786.628355406,2177, 26.82, 91
1789103788.680111054,2177, 26.70, 90
1789103790.726478513,2177, 26.21, 89
1789103792.780776573,2177, 26.92, 93
1789103794.840930294,2177, 27.05, 93
1789103796.898194752,2177, 26.99, 91
1789103798.953643855,2177, 26.47, 92
1789103801.004379669,2177, 27.08, 89
1789103803.053360192,2177, 27.10, 90
1789103805.104336582,2177, 26.97, 93
1789103807.162302974,2177, 26.79, 93
1789103809.215362397,2177, 26.06, 93
1789103811.266660193,2177, 26.90, 93
1789103813.318465032,2177, 26.90, 93
1789103815.377319633,2177, 26.29, 93
1789103817.434918004,2177, 26.42, 93
1789103819.485172528,2177, 26.01, 90
1789103821.535176953,2177, 26.57, 85
1789103823.582102722,2177, 26.81, 90
1789103825.673045070,2177, 26.25, 90
1789103827.728570578,2177, 26.02, 86
1789103829.773665823,2177, 26.26, 93
1789103831.816998338,2177, 26.62, 93
1789103833.870987707,2177, 26.58, 93
1789103835.923717325,2177, 26.60, 93
1789103837.969258777,2177, 25.64, 89
1789103840.026678322,2177, 26.05, 93
1789103842.069775279,2177, 26.69, 91
1789103844.121258392,2177, 26.55, 93
1789103846.167756405,2177, 26.62, 87
1789103848.220796676,2177, 26.59, 93
1789103850.278763228,2177, 26.85, 91
1789103852.332703614,2177, 26.71, 93
1789103854.388081334,2177, 26.72, 89
1789103856.437131421,2177, 26.66, 93
1789103858.488279375,2177, 26.93, 93
1789103860.536651489,2177, 26.58, 91
1789103862.593490542,2177, 26.11, 89
1789103864.641674957,2177, 26.46, 89
1789103866.697464260,2177, 26.47, 83
1789103868.753957821,2177, 26.53, 94
1789103870.796499789,2177, 26.44, 90
1789103872.854629533,2177, 26.38, 79
1789103874.897351324,2177, 26.53, 92
1789103876.946745069,2177, 26.84, 92
1789103878.995011800,2177, 26.67, 90
1789103881.046081025,2177, 27.12, 90
1789103883.102850294,2177, 26.80, 92
1789103885.157368895,2177, 26.77, 93
1789103887.201451521,2177, 27.09, 93
1789103889.250868046,2177, 26.44, 91
1789103891.304305295,2177, 26.46, 90
1789103893.354626943,2177, 26.89, 93
1789103895.405488434,2177, 27.01, 92
1789103897.457937580,2177, 27.12, 93
1789103899.505407835,2177, 26.54, 93
1789103901.554596947,2177, 26.57, 90
1789103903.607276764,2177, 26.67, 89
1789103905.683591694,2177, 26.58, 93
1789103907.733100197,2177, 26.80, 93
1789103909.790028850,2177, 26.51, 90
1789103911.842893529,2177, 26.79, 92
1789103913.895918896,2177, 26.74, 90
1789103915.945543381,2177, 26.59, 90
1789103917.997362037,2177, 26.46, 92
1789103920.056935244,2177, 26.74, 92
1789103922.109297117,2177, 26.65, 81
1789103924.157637817,2177, 26.97, 92
1789103926.206846264,2177, 26.32, 91
1789103928.263444813,2177, 26.10, 92
1789103930.318704682,2177, 25.80, 90
1789103932.376013026,2177, 25.71, 93
1789103934.424591611,2177, 26.71, 90
1789103936.470336885,2177, 26.01, 90
1789103938.529108098,2177, 25.31, 91
1789103940.566703633,2177, 25.52, 84
1789103942.615043943,2177, 25.20, 81
1789103944.667985507,2177, 26.14, 93
1789103946.723105339,2184, 25.62, 91
1789103948.777640175,2177, 26.78, 91
1789103950.832568644,2177, 26.06, 90
1789103952.879211181,2184, 26.07, 88
1789103954.933118524,2184, 25.79, 82
1789103956.991183503,2177, 26.06, 92
1789103959.042022813,2177, 25.84, 90
1789103961.091343474,2184, 26.25, 91
1789103963.151389917,2184, 26.29, 90
1789103965.207468852,2184, 22.52, 96
1789105946.838597501,2177, 10.97, 0
1789105948.868681302,2184, 22.82, 84
1789105950.910930324,2184, 24.78, 92
1789105952.959320040,2184, 24.68, 86
1789105955.006407423,2184, 25.95, 93
1789105957.062382836,2184, 25.22, 80
1789105959.125566729,2184, 24.95, 79
1789105961.175634582,2184, 24.83, 86
1789105963.229676311,2184, 25.08, 89
1789105965.276794940,2184, 25.47, 89
1789105967.325675025,2184, 25.41, 86
1789105969.375069087,2184, 25.43, 90
1789105971.423035295,2184, 24.84, 86
1789105973.474409452,2184, 24.19, 91
1789105975.518833242,2184, 24.21, 83
1789105977.567161755,2184, 22.40, 90
1789105979.608273761,2184, 22.04, 90
1789105981.655498556,2184, 23.03, 89
1789105983.709541710,2184, 22.61, 92
1789105985.746004069,2184, 22.53, 91
1789105987.792426210,2184, 22.49, 85
1789105989.830419129,2184, 23.34, 93
1789105991.872450462,2184, 24.20, 90
1789105993.947226355,2184, 24.22, 82
1789105995.994559981,2184, 25.20, 83
1789105998.041823544,2184, 24.10, 91
1789106000.086218506,2184, 25.63, 96
1789106002.140422632,2184, 26.43, 82
1789106004.202413546,2184, 26.49, 82
1789106006.269212251,2184, 26.84, 82
1789106008.313686018,2184, 26.96, 81
1789106010.360885695,2184, 27.61, 88
1789106012.400644922,2184, 26.56, 92
1789106014.457474179,2184, 27.00, 96
1789106016.512377965,2184, 26.53, 82
1789106018.550205759,2184, 26.63, 92
1789106020.622566092,2184, 27.66, 90
1789106022.678166954,2184, 27.12, 84
1789106024.737339086,2184, 26.89, 84
1789106026.810430592,2184, 27.57, 88
1789106028.871059965,2184, 27.35, 90
1789106030.926862320,2184, 26.91, 96
1789106032.977294051,2177, 32.08, 1
1789106035.030044659,2177, 27.77, 87
1789106037.078337760,2177, 27.79, 96
1789106039.122242375,2177, 28.18, 90
1789106041.170014317,2177, 27.13, 93
1789106043.222452496,2177, 27.52, 92
1789106045.274519233,2177, 27.33, 92
1789106047.324345875,2177, 26.52, 90
1789106049.383382334,2184, 23.08, 93
1789106051.431939635,2184, 22.50, 93
1789106053.487990736,2184, 22.69, 92
1789106055.537403695,2184, 24.24, 93
1789106057.588068651,2184, 27.00, 90
1789106059.646941283,2177, 26.56, 93
1789106061.697627991,2184, 25.21, 92
1789106063.741005910,2177, 24.69, 87
1789106065.789499576,2184, 24.60, 89
1789106067.834174068,2184, 24.66, 93
1789106069.884203855,2177, 26.74, 84
1789106071.966018181,2184, 26.00, 90
1789106074.016493485,2184, 25.92, 93
1789106076.065091242,2184, 24.76, 93
1789106078.106514667,2177, 25.70, 87
1789106080.160523318,2177, 25.94, 84
1789106082.214414453,2184, 26.27, 89
1789106084.270142467,2184, 25.94, 93
1789106086.318605332,2177, 27.10, 92
1789106088.455734886,2177, 25.49, 91
1789106090.501706470,2177, 25.39, 96
1789106092.567481553,2177, 27.59, 91
1789106094.625984238,2177, 28.03, 91
1789106096.676068320,2177, 26.08, 96
1789106098.721897804,2177, 26.69, 93
1789106100.767962513,2177, 27.46, 81
1789106102.822493196,2177, 27.06, 84
1789106104.865750477,2177, 27.38, 91
1789106106.922506731,2177, 26.96, 90
1789106108.970858458,2177, 27.29, 83
1789106111.025997295,2177, 27.72, 89
1789106113.064619778,2177, 27.76, 83
1789106115.124628168,2177, 28.05, 90
1789106117.185912628,2177, 28.16, 90
1789106119.248543636,2177, 27.76, 82
1789106121.308099926,2177, 27.67, 82
1789106123.371042903,2177, 25.99, 82
1789106125.418629165,2177, 27.65, 82
1789106127.472556928,2177, 27.77, 83
1789106129.531500677,2177, 28.04, 94
1789106131.601768272,2177, 28.29, 96
1789106133.649515785,2177, 28.86, 93
1789106135.709422362,2177, 26.13, 86
1789106137.770589806,2177, 27.98, 92
1789106139.830287859,2177, 27.64, 92
1789106141.887827094,2177, 26.73, 93
1789106143.983143437,2177, 25.27, 80
1789106146.033396429,2177, 26.53, 93
1789106148.081006368,2177, 27.09, 93
1789106150.138173961,2177, 25.95, 93
1789106152.185896951,2177, 25.16, 93
1789106154.235612618,2177, 25.21, 91
1789106156.281481027,2177, 25.32, 90
1789106158.342745534,2184, 23.38, 83
1789106160.392229493,2184, 25.73, 93
1789106162.442503891,2184, 25.12, 91
1789106164.505920826,2184, 25.89, 92
1789106166.562186781,2184, 26.19, 88
1789106168.635114048,2184, 23.94, 92
1789106170.682670781,2184, 25.88, 86
1789106172.724388158,2184, 26.15, 93
1789106174.778739408,2184, 26.05, 92
1789106176.828626160,2184, 27.14, 90
1789106178.881594623,2184, 28.37, 91
1789106180.934083961,2184, 28.34, 90
1789106182.982925568,2184, 28.08, 91
1789106185.040748487,2184, 27.46, 93
1789106187.101250165,2184, 26.98, 82
1789106189.139599277,2184, 27.08, 94
1789106191.191099360,2184, 25.65, 96
1789106193.234228428,2184, 26.90, 96
1789106195.304211876,2184, 27.55, 82
1789106197.362857446,2184, 27.22, 90
1789106199.422306234,2184, 27.25, 96
1789106201.481456900,2184, 26.10, 83
1789106203.527222710,2184, 27.97, 92
1789106205.588432478,2184, 28.20, 91
1789106207.640586887,2184, 28.11, 96
1789106209.705422755,2184, 28.43, 88
1789106211.772088803,2184, 28.25, 81
1789106213.823220776,2184, 27.75, 92
1789106215.873104800,2184, 27.91, 93
1789106217.925120691,2184, 27.94, 82
1789106220.012922237,2184, 27.88, 82
1789106222.082588807,2184, 27.74, 83
1789106224.146962945,2184, 28.21, 92
1789106226.195868813,2184, 24.76, 93
1789106228.243260494,2184, 23.94, 96
1789106230.290446173,2184, 23.94, 93
1789106232.340991332,2184, 14.22, 0
1789106234.369712155,2184, 14.48, 96
1789106236.753282603,2184, 16.18, 96
1789106238.793593580,2177, 28.31, 96
1789106240.835181140,2184, 22.49, 96
1789106242.884013670,2184, 19.63, 96
1789106244.916279187,2177, 26.32, 96
1789106246.953288240,2184, 22.22, 96
1789106248.987020825,2184, 11.73, 0
1789106251.019647692,2184, 21.37, 96
1789106253.056977920,2184, 25.73, 96
1789106255.087637826,2184, 29.01, 96
1789106257.158785521,2177, 21.77, 96
1789106259.202515997,2184, 20.14, 96
1789106261.235175322,2184, 25.07, 96
1789106263.273896002,2184, 24.10, 96
1789106265.318519289,2184, 24.22, 96
1789106267.359071188,2184, 12.49, 0
1789106269.388018711,2184, 14.96, 96
1789106271.415554598,2177, 32.90, 96
1789106273.482584550,2177, 36.91, 96
1789106275.539594230,2177, 36.51, 96
1789106277.582982554,2177, 36.94, 96
1789106279.631565974,2184, 11.83, 0
1789106281.660331265,2184, 37.33, 96
1789106283.708856250,2177, 37.72, 96
1789106285.750556799,2177, 37.39, 96
1789106287.785480799,2177, 28.56, 96
1789106289.821228807,2184, 13.82, 0
1789106291.854095742,2177, 37.07, 96
1789106293.921016545,2177, 36.99, 96
1789106296.001619118,2177, 38.48, 96
1789106298.061878607,2177, 35.43, 96
1789106300.106360063,2184, 14.15, 96
1789106302.136683587,2177, 37.20, 96
1789106304.189503647,2177, 38.68, 96
1789106306.251964065,2177, 38.51, 96
1789106308.288596979,2184, 26.19, 96
1789106310.320349199,2184, 19.75, 0
1789106312.353127326,2184, 15.43, 96
1789106314.384459413,2177, 37.62, 96
1789106316.433854198,2177, 39.07, 96
1789106318.469703472,2177, 39.36, 96
1789106320.532986412,2177, 37.42, 96
1789106322.613292181,2184, 14.60, 0
1789106324.646648297,2177, 38.70, 96
1789106326.707439761,2177, 37.74, 96
1789106328.754211031,2177, 39.78, 96
1789106330.805492636,2177, 40.67, 96
1789106332.834484211,2184, 12.21, 0
1789106334.869405269,2184, 33.20, 96
1789106336.933555796,2177, 34.19, 96
1789106338.989293870,2177, 41.57, 96
1789106341.026953402,2177, 40.45, 96
1789106343.077609085,2177, 21.40, 96
1789106345.110923303,2184, 15.94, 96
1789106347.144135841,2177, 40.01, 96
1789106349.187860326,2177, 38.31, 96
1789106351.245803344,2177, 42.19, 96
1789106353.293417628,2171, 39.29, 96
1789106355.353125309,2184, 12.24, 0
1789106357.385327536,2177, 34.93, 96
1789106359.433186293,2177, 35.11, 96
1789106361.496136389,2171, 41.25, 96
1789106363.537297349,2171, 42.06, 96
1789106365.578091417,2177, 34.33, 96
1789106367.611902923,2184, 14.62, 0
1789106369.646488608,2177, 41.66, 96
1789106371.678101051,2171, 41.55, 96
1789106373.711319933,2177, 42.60, 96
1789106375.755432132,2171, 42.71, 96
1789106377.797489620,2184, 23.62, 96
1789106379.826494341,2184, 17.03, 96
1789106381.869247205,2177, 39.23, 96
1789106383.915858507,2171, 37.96, 96
1789106385.949400162,2171, 41.50, 96
1789106388.020195076,2177, 31.86, 96
1789106390.095604004,2177, 25.74, 91
1789106392.147504995,2177, 25.85, 92
1789106394.195182088,2177, 25.95, 84
1789106396.250590975,2177, 25.90, 92
1789106398.299227054,2177, 25.68, 92
1789106400.356801214,2177, 25.53, 88
1789106402.404433968,2177, 25.84, 92
1789106404.461236881,2177, 25.68, 92
1789106406.510537522,2177, 25.68, 92
1789106408.550408350,2184, 24.59, 84
1789106410.594278686,2184, 25.77, 93
1789106412.648564122,2184, 25.10, 84
1789106414.709036350,2184, 25.94, 89
1789106416.760987742,2184, 25.95, 92
1789106418.814112441,2184, 26.69, 94
1789106420.863474991,2184, 25.55, 92
1789106422.915754824,2184, 25.11, 83
1789106424.956414374,2184, 25.16, 93
1789106427.012867609,2184, 23.28, 92
1789106429.052336664,2184, 23.27, 93
1789106431.093416298,2184, 25.76, 92
1789106433.146674642,2184, 26.08, 92
1789106435.198294985,2184, 26.05, 91
1789106437.252056635,2184, 26.07, 93
1789106439.310911250,2184, 25.88, 93
1789106441.357131832,2184, 25.60, 90
1789106443.413601151,2184, 25.93, 88
1789106445.470400473,2184, 25.72, 91
1789106447.526219815,2184, 26.16, 92
1789106449.579486975,2184, 25.44, 90
1789106451.635547129,2184, 25.47, 92
1789106453.684896882,2184, 25.44, 92
1789106455.733492700,2184, 26.03, 92
1789106457.784380190,2184, 25.82, 94
1789106459.841037739,2184, 25.22, 89
1789106461.890187697,2184, 25.55, 93
1789106463.939333293,2184, 26.07, 93
1789106465.994679919,2184, 26.21, 92
1789106468.081191906,2184, 25.68, 93
1789106470.138760148,2184, 25.70, 90
1789106472.186485610,2184, 25.51, 92
1789106474.233303986,2184, 25.80, 92
1789106476.283183831,2184, 25.06, 93
1789106478.336219849,2184, 25.71, 94
1789106480.378788487,2184, 25.63, 86
1789106482.432893060,2184, 25.41, 91
1789106484.478005738,2184, 25.80, 92
1789106486.536876996,2184, 25.78, 89
1789106488.586988403,2184, 25.48, 93
1789106490.635098479,2184, 26.02, 90
1789106492.683391501,2184, 25.47, 91
1789106494.737433942,2184, 25.44, 92
1789106496.793570968,2184, 25.49, 88
1789106498.847032336,2184, 25.87, 91
1789106500.906360657,2184, 26.14, 89
1789106502.964108921,2184, 25.81, 91
1789106505.013710924,2184, 25.99, 91
1789106507.069527781,2184, 25.73, 82
1789106509.115954838,2184, 26.26, 90
1789106511.165086489,2184, 26.40, 93
1789106513.222260856,2184, 26.01, 88
1789106515.276145828,2184, 25.94, 91
1789106517.331519807,2184, 25.79, 93
1789106519.384020081,2184, 26.27, 92
1789106521.436476790,2184, 25.47, 90
1789106523.492389537,2184, 25.84, 89
1789106525.540850316,2184, 26.16, 90
1789106527.591844232,2184, 26.03, 92
1789106529.639935627,2184, 26.13, 93
1789106531.689537724,2184, 26.45, 92
1789106533.737005656,2184, 26.30, 86
1789106535.796853564,2184, 25.94, 83
1789106537.853454426,2184, 25.76, 92
1789106539.913260273,2184, 25.99, 92
1789106541.960339190,2184, 26.01, 93
1789106544.022914925,2184, 25.88, 91
1789106546.097543840,2184, 25.82, 92
1789106548.157408555,2184, 26.04, 92
1789106550.213007546,2184, 25.59, 92
1789106552.256892393,2184, 25.67, 92
1789106554.312310443,2184, 24.82, 93
1789106556.350462912,2184, 25.55, 91
1789106558.399197715,2184, 25.82, 90
1789106560.449244341,2184, 25.69, 90
1789106562.502125093,2184, 25.85, 93
1789106564.548316901,2184, 25.33, 88
1789106566.600880455,2184, 25.75, 93
1789106568.658113711,2184, 25.81, 90
1789106570.708674584,2184, 25.85, 92
1789106572.763665529,2184, 25.71, 93
1789106574.819125268,2184, 26.04, 90
1789106576.868770196,2184, 25.69, 88
1789106578.920798421,2184, 25.25, 84
1789106580.982668670,2184, 25.97, 92
1789106583.032326009,2184, 25.71, 90
1789106585.085537464,2184, 26.20, 89
1789106587.143511323,2184, 25.41, 93
1789106589.195323223,2184, 25.97, 91
1789106591.244178595,2184, 26.04, 92
1789106593.299990426,2184, 26.05, 92
1789106595.354665309,2184, 26.18, 93
1789106597.400535206,2184, 25.92, 92
1789106599.457704549,2184, 26.15, 93
1789106601.509074262,2184, 25.88, 92
1789106603.565946532,2184, 26.08, 90
1789106605.618466290,2184, 25.91, 93
1789106607.666814238,2184, 25.38, 92
1789106609.716189035,2184, 25.93, 92
1789106611.764533361,2184, 26.14, 90
1789106613.816039150,2184, 26.11, 92
1789106615.873495584,2184, 26.35, 88
1789106617.921476479,2184, 26.26, 92
1789106619.977470172,2184, 24.80, 80
1789106622.022230153,2184, 25.84, 83
1789106624.101799593,2184, 26.08, 93
1789106626.149749417,2184, 25.71, 92
1789106628.199482095,2184, 25.63, 93
1789106630.244744102,2184, 25.75, 88
1789106632.293378128,2184, 25.58, 82
1789106634.348225213,2184, 25.82, 93
1789106636.401126732,2184, 25.81, 90
1789106638.447333684,2184, 24.85, 92
1789106640.504631942,2184, 25.19, 90
1789106642.557621253,2184, 25.71, 93
1789106644.613545757,2184, 25.62, 92
1789106646.662545808,2184, 26.00, 89
1789106648.719035687,2184, 25.72, 91
1789106650.766716718,2184, 26.13, 92
1789106652.823264313,2184, 25.59, 93
1789106654.877580825,2184, 25.73, 92
1789106656.934757137,2184, 25.53, 93
1789106658.988547083,2184, 25.88, 92
1789106661.039588591,2184, 25.70, 89
1789106663.100524907,2184, 25.22, 85
1789106665.140842622,2184, 25.61, 93
1789106667.190180275,2184, 25.41, 90
1789106669.234759480,2184, 25.45, 87
1789106671.276590118,2184, 26.39, 93
1789106673.327486229,2184, 25.47, 90
1789106675.374599080,2184, 25.70, 90
1789106677.423444865,2184, 25.97, 93
1789106679.474924005,2184, 26.15, 93
1789106681.527254120,2184, 26.17, 92
1789106683.579835937,2184, 26.03, 93
1789106685.632093303,2184, 25.95, 89
1789106687.685101196,2184, 26.11, 93
1789106689.742537128,2184, 25.66, 92
1789106691.798240240,2184, 25.66, 92
1789106693.848039188,2184, 26.22, 93
1789106695.902667737,2184, 25.59, 93
1789106697.955948326,2184, 25.56, 88
1789106700.012907137,2184, 25.58, 93
1789106702.064110342,2184, 26.09, 89
1789106704.152141123,2184, 25.97, 93
1789106706.213595492,2184, 25.85, 90
1789106708.272638856,2184, 25.74, 90
1789106710.318964147,2184, 25.97, 91
1789106712.378782670,2184, 25.65, 93
1789106714.424504270,2184, 25.39, 89
1789106716.476799404,2184, 25.54, 93
1789106718.533155060,2184, 25.59, 93
1789106720.586654387,2184, 25.68, 93
1789106722.636557697,2184, 25.65, 92
1789106724.686050571,2184, 25.41, 91
1789106726.748733592,2184, 26.09, 93
1789106728.804831862,2184, 25.25, 83
1789106730.862758598,2184, 24.74, 92
1789106732.918022203,2184, 25.31, 88
1789106734.966242420,2184, 23.52, 96
1789106737.006595723,2184, 22.42, 92
1789106739.047945470,2184, 21.92, 92
1789106741.096058587,2184, 25.11, 90
1789106743.158516624,2184, 25.07, 91
1789106745.213649948,2184, 25.14, 90
1789106747.261473630,2184, 25.61, 90
1789106749.313687574,2184, 25.18, 91
1789106751.361360454,2184, 26.11, 81
1789106753.422677637,2184, 25.01, 89
1789106755.466475371,2184, 27.09, 96
1789106757.512583805,2184, 25.31, 90
1789106759.570158182,2184, 26.06, 86
1789106761.621466665,2184, 25.47, 90
1789106763.673571305,2184, 25.83, 93
1789106765.717095661,2184, 14.05, 96
1789106767.749959257,2184, 13.97, 96
1789106769.779298257,2177, 37.79, 96
1789356648.675350312,2184, 11.27, 0
1789356650.706334908,2184, 24.48, 90
1789356652.762936821,2184, 24.74, 89
1789356654.815365576,2184, 24.28, 89
1789356656.862213035,2184, 25.55, 90
1789356658.904331658,2184, 25.72, 81
1789356660.957592583,2184, 25.41, 92
1789356663.007345022,2184, 24.99, 84
1789356665.051929762,2184, 24.96, 91
1789356667.103507745,2184, 25.43, 89
1789356669.151961623,2184, 25.11, 89
1789356671.202392887,2184, 25.85, 82
1789356673.247474997,2184, 25.25, 90
1789356675.291964596,2184, 25.20, 93
1789356677.343410078,2184, 25.35, 86
1789356679.416230503,2184, 26.31, 75
1789356681.462308318,2184, 25.56, 90
1789356683.507256726,2184, 25.24, 79
1789356685.559587033,2184, 25.20, 85
1789356687.606548681,2184, 27.10, 78
1789356689.661106387,2184, 26.93, 92
1789356691.712721107,2184, 28.34, 96
1789356693.775867281,2184, 26.63, 81
1789356695.827144480,2184, 26.84, 92
1789356697.880593864,2184, 26.16, 88
1789356699.938958193,2184, 25.90, 79
1789356702.001747499,2184, 26.52, 96
1789356704.062236811,2184, 26.83, 78
1789356706.116512332,2184, 26.54, 85
1789356708.159935692,2184, 26.47, 89
1789356710.220694024,2184, 26.73, 90
1789356712.286663507,2184, 26.94, 80
1789356714.356745569,2184, 27.28, 78
1789356716.406407770,2184, 26.92, 92
1789356718.460116663,2184, 26.55, 90
1789356720.520602174,2184, 26.83, 82
1789356722.584578138,2184, 27.37, 87
1789356724.641591865,2184, 26.98, 94
1789356726.702551532,2184, 26.97, 96
1789356728.768915981,2184, 26.62, 81
1789356730.831455017,2184, 27.57, 80
1789356732.893289846,2184, 27.35, 96
1789356734.951625676,2184, 27.72, 90
1789356736.999557904,2184, 27.75, 93
1789356739.051725302,2184, 27.59, 93
1789356741.109897497,2184, 27.44, 94
1789356743.150442944,2184, 26.90, 93
1789356745.205062828,2184, 26.00, 92
1789356747.250693074,2184, 25.78, 88
1789356749.305767530,2184, 26.27, 92
1789356751.355255746,2184, 25.87, 92
1789356753.437334937,2184, 25.19, 90
1789356755.494736568,2184, 25.40, 84
1789356757.546213927,2184, 25.83, 89
1789356759.589873532,2184, 25.47, 92
1789356761.644651904,2184, 25.93, 92
1789356763.691595465,2184, 26.33, 93
1789356765.741172954,2184, 25.62, 93
1789356767.779509868,2184, 28.06, 82
1789356769.836802836,2184, 25.45, 83
1789356771.883790906,2184, 26.05, 93
1789356773.939211685,2184, 25.87, 94
1789356775.988620738,2184, 26.82, 92
1789356778.039062587,2184, 27.01, 92
1789356780.100607537,2184, 28.28, 96
1789356782.144133853,2184, 27.23, 83
1789356784.196619900,2184, 26.65, 96
1789356786.256386406,2184, 26.08, 82
1789356788.314640978,2184, 26.08, 79
1789356790.371264019,2184, 26.76, 78
1789356792.427817075,2184, 26.71, 80
1789356794.467666467,2184, 26.42, 90
1789356796.520097822,2184, 26.71, 96
1789356798.558521617,2184, 27.17, 95
1789356800.609474125,2184, 27.40, 83
1789356802.670350972,2184, 28.39, 81
1789356804.723516352,2184, 26.76, 96
1789356806.774521562,2184, 27.12, 90
1789356808.828931945,2184, 27.58, 91
1789356810.886732349,2184, 28.08, 91
1789356812.939781263,2184, 27.56, 83
1789356814.995334999,2184, 27.00, 80
1789356817.052235515,2184, 27.07, 89
1789356819.098597854,2184, 28.29, 80
1789356821.142843126,2184, 27.65, 81
1789356823.204546089,2184, 28.58, 94
1789356825.249283822,2184, 27.67, 90
1789356827.301425419,2184, 27.47, 93
1789356829.354382550,2184, 27.38, 92
1789356831.433908912,2177, 26.90, 94
1789356833.487166216,2184, 25.74, 91
1789356835.539859233,2184, 25.65, 86
1789356837.598204408,2184, 25.77, 81
1789356839.648598918,2184, 26.58, 96
1789356841.696371066,2184, 25.88, 84
1789356843.744562845,2184, 25.03, 92
1789356845.790164791,2184, 25.42, 89
1789356847.829329875,2184, 25.75, 89
1789356849.876413494,2184, 25.82, 90
1789356851.926578800,2184, 25.85, 90
1789356853.977602118,2184, 26.39, 96
1789356856.024620503,2184, 25.12, 78
1789356858.075048718,2184, 27.81, 96
1789356860.122112557,2184, 25.78, 90
1789356862.170022298,2184, 26.63, 75
1789356864.218398244,2184, 26.40, 93
1789356866.267220443,2184, 26.03, 90
1789356868.323423116,2184, 27.72, 92
1789356870.381646743,2184, 27.64, 80
1789356872.428466146,2184, 27.45, 89
1789356874.497077612,2184, 27.31, 80
1789356876.558575850,2184, 26.84, 90
1789356878.607679996,2184, 26.81, 88
1789356880.656546254,2184, 26.80, 88
1789356882.715636705,2184, 27.11, 96
1789356884.773695158,2184, 27.10, 79
1789356886.832682696,2184, 26.92, 90
1789356888.894273601,2184, 27.24, 96
1789356890.947608946,2184, 27.35, 83
1789356892.985903295,2184, 27.62, 92
1789356895.051592362,2184, 27.33, 91
1789356897.107491169,2184, 28.18, 92
1789356899.164061109,2184, 27.96, 91
1789356901.215893559,2184, 28.58, 88
1789356903.276562155,2177, 28.08, 83
1789356905.333251470,2177, 27.31, 81
1789356907.389114142,2177, 27.17, 91
1789356909.500883944,2177, 28.26, 96
1789356911.553786125,2177, 27.74, 92
1789356913.610022918,2177, 28.69, 83
1789356915.661953964,2177, 27.42, 93
1789356917.713527236,2177, 27.47, 93
1789356919.762559155,2177, 27.48, 92
1789356921.814063443,2184, 12.25, 0
1789356923.843345223,2184, 27.39, 96
1789356925.903329627,2184, 20.31, 96
1789356927.957368999,2177, 29.59, 96
1789356930.005919243,2184, 31.42, 96
1789356932.037915507,2184, 12.18, 0
1789356934.076856596,2184, 15.46, 96
1789356936.099166234,2184, 30.84, 96
1789356938.138112329,2177, 33.35, 96
1789356940.196267404,2184, 25.37, 96
1789356945.102720931,2177, 35.85, 96
1789356947.149895535,2184, 11.99, 0
1789356949.178610507,2184, 15.65, 96
1789356951.209451002,2177, 35.38, 96
1789356953.262387930,2177, 37.85, 96
1789356955.318702768,2177, 38.04, 96
1789356957.357076012,2177, 32.25, 96
1789356959.394522493,2184, 11.96, 0
1789356961.435681064,2184, 19.78, 96
1789356963.499623844,2177, 37.58, 96
1789356965.535561338,2184, 23.39, 96
1789356967.578366106,2177, 40.28, 96
1789356969.618503239,2177, 33.45, 96
1789356971.650443370,2184, 11.98, 0
1789356973.681464629,2184, 19.96, 96
1789356975.714105889,2177, 38.54, 96
1789356977.750871004,2177, 38.56, 96
1789356979.783892209,2177, 38.12, 96
1789356981.834194876,2184, 12.06, 0
1789356983.864245308,2184, 15.98, 96
1789356985.895526926,2177, 36.95, 96
1789356987.945272889,2177, 37.19, 96
1789356989.999538276,2177, 38.32, 96
1789356992.063321458,2177, 26.70, 96
1789356994.118076677,2184, 11.97, 0
1789356996.148834658,2184, 18.75, 96
1789356998.199758863,2177, 37.75, 96
1789357000.256421537,2177, 39.20, 96
1789357002.289756384,2177, 38.94, 96
1789357004.357080646,2184, 19.96, 63
1789357006.388490586,2184, 15.55, 96
1789357008.419652075,2184, 36.67, 96
1789357010.481792020,2177, 38.03, 96
1789357012.533614819,2177, 39.20, 96
1789357014.568791279,2177, 38.24, 96
1789357016.619901000,2184, 12.01, 0
1789357018.647097379,2184, 14.25, 96
1789357020.678282702,2177, 39.35, 96
1789357022.746559861,2177, 39.16, 96
1789357024.803777921,2177, 40.99, 96
1789357026.856136634,2177, 39.13, 96
1789357028.913425381,2184, 11.99, 0
1789357030.944854335,2184, 14.19, 96
1789357032.974245715,2177, 37.62, 96
1789357035.002126914,2177, 34.48, 96
1789357037.051371456,2177, 41.80, 96
1789357039.098112293,2177, 39.33, 96
1789357041.135661994,2184, 12.03, 0
1789357043.164071888,2184, 15.80, 96
1789357045.223828839,2177, 40.44, 96
1789357047.261431522,2177, 39.39, 96
1789357049.305585621,2171, 40.79, 96
1789357051.359731117,2177, 41.67, 96
1789357053.399881158,2184, 12.02, 0
1789357055.433499755,2184, 19.69, 96
1789357057.580873366,2177, 39.66, 96
1789357059.642126701,2177, 41.80, 96
1789357061.683770131,2177, 40.92, 96
1789357063.734887629,2177, 41.85, 96
1789357065.781068169,2184, 12.10, 0
1789357067.809158764,2184, 22.24, 96
1789357069.855445695,2177, 37.46, 96
1789357071.897187624,2171, 39.94, 96
1789357073.935258552,2177, 43.45, 96
1789357075.974646161,2177, 21.75, 0
1789357078.008675101,2184, 14.01, 0
1789357080.040935800,2177, 38.62, 96
1789357082.086128417,2177, 38.92, 96
1789357084.128656439,2177, 37.75, 96
1789357086.167705046,2177, 33.68, 96
1789357088.201823916,2184, 15.19, 96
1789357090.233078639,2177, 37.81, 96
1789357092.294159858,2177, 38.49, 96
1789357094.337041412,2177, 37.78, 96
1789357096.369418844,2184, 30.23, 0
1789357098.398371503,2184, 15.19, 96
1789357100.431508855,2177, 38.74, 96
1789357102.502575972,2177, 38.29, 96
1789357104.550960309,2177, 38.44, 96
1789357106.588421116,2177, 38.06, 96
1789357108.625097400,2184, 29.60, 96
1789357110.661443515,2177, 36.21, 96
1789357112.743632487,2177, 40.56, 96
1789357114.788673072,2177, 40.05, 96
1789357116.839623154,2177, 19.60, 0
1789357118.876598788,2177, 33.33, 96
1789357120.935493418,2177, 35.82, 96
1789357122.979953152,2177, 39.62, 96
1789357125.028806298,2177, 40.03, 96
1789357127.071514059,2177, 25.93, 96
1789357129.098964268,2184, 17.08, 0
1789357131.153678751,2177, 39.09, 96
1789357133.190337946,2177, 39.43, 96
1789357135.248475463,2177, 39.76, 96
1789357137.278678819,2177, 40.73, 96
1789357139.325460069,2184, 14.92, 0
1789357141.357609641,2177, 39.42, 96
1789357143.410875006,2177, 39.30, 96
1789357145.453745042,2177, 42.49, 96
1789357147.498272836,2177, 42.72, 96
1789357149.558371734,2184, 12.28, 0
1789357151.589087113,2177, 38.08, 96
1789357153.648127933,2177, 40.64, 96
1789357155.703601010,2177, 42.83, 96
1789357157.744520094,2177, 41.56, 96
1789357159.823350176,2177, 29.55, 96
1789357161.855706573,2184, 17.53, 96
1789357163.909748568,2177, 40.78, 96
1789357165.958250817,2177, 28.31, 96
1789357168.013675253,2171, 43.86, 96
1789357170.051128155,2171, 42.63, 96
1789357172.099206661,2177, 14.98, 0
1789357174.128978081,2184, 37.79, 96
1789357176.160381853,2177, 36.82, 96
1789357178.250714153,2177, 42.71, 96
1789357180.290666784,2177, 41.55, 96
1789357182.354291160,2177, 43.58, 96
1789357184.426197678,2184, 14.65, 96
1789357186.452927373,2177, 41.28, 96
1789357188.499862902,2177, 40.86, 96
1789357190.541141262,2171, 43.65, 96
1789357192.578791565,2171, 44.38, 96
1789357194.634653407,2177, 31.62, 96
1789357196.664685912,2171, 43.81, 96
1789357198.730567001,2177, 32.78, 96
1789357200.778306514,2177, 26.52, 91
1789357202.826536058,2184, 25.82, 86
1789357204.880261706,2184, 26.51, 80
1789357206.930994770,2177, 26.11, 93
1789357208.981277111,2177, 26.01, 90
1789357211.033502062,2184, 25.56, 92
1789357213.089553882,2184, 25.61, 83
1789357215.135544929,2177, 25.85, 94
1789357217.184647309,2177, 25.52, 78
1789357219.236173276,2177, 26.17, 90
1789357221.286713607,2177, 25.81, 92
1789357223.336857553,2184, 25.57, 93
1789357225.388715357,2184, 25.39, 84
1789357227.440164680,2177, 27.82, 90
1789357229.508197360,2184, 25.89, 89
1789357231.562817438,2177, 26.14, 93
1789357233.608887101,2177, 25.47, 90
1789357235.649432353,2184, 25.36, 0
1789362160.649812073,2177, 11.10, 0
1789362162.682646150,2177, 23.52, 91
1789362164.731468327,2184, 24.56, 90
1789362166.775618595,2184, 23.81, 86
1789362168.820927078,2184, 25.43, 92
1789362170.870969316,2184, 24.78, 93
1789362172.910957824,2184, 24.41, 94
1789362174.960485670,2184, 24.24, 91
1789362177.002038115,2184, 24.23, 92
1789362179.055513265,2184, 24.66, 90
1789362181.107370512,2184, 24.75, 92
1789362183.155096568,2184, 24.74, 88
1789362185.203419802,2184, 24.68, 87
1789362187.246858792,2184, 25.22, 93
1789362189.300436509,2184, 24.86, 91
1789362191.355704184,2184, 26.72, 91
1789362193.406668669,2184, 25.24, 90
1789362195.451461492,2184, 25.80, 88
1789362197.506648545,2184, 25.01, 89
1789362199.553377655,2184, 25.20, 92
1789362201.601560867,2184, 27.25, 95
1789362203.650908198,2184, 26.60, 91
1789362205.690600791,2184, 27.61, 90
1789362207.742320985,2184, 26.88, 90
1789362209.801921402,2184, 26.23, 92
1789362211.845362304,2184, 26.30, 83
1789362213.900645895,2184, 26.25, 80
1789362215.962731858,2184, 26.26, 83
1789362218.025835749,2184, 26.23, 87
1789362220.102403811,2184, 26.67, 83
1789362222.157814232,2184, 26.74, 82
1789362224.213557399,2184, 27.15, 90
1789362226.273362644,2184, 26.79, 92
1789362228.371305524,2184, 26.62, 92
1789362230.409879603,2184, 26.85, 84
1789362232.465088130,2184, 27.13, 93
1789362234.524601181,2184, 27.59, 91
1789362236.588288309,2184, 26.84, 83
1789362238.634778310,2184, 29.29, 96
1789362240.683671434,2184, 26.65, 82
1789362242.728844359,2184, 28.01, 81
1789362244.774921772,2184, 27.28, 81
1789362246.830036365,2177, 26.31, 89
1789362248.875721019,2184, 27.32, 92
1789362250.929823015,2184, 27.21, 93
1789362252.983507936,2184, 26.66, 91
1789362255.035077357,2184, 25.82, 93
1789362257.091846626,2184, 25.07, 91
1789362259.146741723,2184, 26.12, 89
1789362261.199981269,2184, 26.51, 93
1789362263.265004624,2184, 25.84, 92
1789362265.317780419,2184, 25.27, 90
1789362267.364252473,2184, 25.22, 91
1789362269.415775577,2184, 25.46, 90
1789362271.471586453,2184, 25.98, 84
1789362273.517902367,2184, 25.83, 90
1789362275.566167806,2184, 26.12, 93
1789362277.630262864,2184, 26.21, 91
1789362279.676180671,2184, 26.06, 96
1789362281.734713757,2184, 25.97, 90
1789362283.776244020,2184, 27.00, 89
1789362285.831459654,2184, 26.13, 94
1789362287.879237583,2184, 26.97, 96
1789362289.929943049,2184, 28.20, 92
1789362291.991056042,2184, 27.58, 90
1789362294.047019498,2184, 26.87, 85
1789362296.100103072,2184, 27.97, 92
1789362298.164009499,2184, 26.18, 91
1789362300.215735134,2184, 26.13, 83
1789362302.333517246,2184, 26.50, 91
1789362304.384590284,2184, 27.16, 93
1789362306.430480473,2184, 26.77, 84
1789362308.474308041,2184, 27.06, 86
1789362310.514082228,2184, 27.33, 95
1789362312.562940618,2184, 26.82, 91
1789362314.623066708,2184, 27.43, 91
1789362316.669815387,2184, 26.14, 92
1789362318.714099095,2184, 27.20, 92
1789362320.768251099,2184, 27.70, 96
1789362322.815509173,2184, 27.78, 93
1789362324.860496659,2184, 27.35, 84
1789362326.896030272,2184, 27.24, 93
1789362328.936753639,2177, 28.47, 96
1789362330.988902768,2184, 27.85, 96
1789362333.042874111,2184, 28.23, 93
1789362335.108882703,2184, 27.69, 89
1789362337.166934840,2184, 27.24, 93
1789362339.229380701,2184, 27.31, 92
1789362341.284417290,2184, 26.92, 84
1789362343.338730581,2184, 26.75, 93
1789362345.385534377,2184, 25.31, 94
1789362347.429562787,2184, 26.15, 90
1789362349.478702936,2184, 26.09, 90
1789362351.536482633,2184, 26.29, 80
1789362353.597243195,2184, 25.26, 94
1789362355.647048835,2184, 25.25, 79
1789362357.697003382,2184, 24.31, 86
1789362359.752524817,2184, 25.81, 92
1789362361.802925900,2184, 25.96, 94
1789362363.850125823,2184, 26.11, 92
1789362365.904815827,2184, 25.35, 91
1789362367.961678124,2184, 26.39, 90
1789362370.005350354,2184, 25.31, 92
1789362372.070308822,2184, 26.20, 94
1789362374.115163969,2184, 26.33, 92
1789362376.172828906,2184, 25.99, 93
1789362378.219804262,2184, 25.88, 93
1789362380.281893431,2184, 28.22, 95
1789362382.349602225,2184, 28.25, 96
1789362384.407320972,2184, 28.66, 82
1789362386.454937849,2184, 27.82, 96
1789362388.501175527,2184, 27.13, 83
1789362390.561086193,2184, 26.67, 83
1789362392.624399658,2184, 26.66, 83
1789362394.687421361,2184, 27.10, 82
1789362396.747887774,2184, 27.38, 80
1789362398.804585862,2184, 26.63, 92
1789362400.845917540,2184, 27.43, 84
1789362402.902815589,2184, 27.16, 83
1789362404.950819395,2184, 28.45, 90
1789362407.002540097,2184, 27.51, 82
1789362409.047873171,2184, 27.95, 93
1789362411.100332920,2177, 27.59, 91
1789362413.154145797,2184, 27.74, 83
1789362415.212565037,2184, 27.24, 81
1789362417.277257547,2184, 26.89, 86
1789362419.310938745,2177, 30.45, 83
1789362421.349384259,2184, 26.02, 94
1789362423.408880331,2177, 27.54, 83
1789362425.466118217,2184, 27.54, 83
1789362427.515849999,2177, 27.75, 92
1789362429.571277421,2177, 27.62, 94
1789362431.635282969,2177, 27.71, 92
1789362433.692474714,2184, 12.18, 0
1789362435.720622245,2184, 14.32, 96
1789362437.750224776,2184, 26.51, 96
1789362439.785688385,2184, 27.56, 96
1789362441.831568513,2177, 29.52, 96
1789362443.872028467,2177, 28.02, 96
1789362445.942258674,2184, 11.98, 0
1789362447.970956266,2184, 24.66, 96
1789362450.002822466,2177, 35.27, 96
1789362452.048351621,2184, 20.12, 96
1789362454.099379233,2177, 37.52, 96
1789362456.143816882,2177, 38.12, 96
1789362458.175996511,2184, 14.99, 0
1789362460.204973972,2177, 36.04, 96
1789362462.233137626,2184, 29.07, 96
1789362464.316872045,2184, 29.43, 96
1789362466.355104568,2177, 37.82, 96
1789362468.401982463,2184, 12.83, 0
1789362470.437366591,2177, 30.08, 96
1789362472.465492791,2177, 38.53, 96
1789362474.501413600,2177, 41.67, 96
1789362476.547451440,2177, 39.02, 96
1789362478.603479655,2184, 14.51, 87
1789362480.633830396,2177, 39.48, 96
1789362482.670828246,2177, 36.06, 96
1789362484.723245379,2177, 39.57, 96
1789362486.758067359,2177, 39.82, 96
1789362488.821082287,2184, 23.89, 96
1789362490.867947449,2177, 37.98, 96
1789362492.911358493,2177, 40.61, 96
1789362494.942598956,2177, 40.22, 96
1789362497.005936673,2177, 33.22, 96
1789362499.037308378,2184, 28.53, 96
1789362501.075696343,2177, 37.29, 96
1789362503.128680490,2177, 40.68, 96
1789362505.174651205,2171, 40.16, 96
1789362507.224374463,2177, 39.33, 96
1789362509.269710919,2184, 14.71, 0
1789362511.300269333,2171, 39.85, 96
1789362513.349781928,2177, 38.59, 96
1789362515.399266505,2177, 40.49, 96
1789362517.446071922,2177, 42.52, 96
1789362519.485133877,2184, 14.36, 0
1789362521.513615934,2177, 38.05, 96
1789362523.553588457,2177, 39.84, 96
1789362525.608026266,2171, 42.80, 96
1789362527.663135079,2171, 42.12, 96
1789362529.694366428,2184, 16.65, 96
1789362531.725888925,2177, 41.29, 96
1789362533.759596275,2171, 39.88, 96
1789362535.804627164,2177, 42.48, 96
1789362537.848747431,2177, 42.59, 96
1789362539.902404106,2177, 34.54, 96
1789362541.932988083,2177, 29.88, 96
1789362543.973242277,2177, 41.70, 96
1789362546.013504228,2171, 42.94, 96
1789362548.050411005,2177, 42.46, 96
1789362550.103361368,2177, 43.50, 96
1789362552.154898421,2184, 14.92, 0
1789362554.187697368,2177, 40.26, 96
1789362556.220700503,2177, 40.11, 96
1789362558.267326432,2177, 43.89, 96
1789362560.344935329,2177, 44.36, 96
1789362562.390142171,2184, 23.95, 96
1789362564.425108393,2184, 29.60, 96
1789362566.470140783,2177, 41.10, 96
1789362568.521975353,2171, 43.30, 96
1789362570.566977146,2171, 43.99, 96
1789362572.627496607,2171, 43.55, 96
1789362574.675032226,2184, 12.30, 0
1789362576.705443668,2177, 37.15, 96
1789362578.766944206,2177, 37.37, 96
1789362580.817552015,2177, 39.74, 96
1789362582.854058563,2177, 36.77, 96
1789362584.901620412,2184, 14.49, 28
1789362586.933803436,2177, 38.28, 96
1789362588.997104980,2177, 36.03, 96
1789362591.049378755,2177, 39.98, 96
1789362593.097158962,2177, 37.11, 96
1789362595.141412732,2184, 14.14, 0
1789362597.170877724,2177, 35.40, 96
1789362599.226101639,2177, 38.52, 96
1789362601.290113423,2177, 35.41, 96
1789362603.348516251,2184, 12.26, 0
1789362605.382537153,2177, 37.58, 96
1789362607.446485571,2177, 37.71, 96
1789362609.479545944,2177, 38.84, 96
1789362611.544479442,2177, 38.28, 96
1789362613.606784644,2184, 14.71, 0
1789362615.638940007,2177, 38.11, 96
1789362617.676409923,2177, 39.04, 96
1789362619.734848878,2177, 38.81, 96
1789362621.786519360,2177, 35.87, 96
1789362623.819972838,2184, 20.04, 96
1789362625.905545666,2177, 38.01, 96
1789362627.951436740,2171, 39.68, 96
1789362629.991484186,2177, 41.15, 96
1789362632.027997676,2177, 26.96, 96
1789362634.061906038,2177, 34.30, 96
1789362636.104378493,2177, 35.57, 96
1789362638.150553205,2177, 40.70, 96
1789362640.204128045,2177, 39.47, 96
1789362642.248368712,2184, 19.65, 96
1789362644.300102163,2177, 39.22, 96
1789362646.370818356,2177, 38.02, 96
1789362648.435636490,2177, 40.99, 96
1789362650.474268018,2177, 40.83, 96
1789362652.527842783,2177, 18.57, 0
1789362654.562787649,2184, 35.55, 96
1789362656.596059176,2177, 39.70, 96
1789362658.631844212,2177, 42.02, 96
1789362660.675827326,2171, 41.85, 96
1789362662.735342619,2177, 27.86, 96
1789362664.769947781,2184, 32.09, 96
1789362666.809992648,2177, 36.53, 96
1789362668.893891185,2177, 42.06, 96
1789362670.941002166,2177, 42.25, 96
1789362672.990695967,2177, 34.27, 96
1789362675.022325531,2177, 30.25, 96
1789362677.090539433,2177, 37.58, 96
1789362679.150077750,2171, 42.46, 96
1789362681.195953959,2171, 42.10, 96
1789362683.250416468,2171, 40.76, 96
1789362685.306878103,2184, 19.23, 0
1789362687.395884764,2184, 36.36, 96
1789362689.434225698,2177, 38.37, 96
1789362691.491268814,2177, 45.49, 96
1789362693.536854500,2177, 42.65, 96
1789362695.591064343,2184, 12.48, 0
1789362697.636482299,2177, 37.77, 96
1789362699.686380475,2177, 41.23, 96
1789362701.734760784,2177, 43.24, 96
1789362703.779299234,2177, 41.28, 96
1789362705.824532431,2177, 40.62, 96
1789362707.903828279,2177, 26.11, 96
1789362709.952233956,2177, 41.72, 96
1789362712.000796847,2171, 44.06, 96
1789362714.041429463,2177, 41.79, 96
1789362716.082426620,2177, 45.31, 96
1789362718.135385809,2184, 14.26, 0
1789362720.170029275,2177, 40.53, 96
1789362722.216997572,2177, 40.49, 96
1789362724.268633481,2177, 43.18, 96
1789362726.361107390,2177, 43.19, 96
1789362728.418364442,2184, 14.77, 96
1789362730.449990648,2177, 37.28, 96
1789362732.503482367,2177, 37.13, 96
1789362734.538777195,2177, 37.51, 96
1789362736.576689579,2177, 34.07, 96
1789362738.609958380,2184, 20.30, 96
1789362740.696270653,2177, 37.96, 96
1789362742.735406292,2177, 38.71, 96
1789362744.800979234,2184, 33.07, 96
1789362746.864619783,2177, 33.69, 96
1789362748.893910271,2184, 23.01, 96
1789362750.955914310,2177, 38.11, 96
1789362753.012778736,2171, 38.79, 96
1789362755.072211006,2177, 34.53, 96
1789362757.116028983,2177, 28.70, 96
1789362759.151194977,2177, 32.96, 96
1789362761.187546756,2177, 36.90, 96
1789362763.231842679,2177, 42.17, 96
1789362765.267165899,2177, 40.72, 96
1789362767.300978516,2177, 17.72, 96
1789362769.332165301,2177, 38.87, 96
1789362771.392444035,2177, 38.71, 96
1789362773.429010108,2171, 39.46, 96
1789362775.473988899,2177, 39.53, 96
1789362777.527492391,2184, 12.37, 0
1789362779.559565886,2177, 40.08, 96
1789362781.595227300,2177, 39.76, 96
1789362783.634494316,2177, 40.55, 96
1789362785.702834257,2171, 39.88, 96
1789362787.751849599,2184, 17.80, 0
1789362789.781395719,2171, 39.92, 96
1789362791.845368152,2177, 40.61, 96
1789362793.878111442,2177, 42.12, 96
1789362795.921794719,2171, 41.25, 96
1789362797.974732215,2177, 26.05, 96
1789362800.004706454,2171, 35.72, 96
1789362802.039466754,2177, 37.18, 96
1789362804.090731404,2177, 43.19, 96
1789362806.164198637,2177, 41.98, 96
1789362808.213197325,2177, 40.00, 96
1789362810.251309926,2184, 25.57, 96
1789362812.297296975,2177, 40.38, 96
1789362814.355782613,2177, 43.44, 96
1789362816.394614567,2177, 43.58, 96
1789362818.456467501,2177, 43.63, 96
1789362820.489388468,2184, 15.39, 96
1789362822.522917766,2177, 41.00, 96
1789362824.582244498,2171, 41.83, 96
1789362826.627968658,2177, 44.17, 96
1789362828.673728497,2177, 44.15, 96
1789362830.728029948,2177, 19.84, 0
1789362832.761270505,2184, 42.29, 96
1789362834.819164084,2177, 41.63, 96
1789362836.860606574,2177, 44.61, 96
1789362838.903741760,2177, 43.71, 96
1789362840.953778373,2177, 42.67, 96
1789362843.018587056,2177, 30.58, 96
1789362845.060234516,2177, 38.96, 96
1789362847.123145123,2171, 42.87, 96
1789362849.153362913,2177, 42.67, 96
1789362851.202800706,2184, 12.53, 0
1789362853.235746131,2184, 30.94, 96
1789362855.302872636,2177, 37.65, 96
1789362857.354879072,2177, 37.03, 96
1789362859.425804599,2177, 38.29, 96
1789362861.479548033,2184, 12.30, 0
1789362863.507531247,2177, 34.87, 96
1789362865.563762989,2177, 38.50, 96
1789362867.606935612,2177, 32.08, 96
1789362869.656685473,2177, 37.79, 96
1789362871.711579920,2184, 12.31, 0
1789362873.745446240,2184, 30.98, 96
1789362875.807769136,2177, 36.88, 96
1789362877.851287800,2177, 34.28, 96
1789362879.897309636,2177, 39.65, 96
1789362881.934374179,2177, 17.39, 96
1789362883.967661664,2184, 22.20, 96
1789362886.019541250,2177, 37.63, 96
1789362888.080646495,2171, 39.98, 96
1789362890.121394922,2177, 42.15, 96
1789362892.170122981,2177, 26.75, 0
1789362894.204337032,2184, 16.08, 96
1789362896.236910944,2184, 27.77, 96
1789362898.273035961,2177, 39.87, 96
1789362900.346510526,2171, 38.83, 96
1789362902.401025628,2177, 40.52, 96
1789362904.435207801,2184, 12.26, 0
1789362906.469527604,2177, 38.44, 96
1789362908.514886307,2177, 39.87, 96
1789362910.546065128,2177, 40.31, 96
1789362912.595442485,2177, 39.05, 96
1789362914.653894412,2177, 25.79, 96
1789362916.686183322,2184, 15.83, 35
1789362918.715879632,2177, 40.27, 96
1789362920.772169901,2177, 38.99, 96
1789362922.818354705,2171, 41.04, 96
1789362924.869837182,2171, 42.28, 96
1789362926.917490137,2184, 12.31, 0
1789362928.949255650,2184, 35.58, 96
1789362930.992999387,2177, 36.36, 96
1789362933.037364192,2177, 42.04, 96
1789362935.097203014,2177, 42.76, 96
1789362937.140386398,2177, 37.71, 96
1789362939.169440684,2184, 15.38, 96
1789362941.198111002,2177, 41.17, 96
1789362943.239893636,2177, 40.60, 96
1789362945.280738288,2171, 43.28, 96
1789362947.313105389,2171, 44.40, 96
1789362949.369821944,2177, 34.08, 96
1789362951.423993724,2177, 25.74, 87
1789362953.464049671,2177, 25.95, 92
1789362955.518923223,2177, 26.09, 81
1789362957.570559266,2177, 26.07, 88
1789362959.625643567,2177, 26.06, 92
1789362961.686364740,2177, 26.05, 94
1789362963.748521714,2177, 25.92, 93
1789362965.808244265,2177, 25.91, 92
1789362967.866434693,2177, 25.81, 93
1789362969.915655748,2177, 25.98, 83
1789362971.971054585,2177, 25.87, 92
1789362974.030384893,2184, 25.70, 77
1789362976.082590189,2184, 26.00, 81
1789362978.134281677,2184, 26.09, 92
1789362980.185709821,2184, 25.22, 91
1789362982.230411527,2177, 25.76, 90
1789362984.285610999,2177, 25.98, 87
1789362986.361733283,2184, 26.36, 93
1789362988.422354635,2184, 25.84, 93
1789362990.469970917,2184, 25.76, 92
1789362992.513418975,2184, 26.08, 89
1789362994.567566222,2184, 25.84, 92
1789362996.608482144,2184, 26.29, 79
1789362998.657521089,2184, 26.30, 93
1789363000.710141571,2184, 26.01, 92
1789363002.756690796,2184, 25.98, 92
1789363004.808934685,2184, 26.17, 83
1789363006.856177137,2184, 25.72, 92
1789363008.900523024,2184, 26.30, 82
1789363010.950533063,2184, 25.83, 93
1789363012.998160647,2184, 25.84, 83
1789363015.046011205,2184, 26.39, 92
1789363017.100876774,2184, 26.43, 89
1789363019.151596646,2184, 25.99, 82
1789363021.196824284,2184, 26.43, 90
1789363023.250239888,2184, 26.28, 90
1789363025.301713867,2184, 26.02, 90
1789363027.344316632,2184, 26.32, 93
1789363029.393562986,2184, 26.43, 91
1789363031.443363368,2184, 25.98, 92
1789363033.498427489,2184, 26.01, 89
1789363035.548872651,2177, 26.51, 91
1789363037.602983846,2177, 26.21, 89
1789363039.652445827,2177, 26.58, 92
1789363041.698873978,2177, 26.52, 93
1789363043.748860147,2184, 26.08, 92
1789363045.790859210,2177, 26.24, 89
1789363047.843973628,2177, 26.71, 90
1789363049.902685332,2177, 26.42, 89
1789363051.943416530,2177, 25.92, 92
1789363054.001403119,2177, 26.14, 82
1789363056.056354928,2177, 25.93, 92
1789363058.112262160,2177, 25.91, 92
1789363060.164789234,2177, 25.67, 88
1789363062.213738264,2177, 26.11, 92
1789363064.266810951,2177, 25.91, 90
1789363066.322198858,2177, 25.98, 94
1789363068.371729098,2177, 26.52, 92
1789363070.420804983,2177, 25.89, 94
1789363072.465259253,2177, 26.05, 93
1789363074.512184905,2177, 25.91, 90
1789363076.564810299,2177, 26.21, 94
1789363078.618364383,2177, 25.64, 82
1789363080.658294173,2177, 26.15, 91
1789363082.702641974,2177, 25.58, 87
1789363084.756143479,2177, 26.06, 93
1789363086.811521580,2177, 25.91, 91
1789363088.860975073,2177, 25.82, 90
1789363090.915582772,2177, 26.00, 94
1789363092.966867230,2177, 25.85, 94
1789363095.014600256,2177, 26.23, 94
1789363097.070515574,2177, 26.06, 92
1789363099.127650895,2177, 26.29, 93
1789363101.175887684,2177, 26.12, 90
1789363103.230174872,2177, 26.21, 90
1789363105.281852231,2177, 26.17, 90
1789363107.329086974,2177, 25.70, 89
1789363109.387140767,2177, 25.96, 91
1789363111.446577957,2177, 25.66, 80
1789363113.493192239,2177, 25.85, 91
1789363115.546982508,2177, 26.33, 94
1789363117.602934880,2177, 26.10, 93
1789363119.642421202,2177, 25.70, 92
1789363121.690420362,2177, 26.30, 93
1789363123.738743670,2177, 25.99, 93
1789363125.791816831,2177, 26.64, 91
1789363127.844887356,2177, 26.36, 91
1789363129.901217010,2177, 26.30, 93
1789363131.959547041,2177, 26.49, 91
1789363134.011926902,2177, 26.04, 93
1789363136.057065200,2177, 26.37, 94
1789363138.108787564,2177, 26.58, 88
1789363140.156605876,2177, 26.86, 89
1789363142.210540286,2177, 25.65, 92
1789363144.263681770,2177, 26.19, 94
1789363146.320499282,2177, 26.33, 90
1789363148.374768634,2177, 26.36, 93
1789363150.424871983,2177, 26.40, 90
1789363152.476232941,2177, 26.19, 91
1789363154.518247470,2177, 26.30, 90
1789363156.565350479,2177, 26.25, 83
1789363158.618840625,2177, 26.19, 89
1789363160.666925616,2177, 26.04, 93
1789363162.721131728,2177, 25.85, 93
1789363164.767663048,2177, 26.42, 92
1789363166.827058030,2177, 25.91, 92
1789363168.869673374,2177, 25.70, 87
1789363170.921060979,2177, 25.90, 92
1789363172.969362939,2177, 26.15, 93
1789363175.021296816,2177, 26.49, 92
1789363177.070257990,2177, 26.50, 93
1789363179.120975720,2177, 26.01, 92
1789363181.167952139,2177, 26.25, 86
1789363183.223995972,2177, 26.33, 94
1789363185.272249754,2177, 26.50, 93
1789363187.321031656,2177, 25.86, 92
1789363189.371558273,2177, 26.25, 92
1789363191.421975027,2177, 26.60, 92
1789363193.471523404,2177, 26.35, 92
1789363195.522510865,2177, 26.30, 93
1789363197.577135043,2177, 26.30, 92
1789363199.630206348,2177, 26.33, 93
1789363201.686003635,2177, 26.53, 91
1789363203.734424920,2177, 26.25, 93
1789363205.785104330,2177, 26.00, 90
1789363207.834398148,2177, 26.29, 92
1789363209.890006225,2177, 26.30, 94
1789363211.944109093,2177, 26.81, 92
1789363213.990818026,2177, 26.02, 92
1789363216.039236748,2177, 26.13, 94
1789363218.091408652,2177, 26.12, 81
1789363220.140908708,2177, 26.55, 91
1789363222.191253032,2177, 26.43, 93
1789363224.248975328,2177, 26.64, 93
1789363226.295656645,2177, 26.62, 91
1789363228.374397596,2177, 26.27, 94
1789363230.426757054,2177, 26.31, 94
1789363232.474372359,2177, 26.25, 90
1789363234.522449020,2177, 26.16, 93
1789363236.573754177,2177, 25.93, 83
1789363238.621187965,2177, 26.17, 93
1789363240.669764183,2177, 26.41, 92
1789363242.726058405,2177, 26.13, 90
1789363244.772556373,2177, 26.13, 92
1789363246.821939830,2177, 26.19, 93
1789363248.873592901,2177, 26.24, 92
1789363250.927903091,2177, 26.51, 90
1789363252.976198793,2177, 26.12, 84
1789363255.031755954,2177, 25.67, 90
1789363257.078774545,2184, 26.28, 92
1789363259.133110628,2184, 26.52, 89
1789363261.184012881,2184, 26.02, 92
1789363263.239715040,2184, 14.32, 0
1789363265.267524597,2177, 36.17, 96
1789363267.319664909,2177, 37.98, 96
1789363269.354094501,2177, 36.20, 96
1789363271.386607530,2177, 38.33, 96
1789363273.423579937,2184, 15.25, 96
1789363275.456852676,2177, 38.43, 96
1789363277.499890094,2177, 32.09, 96
1789363279.546700970,2177, 37.23, 96
1789363281.582506637,2177, 37.13, 96
1789363283.616070862,2177, 25.26, 96
1789363285.662054615,2177, 37.37, 96
1789363287.713617955,2177, 39.51, 96
1789363289.757634042,2177, 38.89, 96
1789363291.799131135,2184, 22.23, 96
1789363293.832172926,2177, 38.72, 96
1789363295.870348722,2177, 38.42, 96
1789363297.942475145,2177, 42.02, 96
1789363299.992388468,2177, 39.45, 96
1789363302.030107911,2184, 17.24, 0
1789363304.090086503,2177, 37.41, 96
1789363306.145652725,2177, 40.27, 96
1789363308.183350938,2177, 41.50, 96
1789363310.241338523,2177, 39.29, 96
1789363312.276441729,2184, 18.65, 96
1789363314.379443497,2171, 39.56, 96
1789363316.411112735,2177, 40.98, 96
1789363318.457313054,2177, 40.67, 96
1789363320.506898607,2171, 40.27, 96
1789363322.547467198,2184, 32.30, 96
1789363324.592871474,2177, 36.72, 96
1789363326.627895074,2177, 42.30, 96
1789363328.706715702,2171, 41.35, 96
1789363330.768970165,2171, 39.67, 96
1789363332.818562609,2184, 25.91, 96
1789363334.860529085,2177, 40.63, 96
1789363336.898823866,2177, 43.02, 96
1789363338.936838570,2177, 42.51, 96
1789363340.989531809,2177, 42.57, 96
1789363343.043774459,2184, 17.43, 0
1789363345.080558803,2177, 41.01, 96
1789363347.144958229,2177, 37.65, 96
1789363349.210530393,2177, 45.05, 96
1789363351.259025469,2177, 43.51, 96
1789363353.294728466,2184, 14.69, 0
1789363355.329228330,2177, 41.11, 96
1789363357.373711400,2177, 42.73, 96
1789363359.436073804,2171, 42.83, 96
1789363361.475025985,2171, 43.42, 96
1789363363.508079913,2177, 22.95, 0
1789363365.547877173,2177, 41.69, 96
1789363367.590801543,2177, 41.39, 96
1789363369.635971885,2177, 43.99, 96
1789363371.692958985,2177, 43.69, 96
1789363373.743243288,2177, 44.78, 96
1789363375.799129628,2184, 17.74, 0
1789363377.868806101,2171, 42.11, 96
1789363379.921324498,2177, 40.01, 96
1789363381.975634131,2177, 44.07, 96
1789363384.019804634,2177, 43.41, 96
1789363386.056222725,2177, 17.99, 96
1789363388.086540950,2184, 25.84, 96
1789363390.148776348,2177, 36.91, 96
1789363392.212596182,2177, 38.40, 96
1789363394.266410182,2177, 37.29, 96
1789363396.342776490,2184, 14.04, 0
1789363398.379601767,2177, 38.82, 96
1789363400.445662807,2177, 38.48, 96
1789363402.492524974,2177, 38.72, 96
1789363404.539167692,2177, 37.63, 96
1789363406.578372689,2184, 24.09, 96
1789363408.608581645,2177, 39.07, 96
1789363410.648353439,2177, 39.25, 96
1789363412.691526199,2177, 41.05, 96
1789363414.734850454,2177, 21.96, 96
1789363416.767402334,2177, 39.47, 96
1789363418.807142667,2177, 40.20, 96
1789363420.869769354,2177, 43.46, 96
1789363422.902333575,2177, 38.08, 96
1789363424.950117319,2184, 19.52, 0
1789363427.054975967,2177, 39.60, 96
1789363429.092208496,2177, 39.61, 96
1789363431.131719128,2177, 40.93, 96
1789363433.178308645,2177, 39.75, 96
1789363435.242459365,2184, 24.70, 96
1789363437.289985457,2177, 40.60, 96
1789363439.327640712,2171, 41.51, 96
1789363441.392497198,2177, 40.97, 96
1789363443.452374461,2177, 34.86, 96
1789363445.487824861,2177, 39.29, 96
1789363447.543657694,2177, 39.83, 96
1789363449.606226548,2177, 43.46, 96
1789363451.659421734,2177, 42.25, 96
1789363453.712557792,2177, 25.39, 96
1789363455.744743948,2177, 39.30, 96
1789363457.795612664,2177, 40.70, 96
1789363459.848361933,2177, 43.67, 96
1789363461.900792234,2177, 43.35, 96
1789363463.947422018,2177, 31.87, 96
1789363465.980081562,2184, 32.51, 96
1789363468.033839058,2177, 40.42, 96
1789363470.074496936,2177, 43.33, 96
1789363472.124169892,2177, 42.57, 96
1789363474.153914691,2177, 43.49, 96
1789363476.193108408,2184, 17.15, 96
1789363478.246049278,2177, 41.82, 96
1789363480.287967812,2177, 37.39, 96
1789363482.368462254,2177, 44.02, 96
1789363484.425270206,2177, 44.36, 96
1789363486.471385119,2184, 16.35, 0
1789363488.509780574,2177, 38.98, 96
1789363490.553558805,2177, 41.31, 96
1789363492.621446550,2171, 45.07, 96
1789363494.652811657,2177, 44.47, 96
1789363496.688229491,2177, 29.00, 96
1789363498.725322488,2184, 32.72, 96
1789363500.767194755,2177, 41.36, 96
1789363502.812396040,2177, 44.71, 96
1789363504.863901346,2177, 43.92, 96
1789363506.914448600,2177, 43.89, 96
1789363508.968109543,2177, 26.65, 88
1789363511.027097116,2177, 26.29, 93
1789363513.076604515,2177, 26.13, 92
1789363515.125432102,2177, 26.11, 94
1789363517.179688719,2177, 26.01, 83
1789363519.232156213,2177, 26.01, 92
1789363521.287195621,2177, 25.62, 92
1789363523.338257395,2177, 26.35, 90
1789363525.388497741,2177, 25.59, 93
1789363527.424091134,2177, 25.83, 88
1789363529.475399326,2177, 27.06, 89
1789363531.523105309,2177, 25.90, 87
1789363533.583574749,2177, 25.20, 91
1789363535.644101897,2177, 26.50, 91
1789363537.694637721,2177, 26.47, 82
1789363539.744637846,2177, 25.55, 87
1789363541.792385665,2177, 25.87, 91
1789363543.842311062,2177, 25.78, 82
1789363545.891872807,2177, 25.28, 91
1789363547.945319826,2177, 25.97, 92
1789363549.995739548,2177, 25.76, 85
1789363552.051261469,2177, 26.60, 84
1789363554.101782975,2177, 25.51, 92
1789363556.157998569,2177, 28.05, 93
1789363558.212657857,2177, 25.99, 92
1789363560.265372423,2177, 26.57, 96
1789363562.309893442,2177, 26.19, 92
1789363564.375266374,2177, 26.21, 90
1789364490.985991777,2184, 11.91, 0
1789364493.015472735,2184, 23.63, 91
1789364495.061444811,2184, 25.04, 85
1789364497.116349161,2184, 24.98, 92
1789364499.174766235,2184, 25.46, 93
1789364501.228230439,2184, 24.84, 94
1789364503.278233515,2184, 25.03, 82
1789364505.332302336,2184, 24.67, 91
1789364507.392946814,2184, 25.18, 90
1789364509.438851733,2184, 25.77, 90
1789364511.484746120,2184, 24.93, 88
1789364513.538817249,2184, 25.26, 92
1789364515.585862619,2184, 25.03, 91
1789364517.641012331,2184, 25.84, 92
1789364519.694592620,2184, 25.41, 87
1789364521.741476286,2184, 27.21, 96
1789364523.786627091,2184, 25.81, 92
1789364525.833946542,2184, 26.31, 84
1789364527.881743428,2184, 25.34, 94
1789364529.936212148,2184, 25.29, 92
1789364531.982082107,2184, 26.27, 92
1789364534.036074695,2184, 26.91, 83
1789364536.089408546,2184, 28.11, 82
1789364538.152018478,2184, 26.49, 92
1789364540.205134180,2184, 27.36, 91
1789364542.266531695,2184, 26.34, 80
1789364544.311621543,2184, 26.65, 80
1789364546.359606291,2184, 27.05, 80
1789364548.403073818,2184, 27.05, 91
1789364550.474244413,2184, 27.25, 81
1789364552.538033043,2184, 26.67, 83
1789364554.596898132,2184, 26.90, 96
1789364556.654570006,2184, 26.83, 81
1789364558.711309672,2177, 27.58, 92
1789364560.765320768,2184, 26.81, 92
1789364562.817387258,2184, 27.52, 92
1789364564.875259905,2184, 27.26, 96
1789364566.930213101,2184, 27.46, 96
1789364568.973399098,2184, 27.39, 85
1789364571.035107709,2184, 29.15, 93
1789364573.082165753,2184, 26.74, 82
1789364575.149575286,2184, 27.74, 96
1789364577.214422136,2184, 27.66, 96
1789364579.277687132,2184, 26.92, 92
1789364581.330624508,2184, 27.07, 96
1789364583.384178295,2184, 26.90, 93
1789364585.439434219,2184, 26.70, 92
1789364587.498075250,2184, 26.47, 92
1789364589.551685062,2184, 25.94, 92
1789364591.600868516,2184, 25.91, 89
1789364593.649120067,2184, 25.87, 92
1789364595.701577170,2184, 25.75, 93
1789364597.752214692,2184, 25.38, 82
1789364599.798843392,2184, 25.45, 83
1789364601.854233855,2184, 25.48, 91
1789364603.916935174,2184, 25.54, 92
1789364605.968670427,2184, 25.64, 93
1789364608.023108821,2184, 25.49, 93
1789364610.076970511,2184, 26.34, 94
1789364612.132490737,2184, 25.93, 89
1789364614.179566778,2184, 25.36, 90
1789364616.249477037,2184, 25.53, 93
1789364618.311176741,2184, 26.19, 93
1789364620.361828876,2184, 26.02, 93
1789364622.411225300,2184, 26.09, 89
1789364624.468807042,2184, 26.95, 92
1789364626.524804450,2184, 27.46, 91
1789364628.614578746,2184, 27.39, 96
1789364630.669349673,2184, 27.67, 92
1789364632.717484905,2184, 26.39, 95
1789364634.784310415,2184, 26.54, 83
1789364636.825289872,2184, 26.34, 96
1789364638.892306816,2184, 26.68, 82
1789364640.953077233,2184, 27.29, 83
1789364643.004952395,2184, 26.61, 92
1789364645.063402078,2184, 26.77, 91
1789364647.126937663,2184, 27.01, 94
1789364649.197230394,2184, 27.48, 96
1789364651.262450018,2184, 26.75, 92
1789364653.319068290,2184, 26.13, 92
1789364655.372139242,2184, 27.13, 93
1789364657.439647172,2184, 26.80, 91
1789364659.483431588,2184, 27.32, 95
1789364661.519747959,2177, 31.52, 96
1789364663.579084899,2184, 27.00, 82
1789364665.645712615,2184, 27.23, 96
1789364667.710774062,2184, 27.37, 85
1789364669.795989493,2184, 27.98, 91
1789364671.857085075,2184, 27.27, 91
1789364673.922986672,2184, 27.39, 93
1789364675.980840019,2184, 26.11, 90
1789364678.048903606,2184, 26.24, 91
1789364680.106164294,2184, 24.93, 93
1789364682.157260232,2184, 26.19, 92
1789364684.205977934,2184, 26.81, 89
1789364686.258605398,2184, 25.60, 79
1789364688.318324423,2184, 24.86, 81
1789364690.369409392,2184, 24.85, 83
1789364692.411509506,2184, 25.64, 82
1789364694.461277690,2184, 25.60, 89
1789364696.518474874,2184, 26.38, 96
1789364698.607012137,2184, 25.19, 91
1789364700.663272296,2184, 25.74, 93
1789364702.710912671,2184, 24.81, 90
1789364704.761845305,2184, 27.14, 92
1789364706.807487218,2184, 25.27, 91
1789364708.858080602,2184, 25.55, 93
1789364710.914108767,2184, 25.50, 93
1789364712.961593500,2184, 26.59, 93
1789364715.019180024,2184, 26.18, 93
1789364717.077854751,2184, 27.90, 96
1789364719.149926732,2184, 27.21, 84
1789364721.205806119,2184, 26.38, 85
1789364723.268923179,2184, 25.90, 82
1789364725.340776657,2184, 26.45, 84
1789364727.379700651,2184, 26.80, 86
1789364729.440658111,2184, 26.67, 84
1789364731.507418975,2184, 26.40, 84
1789364733.556873042,2184, 26.79, 96
1789364735.626887765,2184, 26.79, 89
1789364737.678007871,2184, 26.53, 82
1789364739.732676637,2184, 27.48, 96
1789364741.795883855,2184, 27.50, 89
1789364743.852627442,2184, 27.38, 96
1789364745.896854762,2184, 26.90, 90
1789364747.966637442,2184, 27.80, 96
1789364750.041920775,2184, 27.17, 85
1789364752.108602708,2184, 27.03, 81
1789364754.152592853,2184, 30.02, 96
1789364756.223091971,2184, 27.53, 85
1789364758.283506270,2184, 27.64, 91
1789364760.333790486,2184, 27.99, 93
1789364762.398101250,2184, 27.82, 91
1789364764.454835058,2184, 27.24, 92
1789364766.512508158,2184, 27.15, 93
1789364768.616999177,2184, 11.79, 0
1789364770.644677773,2184, 27.18, 96
1789364772.689254252,2184, 34.27, 96
1789364774.752475856,2184, 34.17, 96
1789364776.817289949,2184, 11.69, 0
1789364778.849926347,2184, 13.82, 96
1789364780.879517729,2177, 37.80, 96
1789364782.924505717,2184, 36.52, 96
1789364784.970952004,2184, 36.63, 96
1789364787.023592942,2177, 23.56, 36
1789364789.051949648,2184, 14.24, 0
1789364791.086627694,2184, 38.22, 96
1789364793.123416035,2184, 36.13, 96
1789364795.180247945,2184, 39.86, 96
1789364797.222362858,2184, 36.36, 96
1789364799.281638117,2184, 11.64, 0
1789364801.309240960,2177, 31.65, 96
1789364803.358044840,2177, 36.78, 96
1789364805.407859003,2177, 40.14, 96
1789364807.439409413,2177, 35.23, 96
1789364809.488722950,2184, 11.69, 0
1789364811.522015783,2184, 20.01, 96
1789364813.565140168,2177, 37.86, 96
1789364815.598273030,2177, 37.07, 96
1789364817.641975618,2177, 37.25, 96
1789364819.700445583,2184, 11.75, 25
1789364821.730354898,2184, 13.90, 96
1789364823.760230340,2184, 38.26, 96
1789364825.808954378,2177, 38.28, 96
1789364827.876703844,2177, 38.73, 96
1789364829.911223795,2184, 34.17, 96
1789364831.944224836,2184, 14.29, 96
1789364833.977094869,2177, 35.33, 96
1789364836.028862858,2184, 37.94, 96
1789364838.067420630,2177, 39.00, 96
1789364840.110530002,2184, 38.60, 96
1789364842.151963394,2184, 11.78, 0
1789364844.185793880,2184, 13.92, 96
1789364846.216634598,2177, 38.29, 96
1789364848.265191723,2177, 36.42, 96
1789364850.318383328,2177, 38.56, 96
1789364852.370300024,2177, 38.23, 96
1789364854.450299319,2184, 13.80, 0
1789364856.481839595,2184, 28.99, 96
1789364858.530600552,2177, 37.35, 96
1789364860.624398936,2177, 38.05, 96
1789364862.664910235,2177, 39.94, 96
1789364864.709856112,2177, 28.32, 96
1789364866.737746680,2184, 14.46, 96
1789364868.766611851,2184, 37.58, 96
1789364870.812278264,2177, 37.92, 96
1789364872.860362541,2177, 41.63, 96
1789364874.930956042,2177, 39.04, 96
1789364876.976516932,2177, 22.28, 0
1789364879.009340500,2184, 15.08, 96
1789364881.040333592,2177, 39.16, 96
1789364883.098940676,2177, 38.76, 96
1789364885.166006421,2177, 40.81, 96
1789364887.213339330,2177, 39.83, 96
1789364889.245501533,2184, 19.19, 0
1789364891.275204942,2184, 15.31, 96
1789364893.308927809,2177, 38.26, 96
1789364895.369134768,2177, 39.17, 96
1789364897.440426187,2177, 41.43, 96
1789364899.475823589,2177, 42.11, 96
1789364901.510602911,2184, 16.33, 96
1789364903.539322875,2184, 15.13, 96
1789364905.567969749,2177, 37.88, 96
1789364907.621172722,2177, 39.80, 96
1789364909.670166826,2171, 39.75, 96
1789364911.731165228,2177, 36.53, 96
1789364913.776991035,2184, 25.48, 82
1789364915.821783629,2184, 25.45, 92
1789364917.871871564,2184, 25.64, 90
1789364919.923502614,2184, 25.48, 82
1789364921.977422055,2184, 25.17, 93
1789364924.029794827,2184, 25.55, 89
1789364926.076508544,2184, 25.61, 92
1789364928.133470083,2184, 25.22, 92
1789364930.192478047,2184, 25.71, 80
1789364932.239614638,2184, 25.47, 91
1789364934.290977631,2184, 25.37, 79
1789364936.338771130,2184, 25.39, 84
1789364938.393222879,2184, 25.52, 93
1789364940.442034820,2184, 25.94, 90
1789364942.494452076,2184, 24.04, 94
1789364944.550309064,2184, 25.87, 90
1789364946.628269486,2184, 25.38, 88
1789364948.675720690,2184, 25.66, 90
1789364950.728346773,2184, 25.38, 92
1789364952.775084409,2184, 25.67, 91
1789364954.830274417,2184, 25.58, 84
1789364956.878853357,2184, 25.53, 94
1789364958.928264484,2184, 25.14, 78
1789364960.974334261,2184, 25.63, 91
1789364963.028927562,2184, 25.70, 93
1789364965.078461150,2184, 25.60, 92
1789364967.130494777,2184, 25.60, 91
1789364969.176005062,2184, 25.45, 93
1789364971.227824463,2184, 25.09, 89
1789364973.280693988,2184, 26.00, 90
1789364975.336661997,2184, 26.18, 89
1789364977.395134221,2184, 26.00, 88
1789364979.444859384,2184, 25.53, 92
1789364981.499205923,2184, 25.72, 94
1789364983.548137469,2184, 25.82, 94
1789364985.604380400,2184, 26.26, 94
1789364987.655524897,2184, 25.92, 90
1789364989.705445397,2184, 26.29, 88
1789364991.754074060,2184, 25.66, 93
1789364993.808093617,2184, 25.79, 93
1789364995.860164763,2184, 25.58, 93
1789364997.917961457,2184, 25.75, 89
1789364999.969934489,2184, 25.88, 91
1789365002.021097858,2184, 26.19, 89
1789365004.077267434,2184, 26.14, 79
1789365006.131442120,2184, 26.41, 92
1789365008.178486138,2184, 25.88, 90
1789365010.227751477,2184, 25.71, 89
1789365012.280053269,2184, 26.01, 90
1789365014.334246190,2184, 26.16, 82
1789365016.387462985,2184, 26.51, 90
1789365018.433948103,2184, 26.27, 92
1789365020.488054157,2184, 25.92, 91
1789365022.537535712,2184, 26.03, 93
1789365024.595214377,2184, 25.75, 89
1789365026.657496242,2184, 26.14, 91
1789365028.717681968,2184, 26.07, 88
1789365030.771668544,2184, 25.48, 81
1789365032.817423738,2184, 25.96, 93
1789365034.870178652,2184, 25.92, 93
1789365036.922296480,2184, 26.20, 92
1789365038.965347807,2184, 25.94, 93
1789365041.016964673,2184, 25.73, 93
1789365043.067658774,2184, 25.90, 93
1789365045.120461747,2184, 25.25, 93
1789365047.174452283,2184, 25.75, 92
1789365049.228882097,2184, 25.78, 90
1789365051.275427150,2184, 25.63, 93
1789365053.329646211,2184, 26.08, 92
1789365055.381170478,2184, 25.70, 91
1789365057.435225377,2184, 26.01, 91
1789365059.484409394,2184, 26.00, 90
1789365061.543574451,2184, 26.35, 94
1789365063.593653599,2184, 25.95, 92
1789365065.648299084,2184, 25.74, 91
1789365067.703682229,2184, 26.17, 90
1789365069.754608796,2184, 26.33, 92
1789365071.803751799,2184, 26.22, 93
1789365073.858212336,2184, 25.54, 91
1789365075.910250960,2184, 26.12, 93
1789365077.963749211,2184, 26.34, 93
1789365080.023329105,2184, 26.34, 91
1789365082.076804553,2184, 26.32, 90
1789365084.136007599,2184, 25.90, 93
1789365086.187053853,2184, 25.90, 90
1789365088.238258474,2184, 26.43, 89
1789365090.290859777,2184, 26.62, 93
1789365092.342650346,2184, 26.48, 89
1789365094.391948730,2184, 25.99, 90
1789365096.445684159,2184, 26.50, 93
1789365098.498536200,2184, 26.34, 93
1789365100.542576304,2184, 26.63, 93
1789365102.589765047,2184, 25.99, 91
1789365104.680555109,2184, 25.94, 93
1789365106.728675619,2184, 25.97, 93
1789365108.779327334,2184, 25.93, 92
1789365110.834383608,2184, 26.27, 94
1789365112.892332764,2184, 26.50, 90
1789365114.937189923,2184, 26.04, 92
1789365116.989739676,2184, 26.15, 89
1789365119.038079220,2184, 26.18, 93
1789365121.089550905,2184, 26.10, 92
1789365123.146568590,2184, 26.24, 93
1789365125.206125464,2184, 26.23, 90
1789365127.256480766,2184, 26.17, 84
1789365129.310690184,2184, 26.06, 89
1789365131.366139896,2184, 26.04, 84
1789365133.417849469,2184, 26.18, 84
1789365135.470482875,2184, 26.28, 91
1789365137.521510273,2184, 26.07, 91
1789365139.572615099,2184, 25.61, 89
1789365141.624093395,2184, 26.19, 90
1789365143.677659029,2184, 25.85, 90
1789365145.731842418,2184, 26.27, 93
1789365147.778657263,2184, 26.42, 92
1789365149.831598850,2184, 25.97, 91
1789365151.886239346,2184, 26.24, 93
1789365153.938285925,2184, 26.16, 93
1789365155.988327859,2184, 26.43, 93
1789365158.035180858,2184, 26.05, 90
1789365160.089299529,2184, 26.05, 94
1789365162.135206142,2184, 25.94, 93
1789365164.192998882,2184, 26.36, 92
1789365166.249829635,2184, 26.04, 90
1789365168.306851778,2184, 26.17, 93
1789365170.356925702,2184, 26.12, 90
1789365172.403075289,2184, 26.31, 93
1789365174.457351082,2184, 26.60, 92
1789365176.514134091,2184, 25.82, 92
1789365178.565210161,2184, 25.62, 88
1789365180.665009964,2184, 25.76, 93
1789365182.723883267,2184, 25.85, 91
1789365184.772035641,2184, 25.95, 92
1789365186.829684907,2184, 25.69, 93
1789365188.876698330,2184, 26.28, 90
1789365190.933653025,2184, 26.15, 91
1789365192.983163549,2184, 25.92, 86
1789365195.038672449,2184, 25.96, 91
1789365197.087868043,2184, 25.49, 84
1789365199.140416299,2184, 26.14, 93
1789365201.189730141,2184, 26.32, 90
1789365203.246349878,2184, 26.20, 92
1789365205.295272084,2184, 26.32, 92
1789365207.348474908,2184, 25.89, 92
1789365209.398315432,2184, 26.00, 93
1789365211.450794175,2184, 26.35, 93
1789365213.500605808,2184, 26.20, 93
1789365215.549023196,2184, 25.92, 93
1789365217.594293574,2184, 25.99, 87
1789365219.649011598,2184, 25.80, 92
1789365221.711014348,2184, 24.89, 92
1789365223.752954586,2184, 25.77, 90
1789365225.807143573,2184, 26.05, 84
1789365227.857278664,2184, 25.83, 91
1789365229.908957138,2184, 26.27, 90
1789365231.959444339,2184, 26.48, 92
1789365234.011622329,2184, 26.63, 89
1789365236.064652575,2177, 26.39, 81
1789365238.108109576,2177, 26.53, 89
1789365240.167818867,2177, 26.30, 92
1789365242.216897308,2177, 26.28, 89
1789365244.272941744,2177, 26.31, 93
1789365246.327879591,2177, 26.31, 93
1789365248.380110787,2177, 26.64, 93
1789365250.426928338,2177, 26.09, 94
1789365252.472456006,2177, 26.42, 94
1789365254.524679302,2177, 26.28, 89
1789365256.571672485,2184, 25.28, 90
1789365258.649513161,2184, 25.90, 91
1789365260.697798023,2177, 25.90, 93
1789365262.771621043,2177, 26.10, 90
1789365264.813572545,2177, 26.07, 93
1789365266.863797929,2184, 25.13, 88
1789365268.905518962,2177, 25.81, 92
1789365270.957547056,2177, 25.65, 91
1789365273.000589988,2177, 25.64, 94
1789365275.052691882,2177, 26.32, 92
1789365277.121817806,2184, 25.15, 89
1789365279.173900365,2184, 25.80, 90
1789365281.227055876,2177, 24.94, 93
1789365283.305274052,2177, 25.61, 91
1789365285.359552103,2177, 25.91, 93
1789365287.413566032,2184, 26.34, 85
1789365289.471205413,2177, 26.24, 91
1789365291.522984650,2171, 30.33, 96
